refit_date,omega,alpha,gamma,beta,nu,loglik,aic,bic,n_obs
2016-07-01,-0.022514710764518244,0.08783404307811143,-0.3269952589366442,0.9239032223685975,11.420683426660716,-477.15501704468994,966.3100340893799,989.8875689497193,376
2016-08-01,-0.03273014068058062,0.0773354859361692,-0.3389874054076289,0.9165176114857658,10.756243375878396,-491.8050696367977,995.6101392735955,1019.4986245411224,396
2016-09-01,-0.03078844788910546,0.12189818351399385,-0.31698250841741776,0.9297442230444658,9.687744376692507,-503.7729522094378,1019.5459044188756,1043.7731299384084,419
2016-10-01,-0.030624081880214923,0.10808117824193235,-0.3190920525124722,0.9285421201664399,8.393879893444035,-531.283525022387,1074.567050044774,1099.087698406248,440
2016-11-01,-0.03299850734496531,0.1384434816815674,-0.3044072489935922,0.9281769795732887,7.715136642611761,-547.9193530623761,1107.8387061247522,1132.639094382732,461
2016-12-01,-0.03639378841905865,0.12648686830419636,-0.3100194456059737,0.9296912141410413,7.963695950726242,-565.2123883743798,1142.4247767487595,1167.492441433063,482
2017-01-01,-0.036013822946065505,0.13172695938060452,-0.2723763052719453,0.9291852137154576,7.992637526376396,-583.4380065133873,1178.8760130267747,1204.199554047373,503
2017-02-01,-0.034227242484507654,0.1325064978314023,-0.2593069833744334,0.9378695672656412,7.871380702486697,-595.2533720875415,1202.506744175083,1228.0642329594725,523
2017-03-01,-0.02390834694101882,-0.049314345646932316,-0.22219312700299976,0.9905390026894797,7.220438849054899,-598.986623349457,1209.973246698914,1235.744842707552,542
2017-04-01,-0.033158621222457094,0.12232485870949912,-0.23387649325623525,0.9451444383877353,7.13639281498424,-622.1846797032053,1256.3693594064107,1282.3903137932894,565
2017-05-01,-0.02546736140429622,-0.08794388798088816,-0.21054647048570188,0.989910202224781,7.356884119337062,-630.9404191555313,1273.8808383110627,1300.100244208032,584
2017-06-01,-0.022458471812385805,-0.08163145509609461,-0.18162514505650104,0.9905766340394649,5.299433824693966,-641.8904338310228,1295.7808676620457,1322.2221475784615,606
2017-07-01,-0.02631213837095404,0.10781243980056011,-0.21075719655043337,0.9604444751737643,6.1488096962882635,-661.2248250739141,1334.4496501478282,1361.1048911466373,628
2017-09-01,-0.011865707415058803,-0.08625946988810192,-0.2330493997691885,0.9814168723662889,3.9993161020691823,-680.3320549028572,1372.6641098057144,1399.7167246275444,671
2017-10-01,-0.025375276772339302,0.1474289429580742,-0.20922097089057334,0.9646822581373359,5.117523170166938,-693.4210719244475,1398.842143848895,1426.070982791501,691
2017-11-01,-0.029295594420485013,0.14778612481243703,-0.21256493490727218,0.9616555655779011,5.253356417295772,-699.4155614269325,1410.831122853865,1438.2480113763509,713
2017-12-01,-0.02830883503877033,0.1387193078769274,-0.20941505718291512,0.9646420801376521,5.211562017962671,-709.467861341634,1430.935722683268,1458.5267768549552,734
2018-01-01,-0.02859174280940924,0.13560246268083279,-0.20761627592396412,0.9645775587440999,5.3495452963316055,-716.8261137035336,1445.6522274070671,1473.404581615115,754
2018-02-01,-0.03836578462619304,0.22281218973763417,-0.19773940346364072,0.9456837228595804,5.525047203612268,-741.7984383864098,1495.5968767728195,1523.5140549489397,775
2018-03-01,-0.036135673538335814,0.2442659923888379,-0.21441557232729827,0.9411263251270883,5.304021843387155,-781.4633159474122,1574.9266318948244,1602.9891326623072,794
2018-04-01,-0.03476917736355965,0.24322780477681075,-0.2219596893831185,0.9404734555901019,5.277681744133769,-815.4323081413813,1642.8646162827627,1671.083744962208,815
2018-05-01,-0.035029822256067544,0.2387306241703287,-0.21918485781568844,0.9416110015975113,5.440905409801823,-846.2390126528335,1704.478025305667,1732.849796984175,836
2018-06-01,-0.03705262642335438,0.23541905861770843,-0.22254021227341034,0.9403316993378746,5.602953526094095,-867.7129978008361,1747.4259956016722,1775.9536201986,858
2018-07-01,-0.03872479228346176,0.23197272521079187,-0.22604915349831248,0.9395232335155209,5.568392071967377,-883.3069655365146,1778.613931073029,1807.2866404591402,879
2018-08-01,-0.040099827775781464,0.22855931276081154,-0.22229901826524698,0.9398977644328556,5.805401727787057,-901.1260266686286,1814.2520533372572,1843.0664219172031,900
2018-09-01,-0.04230421071215309,0.2237631130430988,-0.22081870912879595,0.9405411067871926,5.9414101007188105,-915.8171926084539,1843.6343852169077,1872.600160623925,923
2018-10-01,-0.04139771520338721,0.22220300647992783,-0.2171173917928866,0.9424246865359047,5.922022586142684,-924.2686345529667,1860.5372691059333,1889.6253007533915,942
2018-11-01,-0.03846169635864359,0.22030198127862732,-0.22677666732942092,0.9413341354958631,5.545405801565458,-964.2678422751694,1940.5356845503388,1969.7684531583727,965
2018-12-01,-0.035008914608552745,0.214829809600656,-0.22129686617567765,0.9450798699217126,5.571541745838177,-998.9177932971526,2009.8355865943051,2039.197524721921,986
2019-01-01,-0.02805574862361094,0.21263019030629537,-0.21323335620230321,0.9506200488021055,5.374335155800816,-1040.7544195450164,2093.508839090033,2122.985296012992,1005
2019-02-01,-0.02498390696157274,0.2065221808577998,-0.20417814820003918,0.954921527869796,5.434181046765385,-1073.154020412168,2158.308040824336,2187.90857897872,1026
2019-03-01,-0.025969290151182378,0.2019450115254856,-0.20705448430985499,0.9551574196963749,5.414921948673582,-1086.5317546107697,2185.0635092215393,2214.774142207933,1045
2019-04-01,-0.024729697505668103,0.1992491360115968,-0.20310004562151748,0.9554262902268411,5.346446780687531,-1111.3340929737535,2234.668185947507,2264.498197575862,1066
2019-05-01,-0.026411877722113484,0.19728203173187447,-0.204527011360799,0.9562173798873865,5.302172011539774,-1121.4438131954093,2254.8876263908187,2284.834687713546,1087
2019-06-01,-0.025171452135899056,0.1946143008613418,-0.2072418821568502,0.9540351468426135,5.260329307525859,-1155.702747441841,2323.405494883682,2353.4727788077844,1109
2019-07-01,-0.026692068386376517,0.1896030785328392,-0.20716039826135882,0.9544115582340695,5.270312990158159,-1175.6679316943776,2363.335863388755,2393.510388773653,1129
2019-08-01,-0.027837631233845164,0.1877196645815346,-0.2067854680660181,0.9539333115515072,5.455694857073919,-1193.4704766517357,2398.9409533034714,2429.2312717558025,1151
2019-09-01,-0.02673357768694695,0.19172435502067445,-0.21165796549425156,0.9533579214320117,5.434584386999887,-1235.057638705307,2482.115277410614,2512.5191965025347,1173
2019-10-01,-0.029534505592262977,0.19640048021562673,-0.21864400360341282,0.9499044310091945,5.476643767677499,-1250.2189122843574,2512.437824568715,2542.9431831013026,1193
2019-11-01,-0.03236854975927798,0.19886081923510585,-0.22555427369382075,0.9474839968820982,5.57535638459232,-1275.4741556487106,2562.9483112974212,2593.568243672578,1216
2019-12-01,-0.03413169252515913,0.1975009586078723,-0.2275966331307035,0.9473235159146609,5.626017990937852,-1283.7197472853918,2579.4394945707836,2610.1573083988897,1236
2020-01-01,-0.0359467868537339,0.19538584178031476,-0.227893130103785,0.9467759255807474,5.713296509843672,-1297.9120585820738,2607.8241171641475,2638.643016415689,1257
2020-02-01,-0.03662911216540758,0.2010701992260249,-0.23281086917465899,0.9434276704437938,5.754755711283843,-1322.559670725753,2657.119341451506,2688.037651261131,1278
2020-03-01,-0.03639118576099383,0.20790710738398907,-0.24404625112134232,0.9409183849472484,5.640041785309186,-1353.8796102414599,2719.7592204829198,2750.7660755888182,1297
2020-04-01,-0.02777315193251311,0.2294102881329923,-0.2449617102052528,0.9482219394737713,5.7210814034853446,-1428.4793748794823,2868.9587497589646,2900.0665246752683,1319
2020-05-01,-0.020726061895902113,0.23390968997525763,-0.22691201166183297,0.9570743913827318,5.803263669822952,-1479.2380850076042,2970.4761700152085,3001.6787193728783,1340
2020-06-01,-0.019551743443697815,0.23258317553164384,-0.22311084331883477,0.9591036730651649,5.8686262650263314,-1515.3362052804941,3042.6724105609883,3073.963850433369,1360
2020-07-01,-0.010854761136608973,0.23907230307960892,-0.19522299750123492,0.9648751826709072,5.319464372814201,-1565.298850171183,3142.597700342366,3173.9854223683315,1382
2020-08-01,-0.012394496610317095,0.23710764836233283,-0.19412056874252362,0.9645019580141835,5.436243856609588,-1594.0918069576264,3200.183613915253,3231.6660974227675,1404
2020-09-01,-0.013085643865314932,0.23557754934066788,-0.19068348255393958,0.964776547510101,5.506440264868906,-1613.0808477738021,3238.1616955476043,3269.733258103821,1425
2020-10-01,-0.008651372745009102,0.25797336333387466,-0.1777714704048046,0.9634319922462635,5.225220238328072,-1660.1272128450287,3332.2544256900574,3363.9137641063694,1446
2020-11-01,-0.007450649504836031,0.25323347785674266,-0.1769681334336437,0.9647556676255975,5.219789614594669,-1697.5555507748238,3407.1111015496476,3438.8610388046945,1468
2020-12-01,-0.008194678382431406,0.2532885253022971,-0.17632806657408207,0.9649570062771132,5.334947787681099,-1727.54318645183,3467.08637290366,3498.917502196018,1488
2021-01-01,-0.009367331812996623,0.2511502989470393,-0.17665814175056505,0.9651168001511399,5.361153943240584,-1745.6459516574944,3503.2919033149888,3535.2110928938428,1510
2021-02-01,-0.007298623713882712,0.2535117527880634,-0.17849797893151656,0.9644779582182021,5.276096671236842,-1775.3088396570272,3562.6176793140544,3594.6118945496287,1529
2021-03-01,-0.00745500384117467,0.25065496181056257,-0.1803459310385537,0.9640730396280845,5.1938033306127664,-1798.8942735606656,3609.7885471213312,3641.8568614462292,1548
2021-04-01,-0.008474142040814136,0.2516120121885344,-0.18271887983321822,0.9632039005843919,5.256264370033896,-1831.0120932162145,3674.024186432429,3706.1809922619627,1571
2021-05-01,-0.009050463120449426,0.2511315299109419,-0.18120526234764867,0.9631315237723745,5.373099776221659,-1853.2477520854472,3718.4955041708945,3750.7319823693206,1592
2021-06-01,-0.009702663521798641,0.25535870314308584,-0.18289474223120766,0.9616972101679523,5.429837131287867,-1878.5287087851775,3769.057417570355,3801.3688031087545,1612
2021-07-01,-0.0104225483984813,0.258925066564212,-0.18615889238781985,0.9607931994954123,5.381420490733023,-1894.2434049275066,3800.4868098550132,3832.879527507533,1634
2021-08-01,-0.011017213778511134,0.2588667486762082,-0.18774131434572638,0.9596827522170751,5.489494892418704,-1917.0777482795288,3846.1554965590576,3878.6248342859244,1655
2021-09-01,-0.011865259632541184,0.25793951321560293,-0.1881493007243836,0.9595810901767989,5.513305199497732,-1934.5000075685625,3881.000015137125,3913.5485857080644,1677
2021-10-01,-0.011394200724685841,0.2566827356070486,-0.19042163623884045,0.9592191045529599,5.5478876711830285,-1959.130190286345,3930.26038057269,3962.8836187739175,1698
2021-11-01,-0.013125968190934591,0.25566651060346707,-0.1916901980993333,0.9588040455755169,5.588769138686232,-1981.0258568644106,3974.051713728821,4006.7487017611184,1719
2021-12-01,-0.012087629322077117,0.25874100809663675,-0.1942196561921415,0.9581194074485666,5.463161785885087,-2001.5408559220987,4015.0817118441973,4047.851554197449,1740
2022-01-01,-0.013358456488518529,0.259064999828245,-0.19606728239446836,0.9572391179423411,5.572464273368247,-2033.5473138290843,4079.0946276581685,4111.939856497145,1762
2022-02-01,-0.012253450326715274,0.25195607141089493,-0.19462419802096714,0.9586631046140791,5.56101339461122,-2067.0971638455026,4146.194327691005,4179.10727733919,1782
2022-03-01,-0.011443564469123967,0.24909325853099634,-0.19211787922445778,0.9600326237026493,5.613037340736804,-2102.8135437497303,4217.627087499461,4250.603671570517,1801
2022-04-01,-0.01089380743145076,0.2470234431863455,-0.18951021555659459,0.9615510594757695,5.74405436620412,-2145.103666937915,4302.20733387583,4335.260056899636,1824
2022-05-01,-0.00987756818552458,0.24611156989387914,-0.1904655963755461,0.9622692098100585,5.7905779064660905,-2183.547843083578,4379.095686167156,4412.213840591855,1844
2022-06-01,-0.008978954349362044,0.240864506769564,-0.18721136249687065,0.9643272298121784,5.779745614833034,-2229.66764596787,4471.33529193574,4504.521389928208,1865
2022-07-01,-0.008351737266058907,0.24010784086950157,-0.18653572418133413,0.9651322131962218,5.854630925055852,-2274.2526754365954,4560.505350873191,4593.758631652351,1886
2022-08-01,-0.008073552415587213,0.2412284928766595,-0.18535571074601168,0.9654573820123418,5.931739593373437,-2308.360147373928,4628.720294747856,4662.036867253141,1906
2022-09-01,-0.006673898355661324,0.24102656470118825,-0.18494329852208785,0.965851553841763,5.837586245685791,-2346.588278283545,4705.17655656709,4738.565098644524,1929
2022-10-01,-0.00590284839649701,0.23495533171826874,-0.18041624902897527,0.9674297276719503,5.7582522878794205,-2388.3165999396683,4788.633199879337,4822.086707788683,1950
2022-11-01,-0.005789923752577243,0.23248301417212053,-0.18013585397782197,0.9683213699852682,5.851859028489331,-2430.7832655458233,4873.5665310916465,4907.084308934563,1971
2022-12-01,-0.004872794943943486,0.2293161437547377,-0.18134122259830526,0.9691140371098471,5.760449557443982,-2471.004332903606,4954.008665807212,4987.590032436079,1992
2023-01-01,-0.004925040635138147,0.22689218331946162,-0.18033342407497246,0.969279366159217,5.795867993798903,-2505.5978371182237,5023.195674236447,5056.839962790286,2013
2023-02-01,-0.005061908025649557,0.22509430283330475,-0.18031547898143643,0.9694921818632113,5.851385113344288,-2535.7254832441804,5083.450966488361,5117.1545733701305,2033
2023-03-01,-0.0048036598608453725,0.22664765719336682,-0.1774665947833761,0.9695805030496978,5.9280913727651114,-2564.5217281375553,5141.043456275111,5174.802877512855,2052
2023-04-01,-0.004918973951823601,0.22356763273385252,-0.1763416594978888,0.9700846504512564,6.013723931213648,-2601.891710965231,5215.783421930462,5249.609720526451,2075
2023-05-01,-0.004992474686621905,0.2233332351515782,-0.17995385289112217,0.9694083045230342,5.949264392789096,-2622.122016125874,5256.244032251748,5290.125020600331,2094
2023-06-01,-0.005255270909583749,0.22157177032844452,-0.18046553845707805,0.9692182044418696,6.015218970219002,-2648.6328763034094,5309.265752606819,5343.209449364688,2116
2023-07-01,-0.005507375463002899,0.22065725665152242,-0.1787972988279012,0.9692863078377872,6.101472113647392,-2671.7792743016976,5355.558548603395,5389.56149813531,2137
2023-08-01,-0.00600645623715641,0.21803593700334536,-0.1783046140810233,0.9695192375448508,6.147320111938315,-2687.448879622954,5386.897759245908,5420.956601124242,2157
2023-09-01,-0.005908623943649051,0.21579573571726818,-0.17708161023393046,0.9695347045598386,6.18072066291544,-2716.224612792994,5444.449225585988,5478.571706520686,2180
2023-10-01,-0.005833130863870448,0.21415252368610938,-0.17603143620789993,0.9695160132252489,6.203607587692036,-2739.720592726583,5491.441185453166,5525.618461289245,2200
2023-11-01,-0.006075068998903916,0.2129289977681837,-0.17523138105541616,0.9694453232278877,6.284022826838463,-2769.4420778481262,5550.8841556962525,5585.12113351745,2222
2023-12-01,-0.006821354942237123,0.21218164139104026,-0.17884961792273857,0.9694333211740032,6.240958376384512,-2789.661070833594,5591.322141667188,5625.615558874309,2243
2024-01-01,-0.006433021024553348,0.21262720506069138,-0.17327492044488454,0.969469291246358,6.225017533459198,-2810.1962175099093,5632.392435019819,5666.739114893619,2263
2024-02-01,-0.006149425344740368,0.2118715004621394,-0.17368942650483868,0.9691751517335591,6.192179468522091,-2832.8128362193374,5677.625672438675,5712.02777386333,2284
2024-03-01,-0.006393833076230057,0.21109012821858378,-0.1748060017680891,0.9691467007603419,6.1729637968286415,-2855.529043701587,5723.058087403174,5757.512499534068,2304
2024-04-01,-0.006773355951403291,0.2097670558062686,-0.17473040290801498,0.9691952523672549,6.238742726261439,-2874.6934610938943,5761.3869221877885,5795.893192895619,2324
2024-05-01,-0.006478901714255727,0.20834829134328398,-0.17478711395696594,0.9688920516436286,6.304505990187443,-2904.213201554264,5820.426403108528,5854.989205283809,2346
2024-06-01,-0.007070413260270016,0.20788833171383664,-0.17602407511405474,0.9685587410202913,6.339420120850384,-2924.4806498416037,5860.9612996832075,5895.580105659231,2368
2024-07-01,-0.007548926285187013,0.20585448340801582,-0.1762113899254881,0.9691525448655897,6.31495323936896,-2934.6686667014174,5881.337333402835,5916.004089160868,2387
2024-08-01,-0.0069420381571017025,0.2126281682861432,-0.1745544787978446,0.9673332122638741,6.319390727409433,-2965.925555036527,5943.851110073054,5978.572912088743,2409
2024-09-01,-0.007387158589898995,0.21433306176570702,-0.1767785819360405,0.9665878499298906,6.382617173569145,-2998.8041472052537,6009.608294410507,6044.384642256404,2431
2024-10-01,-0.007518433703942891,0.21252455581998472,-0.1771063052979136,0.9668450843360922,6.301809059749208,-3022.493812922156,6056.987625844312,6091.813134145481,2451
2024-11-01,-0.00716251796714307,0.2090089425992931,-0.17671791809028387,0.9670977688897798,6.277431736616513,-3047.304647498522,6106.609294997044,6141.490844314759,2474
2024-12-01,-0.007579377087784184,0.20736379324826545,-0.17698688968398352,0.9673726926843732,6.241220078768322,-3068.4881723891986,6148.976344778397,6183.9062035358365,2494
2025-01-01,-0.007082126025096992,0.20503981571840366,-0.17752447780617606,0.9674616009790509,6.11703967525895,-3093.907726906022,6199.815453812044,6234.795622307247,2515
2025-02-01,-0.007328691651639619,0.20285633468613756,-0.17656987408001615,0.9677201300828892,6.154701678655698,-3120.33847385016,6252.67694770032,6287.704641196472,2535
2025-03-01,-0.007326464199574527,0.2015025250265876,-0.17694621896895824,0.967670118038882,6.151148816242165,-3143.484654013093,6298.969308026186,6334.04180424574,2554
2025-04-01,-0.007296423817514868,0.2010070646530721,-0.17717504784897736,0.9674986523636342,6.214228416524525,-3180.8206440257936,6373.641288051587,6408.7629169301745,2575
2025-05-01,-0.006417209049674729,0.20618827917071555,-0.18283431471642078,0.9664203151990448,6.01062837265685,-3233.467455615123,6478.934911230246,6514.10527369719,2596
2025-06-01,-0.006174095489598252,0.2026385493849386,-0.1832250460910919,0.9669539376572074,5.922465058954776,-3263.4655287526457,6538.931057505291,6574.1497609204725,2617
2025-07-01,-0.00681248830383021,0.20162769331698266,-0.18306997219856577,0.9670083529837619,5.968647972065878,-3283.860511162159,6579.721022324318,6614.985405442438,2637
2025-08-01,-0.007121673201355631,0.20048918744290223,-0.18266653720589396,0.967467701877628,5.984012286128776,-3296.481840486999,6604.963680973998,6640.277913321456,2659
2025-09-01,-0.007184676029069574,0.19902844220222807,-0.1845761462398817,0.9670332679307075,5.964581322846542,-3320.17974740501,6652.35949481002,6687.720927251049,2680
2025-10-01,-0.00783480485945161,0.19821929939078578,-0.18373581539859915,0.9673979997123365,6.003616882449197,-3334.7045609600345,6681.409121920069,6716.817386042825,2701
2025-11-01,-0.007548795769275704,0.1947817324143561,-0.18327812555505527,0.9677269471107386,5.862384332062968,-3362.6193075245974,6737.238615049195,6772.697755052811,2724
2025-12-01,-0.007485422608380931,0.19311181374719638,-0.1834325121832806,0.9677599156953764,5.892217348173811,-3389.8632094847517,6791.726418969503,6827.227263915129,2743
2026-01-01,-0.007916286392099714,0.19346188733275177,-0.18392041746397195,0.9674278669245486,5.889642340048656,-3409.1303699708888,6830.2607399417775,6865.809515425516,2765
2026-02-01,-0.007965080145855044,0.19132446724441693,-0.18332335372805553,0.9678594625214422,5.80956072070758,-3427.4337984448293,6866.867596889659,6902.459615803827,2785
2026-03-01,-0.008005461135450372,0.19041271077545469,-0.18353755412383937,0.9677092191475297,5.850810719116656,-3451.597928914252,6915.195857828504,6950.828671317431,2804
2026-04-01,-0.007833958689541166,0.18896603620751595,-0.18381048756856425,0.9677223953666143,5.908314359537337,-3485.806325973029,6983.612651946058,7019.292357325525,2826
2026-05-01,-0.008046399313346806,0.1868121319946367,-0.1814674736244095,0.9684849173977986,5.934985780039804,-3511.7657328301175,7035.531465660235,7071.255592183903,2847
2026-06-01,-0.008143953433557265,0.18768122021290476,-0.1785814920982836,0.9687147896289365,5.960742403924289,-3532.215844443917,7076.431688887834,7112.197817683134,2867
2026-07-01,-0.007513119096707479,0.1880428985520921,-0.17916176541817022,0.9684014675413067,5.895922337883239,-3566.044245566001,7144.088491132002,7179.898408132078,2888
