refit_date,omega,alpha,beta,persistence,loglik,aic,bic,n_obs
2016-07-01,0.09729828723633764,0.20062205385618576,0.7024425654699357,0.9030646193261214,-496.79042321621756,1001.5808464324351,1017.2992030059947,376
2016-08-01,0.09763907542575487,0.22046414827557423,0.6761157439753542,0.8965798922509285,-513.8742775129354,1035.7485550258707,1051.6742118708887,396
2016-09-01,0.06742428049485139,0.22528991614539914,0.7049705632508503,0.9302604793962495,-526.7516883605573,1061.5033767211146,1077.654860400803,419
2016-10-01,0.09587318409603991,0.2077823656595702,0.6828827348061157,0.8906651004656859,-557.1539302626478,1122.3078605252956,1138.654959432945,440
2016-11-01,0.08532921872751596,0.20660473715207636,0.6915415844001446,0.898146321552221,-572.5788920106049,1153.1577840212099,1169.6913761931964,461
2016-12-01,0.0915456756594488,0.20440389338610507,0.6831225917597585,0.8875264851458636,-595.0186173097163,1198.0372346194326,1214.749011075635,482
2017-01-01,0.08605292775937533,0.200941983940861,0.6894971334879213,0.8904391174287822,-611.8095092017671,1231.6190184035343,1248.5013790839332,503
2017-02-01,0.07666326524279345,0.20155493883466064,0.6982484235228719,0.8998033623575326,-624.8261595591887,1257.6523191183774,1274.690644974637,523
2017-03-01,0.0667147531724322,0.20582405814848065,0.7055351485278587,0.9113592066763394,-634.5692831802199,1277.1385663604399,1294.3196303661985,542
2017-04-01,0.0677350782081897,0.1943961559159332,0.7102164245720479,0.9046125804879811,-654.5529534512161,1317.1059069024323,1334.453209827018,565
2017-05-01,0.06378466682069033,0.1952641567849489,0.7131404272786239,0.9084045840635728,-667.7017202279374,1343.4034404558747,1360.8830443871875,584
2017-06-01,0.06651935952614292,0.19901800953068494,0.7025555940163847,0.9015736035470696,-684.5666005223868,1377.1332010447736,1394.760720989051,606
2017-07-01,0.06257490771502582,0.19767578213607676,0.7077871589333189,0.9054629410693956,-699.3917267958876,1406.7834535917752,1424.553614257648,628
2017-09-01,0.05860451418905512,0.19315429933543202,0.7135109790758213,0.9066652784112533,-731.0763350478319,1470.1526700956638,1488.1877466435506,671
2017-10-01,0.05426960442646495,0.1948142015657994,0.7168864839771241,0.9117006855429235,-740.8600301622273,1489.7200603244546,1507.8726196195253,691
2017-11-01,0.04786744797106301,0.1956543475831502,0.7257783560657848,0.9214327036489349,-749.6676723324961,1507.3353446649921,1525.6132703466494,713
2017-12-01,0.04525554210214694,0.19475142009563692,0.7298099550727587,0.9245613751683956,-761.445472497827,1530.890944995654,1549.284981110112,734
2018-01-01,0.04311382111523492,0.1946510164838447,0.7312336049940229,0.9258846214778675,-771.1995819190768,1550.3991638381535,1568.9007333101854,754
2018-02-01,0.04279797436299807,0.1912126354408668,0.7345046750241137,0.9257173104649805,-789.4419811682114,1586.8839623364229,1605.4954144538362,775
2018-03-01,0.04729051382736715,0.22629801663380672,0.7059155332119565,0.9322135498457633,-832.3791284452742,1672.7582568905484,1691.466590735537,794
2018-04-01,0.04430918049248551,0.2192380419436927,0.7223126660126143,0.941550707956307,-869.5010624248124,1747.0021248496248,1765.8148773025882,815
2018-05-01,0.04385350794060425,0.2137948341985575,0.7266359123939223,0.9404307465924798,-899.7618308642506,1807.523661728501,1826.43817618084,836
2018-06-01,0.04427194013223226,0.21098800963339218,0.7275680266498176,0.9385560362832097,-921.8712599534471,1851.7425199068941,1870.760936304846,858
2018-07-01,0.04532149480270982,0.209980486820304,0.724608751254921,0.934589238075225,-939.4853225603335,1886.970645120667,1906.0857847114078,879
2018-08-01,0.045243942216586105,0.2098013795831411,0.7233830488251123,0.9331844284082533,-956.3061843063198,1920.6123686126396,1939.8219476659367,900
2018-09-01,0.044166980365385224,0.20834966210440697,0.7244189551925017,0.9327686172969086,-971.2046328729889,1950.4092657459778,1969.7197826839893,923
2018-10-01,0.04196815779126101,0.20657558691409356,0.7282133907053474,0.9347889776194409,-980.3227620480925,1968.645524096185,1988.0375451944903,942
2018-11-01,0.04513092950709394,0.20277441634550583,0.7343771438343834,0.9371515601798892,-1033.7723921742272,2075.5447843484544,2095.03329675381,965
2018-12-01,0.04268003947291719,0.19630221090030092,0.7456128898200504,0.9419151007203512,-1068.5904483948357,2145.1808967896714,2164.755522208082,986
2019-01-01,0.04091108841351672,0.20573880581431225,0.7466555997928246,0.9523944056071368,-1111.4302968359025,2230.860593671805,2250.5115649537775,1005
2019-02-01,0.04159326656400263,0.20512856982075534,0.7450611940577256,0.950189763878481,-1143.4832197736473,2294.9664395472946,2314.7001316502174,1026
2019-03-01,0.041244337944736996,0.2026323186236016,0.7457398418945063,0.9483721605181079,-1159.3001729014818,2326.6003458029636,2346.407434460559,1045
2019-04-01,0.042389120891162486,0.2035474192598724,0.7437936387998394,0.9473410580597118,-1183.7633976742181,2375.5267953484363,2395.4134697673394,1066
2019-05-01,0.04163780990938135,0.20488162683235153,0.7419961893594168,0.9468778161917684,-1196.3507428092958,2400.7014856185915,2420.6661931670765,1087
2019-06-01,0.04228167687337948,0.20286852150065118,0.7453575581352332,0.9482260796358843,-1231.690293418747,2471.380586837494,2491.4254427868955,1109
2019-07-01,0.04232363613952302,0.20095381983248226,0.7458863225398354,0.9468401423723177,-1253.1889597121503,2514.3779194243007,2534.4942696808994,1129
2019-08-01,0.04189427697632568,0.19895525351400623,0.7474156190817713,0.9463708725957776,-1270.79267055238,2549.58534110476,2569.7788867396475,1151
2019-09-01,0.04201620396623911,0.2076397599335316,0.7444046095785027,0.9520443695120343,-1315.5057715537914,2639.011543107583,2659.2808225021968,1173
2019-10-01,0.043082259494127625,0.21069641811850054,0.7383375495744731,0.9490339676929735,-1331.817139448298,2671.634278896596,2691.9711845849874,1193
2019-11-01,0.04447891228789402,0.21795122233644737,0.7300564901127335,0.9480077124491809,-1357.7510107836629,2723.5020215673258,2743.91530981743,1216
2019-12-01,0.04269301417271978,0.21794563478547213,0.7319443070679521,0.9498899418534242,-1367.8808507225863,2743.7617014451725,2764.240243997243,1236
2020-01-01,0.04203012550331261,0.21745934271212317,0.7323331931040237,0.9497925358161469,-1382.4225185786363,2772.8450371572726,2793.3909699916335,1257
2020-02-01,0.04275097017695256,0.21864739332530633,0.7313932155295283,0.9500406088548347,-1406.4672739948774,2820.9345479897547,2841.5467545295046,1278
2020-03-01,0.04550962501634447,0.2425370780212932,0.713430707977243,0.9559677859985362,-1443.7821121151699,2895.5642242303397,2916.2354609676054,1297
2020-04-01,0.04458627978018739,0.25537569939594934,0.7093334785528536,0.9647091779488028,-1515.0418039501906,3038.083607900381,3058.8221245112504,1319
2020-05-01,0.043847111791540376,0.2502257370181535,0.714013153055244,0.9642388900733976,-1563.4961775903905,3134.992355180781,3155.794054752561,1340
2020-06-01,0.04321737102375056,0.24726449825909344,0.7173913184182991,0.9646558166773925,-1599.2057403618116,3206.4114807236233,3227.2724406385437,1360
2020-07-01,0.039493649684101524,0.24629756949790765,0.7308144064047328,0.9771119759026405,-1653.6917541306993,3315.3835082613987,3336.3086562787093,1382
2020-08-01,0.039956843603234614,0.24405793485817154,0.7304432631630599,0.9745011980212314,-1681.782784884907,3371.565569769814,3392.553892108157,1404
2020-09-01,0.03990228171988621,0.24241394220475643,0.7307257786574712,0.9731397208622277,-1700.6374052476824,3409.274810495365,3430.322518866176,1425
2020-10-01,0.04155275668222692,0.25633994715321656,0.721005879479718,0.9773458266329345,-1744.5319745738177,3497.0639491476354,3518.1701747585103,1446
2020-11-01,0.04060973688751946,0.25418034355606833,0.7262406364156364,0.9804209799717047,-1784.3561585264815,3576.712317052963,3597.878941889661,1468
2020-12-01,0.04088728516666951,0.25209264126437864,0.7262668046234845,0.978359445887863,-1813.989827439767,3635.979654879534,3657.200407741106,1488
2021-01-01,0.04058008172312456,0.24959549722788382,0.7273875307212966,0.9769830279491805,-1833.0216950120334,3674.043390024067,3695.322849743303,1510
2021-02-01,0.040878970617020186,0.24244478337011438,0.7345428973724959,0.9769876807426103,-1865.5053140737687,3739.0106281475373,3760.3401049712534,1529
2021-03-01,0.04300029224296848,0.24987758822799827,0.7260878084791795,0.9759653967071777,-1891.0924145669464,3790.184829133893,3811.5637053504915,1548
2021-04-01,0.04296921363216108,0.24639305139495302,0.7280607869390887,0.9744538383340418,-1923.7325441053513,3855.4650882107026,3876.902958763725,1571
2021-05-01,0.042985476019432485,0.24552923555425893,0.7280873922437369,0.9736166277979958,-1945.436619218567,3898.873238437134,3920.3642239027513,1592
2021-06-01,0.04397568106999419,0.24973758757142656,0.7233364435063062,0.9730740310777328,-1970.4268282586197,3948.8536565172394,3970.394580209506,1612
2021-07-01,0.04478872267632763,0.2521218904375569,0.7195267840724217,0.9716486745099786,-1988.4980746275226,3984.996149255045,4006.591294356725,1634
2021-08-01,0.045302542136676754,0.25247252282249816,0.7182454784612642,0.9707180012837624,-2011.0437374488201,4030.0874748976403,4051.733700048885,1655
2021-09-01,0.045304553286345986,0.252884806531429,0.7170180378087762,0.9699028443402051,-2028.5558725728367,4065.1117451456735,4086.8107921929663,1677
2021-10-01,0.045152745853790845,0.25278601619656516,0.7180906264242043,0.9708766426207694,-2054.3262493566267,4116.652498713253,4138.401324180739,1698
2021-11-01,0.04518121383361602,0.2506142185427732,0.7185979502015487,0.9692121687443219,-2077.1573430994677,4162.314686198935,4184.1126782204665,1719
2021-12-01,0.04825370686188419,0.2439357910153152,0.7196453054360267,0.9635810964513418,-2103.832456113571,4215.664912227142,4237.511473795977,1740
2022-01-01,0.04851850469023501,0.2427991359304743,0.7193024821678443,0.9621016180983186,-2135.8929505791793,4279.785901158359,4301.682720384343,1762
2022-02-01,0.04686257840368147,0.23494726557453785,0.7294881807358877,0.9644354463104255,-2171.1505708529753,4350.301141705951,4372.243108138074,1782
2022-03-01,0.04615031277384082,0.23310086639868505,0.7324027850467141,0.9655036514453992,-2205.7423162362893,4419.484632472579,4441.469021853282,1801
2022-04-01,0.0455234321423362,0.23166924914720113,0.7348532953782554,0.9665225445254565,-2247.4976421281744,4502.995284256349,4525.030432938886,1824
2022-05-01,0.04499388056688107,0.2353068404437988,0.734806958404162,0.9701137988479608,-2285.494279089946,4578.988558179892,4601.067327796358,1844
2022-06-01,0.044154792036961044,0.23244443633930323,0.7384340142203479,0.9708784505596512,-2330.5904561021794,4669.180912204359,4691.304977532671,1865
2022-07-01,0.043752903085183655,0.23313391918838014,0.7392153103573452,0.9723492295457253,-2374.804249280931,4757.608498561862,4779.777352414635,1886
2022-08-01,0.043499979827345645,0.23283464229646833,0.7403003979861984,0.9731350402826667,-2408.738352473434,4825.476704946868,4847.687753283725,1906
2022-09-01,0.04261474613272975,0.22979620577331206,0.7448330926559581,0.9746292984292702,-2448.8205007094134,4905.641001418827,4927.90002947045,1929
2022-10-01,0.04153864199190991,0.228341682157767,0.7487833267854335,0.9771250089432004,-2491.7412156633573,4991.4824313267145,5013.784769932946,1950
2022-11-01,0.04101532995814284,0.22710241331445863,0.75075995033041,0.9778623636448687,-2533.9344631558547,5075.868926311709,5098.21411154032,1971
2022-12-01,0.03983777300050345,0.22679851693258424,0.7543347391091482,0.9811332560417324,-2578.7697960169608,5165.5395920339215,5187.9271697865,1992
2023-01-01,0.039266855993376086,0.22231910657779877,0.7582368043624783,0.980555910940277,-2613.562236374143,5235.124472748286,5257.553998450845,2013
2023-02-01,0.03884606088888313,0.2197571134744313,0.7608255166548235,0.9805826301292547,-2643.9380383684193,5295.8760767368385,5318.345147991352,2033
2023-03-01,0.03854629322717428,0.21682612672919938,0.7632535008213281,0.9800796275505275,-2671.5813663464455,5351.162732692891,5373.669013518053,2052
2023-04-01,0.038281320867476286,0.21551365671184783,0.7649066748483669,0.9804203315602148,-2707.8549385068977,5423.709877013795,5446.260742744455,2075
2023-05-01,0.038798884409965775,0.21312838221205027,0.766002962294529,0.9791313445065792,-2730.77630233768,5469.55260467536,5492.139930241082,2094
2023-06-01,0.038703497886868755,0.21105687050361208,0.767240224680406,0.9782970951840181,-2757.6991378290327,5523.398275658065,5546.027406829978,2116
2023-07-01,0.03854658498985355,0.20961165580414043,0.7682018332742049,0.9778134890783453,-2780.2121624924766,5568.424324984953,5591.09295800623,2137
2023-08-01,0.038079195430126854,0.20813684164140392,0.7692535172177473,0.9773903588591512,-2796.358377541036,5600.716755082072,5623.422649667629,2157
2023-09-01,0.03809377944645,0.20533386869852463,0.7713931025559906,0.9767269712545152,-2824.657401019632,5657.314802039264,5680.063122662396,2180
2023-10-01,0.03818209506249248,0.20429479769607842,0.7718992803786263,0.9761940780747047,-2848.0732218884436,5704.146443776887,5726.931294334273,2200
2023-11-01,0.03796784021134581,0.20230147602445575,0.7737677966205674,0.9760692726450231,-2877.166519932127,5762.333039864254,5785.157691745052,2222
2023-12-01,0.03826239796352984,0.20434366707318513,0.7712461652285811,0.9755898323017662,-2900.7057828327584,5809.411565665517,5832.273843803598,2243
2024-01-01,0.038261593668251465,0.2028971814051046,0.7721122023708001,0.9750093837759047,-2919.965042002922,5847.930084005844,5870.827870588379,2263
2024-02-01,0.03835587511484756,0.20033887284524257,0.7740928850672296,0.9744317579124722,-2943.3896422539206,5894.779284507841,5917.7140187909445,2284
2024-03-01,0.03796947618784566,0.1965580957264669,0.7772888476387194,0.9738469433651863,-2968.146094982002,5944.292189964004,5967.261798051267,2304
2024-04-01,0.03765480751364477,0.19536751374570374,0.7781606361925248,0.9735281499382286,-2987.0592266373146,5982.118453274629,6005.122633746517,2324
2024-05-01,0.03770721413480257,0.1935644765765067,0.7798163884205372,0.9733808649970439,-3016.0456209848617,6040.091241969723,6063.133110086577,2346
2024-06-01,0.03768798938279019,0.19279375697266088,0.7798218592572435,0.9726156162299043,-3037.2052175147137,6082.410435029427,6105.489639013443,2368
2024-07-01,0.03686725495930536,0.1921695963413442,0.7807355542656604,0.9729051506070047,-3049.6015502982063,6107.203100596413,6130.314271101768,2387
2024-08-01,0.03702903291271593,0.1922751147951592,0.7810229838190363,0.9732980986141956,-3078.076405896261,6164.152811792522,6187.300679802981,2409
2024-09-01,0.03776184388299707,0.19527297914824943,0.7775215605901936,0.972794539738443,-3111.522507132665,6231.04501426533,6254.229246162595,2431
2024-10-01,0.03729010528562941,0.19211853540490112,0.7805790730399994,0.9726976084449005,-3137.478459406656,6282.956918813312,6306.173924347424,2451
2024-11-01,0.037736605107807644,0.18786357874481213,0.783540656615643,0.9714042353604551,-3164.3233391569165,6336.646678313833,6359.901044525643,2474
2024-12-01,0.03803496061772425,0.1888194789443995,0.7819555436324102,0.9707750225768097,-3187.2387242022205,6382.477448404441,6405.764020909401,2494
2025-01-01,0.04010871956535388,0.18880171503767637,0.780089360223207,0.9688910752608834,-3220.0511930589037,6448.102386117807,6471.422498447942,2515
2025-02-01,0.039720469086120425,0.18622848664944047,0.7824601378584616,0.968688624507902,-3246.4554503938407,6500.910900787681,6524.262696451782,2535
2025-03-01,0.03980046094538943,0.184611487320252,0.7838496192765151,0.9684611065967671,-3270.5202670265135,6549.040534053027,6572.422198199397,2554
2025-04-01,0.03950462123832758,0.1842331321405289,0.7849280623168917,0.9691611944574205,-3307.545181109027,6623.090362218054,6646.504781470446,2575
2025-05-01,0.03957718054453418,0.1923891861498755,0.7811087171617899,0.9734979033116653,-3371.341091258699,6750.682182517398,6774.129090828695,2596
2025-06-01,0.037634584800161165,0.1835608163191106,0.7905717114560807,0.9741325277751913,-3405.5666089054507,6819.133217810901,6842.612353421022,2617
2025-07-01,0.037816611423811736,0.18352604710384213,0.7898918006234241,0.9734178477272662,-3426.1738569048707,6860.347713809741,6883.857302555155,2637
2025-08-01,0.03700974893566415,0.18387530762220883,0.7900200407847136,0.9738953484069224,-3440.1871583168527,6888.374316633705,6911.917138198677,2659
2025-09-01,0.03810469065403186,0.1826693512693718,0.7895317301268948,0.9722010813962666,-3466.362531006277,6940.725062012554,6964.299350306574,2680
2025-10-01,0.037446593269114765,0.18271019148508008,0.7898009210856648,0.9725111125707449,-3481.0396851837204,6970.079370367441,6993.6848797826115,2701
2025-11-01,0.040029742380988324,0.1823504467369691,0.7871542704187255,0.9695047171556946,-3515.49919026232,7038.99838052464,7062.637807193718,2724
2025-12-01,0.039771203428299616,0.1806273036355014,0.789004672041183,0.9696319756766844,-3542.596782419111,7093.193564838222,7116.860794801973,2743
2026-01-01,0.04000106112152201,0.18072404041623963,0.7880372790931257,0.9687613195093654,-3562.5590848756924,7133.118169751385,7156.81735340721,2765
2026-02-01,0.04060031075000706,0.17800696525240695,0.7892005388659541,0.967207504118361,-3584.532726870113,7177.065453740226,7200.793466349672,2785
2026-03-01,0.040698775794880494,0.17749446181382653,0.7895297771878482,0.9670242390016748,-3608.914659946443,7225.829319892886,7249.5845288855035,2804
2026-04-01,0.040521347524070335,0.1779060011084152,0.7901991764465094,0.9681051775549245,-3643.643354946062,7295.286709892124,7319.073180145102,2826
2026-05-01,0.040516307048718746,0.1763484228797685,0.7908666765675372,0.9672150994473057,-3670.6828473943583,7349.365694788717,7373.181779137829,2847
2026-06-01,0.04039109967226506,0.17580175000161274,0.7911044929018491,0.9669062429034618,-3690.531647749155,7389.06329549831,7412.907381361843,2867
2026-07-01,0.04121773240750576,0.17367865967303636,0.7924294940114127,0.9661081536844491,-3727.5600012504437,7463.1200025008875,7486.993280500938,2888
