Date,stress_score
2013-04-03,0.6446117089814954
2013-04-04,0.6441164823260067
2013-04-05,0.696308680380262
2013-04-08,0.5391319304821197
2013-04-09,0.5604193286596154
2013-04-10,0.5771737813903633
2013-04-11,0.5199421154867837
2013-04-12,0.5477607994236344
2013-04-15,0.7532297175946882
2013-04-16,0.6343422247669833
2013-04-17,0.7190914647291975
2013-04-18,0.7307672279737719
2013-04-19,0.6752811239915845
2013-04-22,0.5833160912730149
2013-04-23,0.6434614024507818
2013-04-24,0.5277255277941953
2013-04-25,0.5854149290314129
2013-04-26,0.5458152741060657
2013-04-29,0.5243751597033199
2013-04-30,0.5463377192345037
2013-05-01,0.6468812233157651
2013-05-02,0.5040457578115872
2013-05-03,0.5252276784445519
2013-05-06,0.3865575171114375
2013-05-07,0.411485718026773
2013-05-08,0.425468783375877
2013-05-09,0.4844453607418822
2013-05-10,0.4609703004146329
2013-05-13,0.4051588874000327
2013-05-14,0.40648592005509704
2013-05-15,0.4168384502653873
2013-05-16,0.43645140362964896
2013-05-17,0.43926968160025454
2013-05-20,0.36385366376588596
2013-05-21,0.40320173136056686
2013-05-22,0.5120426181164389
2013-05-23,0.5189693122874689
2013-05-24,0.5006406338137528
2013-05-28,0.4736991944509821
2013-05-29,0.5203213174657607
2013-05-30,0.4321335606510122
2013-05-31,0.5636319104996629
2013-06-03,0.5765462839822023
2013-06-04,0.6023993663382073
2013-06-05,0.6687684409431953
2013-06-06,0.6355938966274303
2013-06-07,0.5845018570574783
2013-06-10,0.4755787427208427
2013-06-11,0.6032787038006276
2013-06-12,0.6365736799897672
2013-06-13,0.5908213131028942
2013-06-14,0.5897201404104152
2013-06-17,0.5520763033680155
2013-06-18,0.520489631544678
2013-06-19,0.6187521183464604
2013-06-20,0.6820139134759581
2013-06-21,0.6555556894183475
2013-06-24,0.65999433515561
2013-06-25,0.5976853241522879
2013-06-26,0.5482701917359541
2013-06-27,0.5302752381108649
2013-06-28,0.5783244053876418
2013-07-01,0.5131191444495967
2013-07-02,0.5559594027658084
2013-07-03,0.45146820911940994
2013-07-05,0.44741423206071945
2013-07-08,0.4319118304319478
2013-07-09,0.45770516418839186
2013-07-10,0.45640517588981505
2013-07-11,0.42129241094905673
2013-07-12,0.344164773167873
2013-07-15,0.35591152719865743
2013-07-16,0.36801648910957313
2013-07-17,0.3797843304496699
2013-07-18,0.4004235679405009
2013-07-19,0.33505911361375346
2013-07-22,0.29511089757560477
2013-07-23,0.30519253179736994
2013-07-24,0.3740960890013616
2013-07-25,0.37967134611864206
2013-07-26,0.3891795209047347
2013-07-29,0.3649238349058521
2013-07-30,0.3813386344894765
2013-07-31,0.4692847304577532
2013-08-01,0.38271754460724994
2013-08-02,0.3339468887288692
2013-08-05,0.3269563945031638
2013-08-06,0.38583305059812406
2013-08-07,0.42857287771985875
2013-08-08,0.4405456436350657
2013-08-09,0.537100379494317
2013-08-12,0.497430608576746
2013-08-13,0.4929549875352596
2013-08-14,0.5105826659435474
2013-08-15,0.5925854899153397
2013-08-16,0.5743889571019628
2013-08-19,0.5491605093150254
2013-08-20,0.5276098965839058
2013-08-21,0.6348620724212702
2013-08-22,0.5161693043245086
2013-08-23,0.4837657317623005
2013-08-26,0.5114195052258984
2013-08-27,0.6279989277399123
2013-08-28,0.564370496686376
2013-08-29,0.5799209426519835
2013-08-30,0.6274775159763175
2013-09-03,0.6243735442625677
2013-09-04,0.5311299197440673
2013-09-05,0.47095775020972824
2013-09-06,0.59268528685765
2013-09-09,0.4892560898507858
2013-09-10,0.4848124966150275
2013-09-11,0.456559881309587
2013-09-12,0.45523120795435285
2013-09-13,0.4263691248218473
2013-09-16,0.4603794506314456
2013-09-17,0.4115106995346005
2013-09-18,0.4659781611190273
2013-09-19,0.4470641604441079
2013-09-20,0.44144838725897034
2013-09-23,0.4622288363800718
2013-09-24,0.47881539100796067
2013-09-25,0.506548847879057
2013-09-26,0.3897630189517804
2013-09-27,0.4903782992269467
2013-09-30,0.597455994983588
2013-10-01,0.5182406274455875
2013-10-02,0.5355716151894337
2013-10-03,0.6414309390333351
2013-10-04,0.5176060900712269
2013-10-07,0.5749831440543626
2013-10-08,0.7065188504768042
2013-10-09,0.6984523650462201
2013-10-10,0.6030395315308316
2013-10-11,0.5031714152047831
2013-10-14,0.5100526919403011
2013-10-15,0.6163257933175773
2013-10-16,0.5574846656966953
2013-10-17,0.5249969285969407
2013-10-18,0.5111531680190422
2013-10-21,0.4412654395044508
2013-10-22,0.47022678219784103
2013-10-23,0.4390923920898848
2013-10-24,0.3444897191728488
2013-10-25,0.38686488691604964
2013-10-28,0.3520496230343493
2013-10-29,0.3546220258032671
2013-10-30,0.46742279823142224
2013-10-31,0.46315729289745633
2013-11-01,0.44541183124533723
2013-11-04,0.3374835793468951
2013-11-05,0.33113287064833324
2013-11-06,0.3234675125344406
2013-11-07,0.46326130007264904
2013-11-08,0.42416662926582754
2013-11-11,0.30617061234616866
2013-11-12,0.3488500997452409
2013-11-13,0.36605946173601245
2013-11-14,0.38706151379394865
2013-11-15,0.3863909839794684
2013-11-18,0.4477494300150638
2013-11-19,0.4304568792429016
2013-11-20,0.5034191212228604
2013-11-21,0.39542861643086985
2013-11-22,0.35810997981809384
2013-11-25,0.3846939639805973
2013-11-26,0.4104952248427996
2013-11-27,0.3847947777189995
2013-11-29,0.3867136641347584
2013-12-02,0.46142520772749585
2013-12-03,0.5160625227358735
2013-12-04,0.5313046538362666
2013-12-05,0.5123357260131275
2013-12-06,0.5057943848938165
2013-12-09,0.35938189926049685
2013-12-10,0.4730707329522759
2013-12-11,0.587337336575623
2013-12-12,0.5624364072785644
2013-12-13,0.5787767699420494
2013-12-16,0.5542716636735423
2013-12-17,0.5630231047619901
2013-12-18,0.5718144114379288
2013-12-19,0.5378973268495696
2013-12-20,0.5456042028052422
2013-12-23,0.417735128883002
2013-12-24,0.37195865932049177
2013-12-26,0.3607428051555684
2013-12-27,0.362441344804898
2013-12-30,0.3926601212528394
2013-12-31,0.41943641067062654
2014-01-02,0.5026635468878035
2014-01-03,0.41980858074434396
2014-01-06,0.4772236358038524
2014-01-07,0.4032212397453487
2014-01-08,0.4440586772489921
2014-01-09,0.4414973720525828
2014-01-10,0.44884014778892417
2014-01-13,0.5371678578046092
2014-01-14,0.41362646084784194
2014-01-15,0.38655719176187314
2014-01-16,0.36188142282062913
2014-01-17,0.4464941551657266
2014-01-21,0.45841684928789733
2014-01-22,0.39028445254671484
2014-01-23,0.5813164149520571
2014-01-24,0.6995930687202495
2014-01-27,0.6839558692101156
2014-01-28,0.6133442963442118
2014-01-29,0.7051202849214429
2014-01-30,0.6395341643039516
2014-01-31,0.7087701912520247
2014-02-03,0.7671904364431827
2014-02-04,0.7147893167223498
2014-02-05,0.7161452879337794
2014-02-06,0.6462266347220432
2014-02-07,0.6438329535627242
2014-02-10,0.5561305756327777
2014-02-11,0.5639959434919534
2014-02-12,0.5041454347279269
2014-02-13,0.5261961803545339
2014-02-14,0.5123331755635707
2014-02-18,0.48582016757888863
2014-02-19,0.5820620341806926
2014-02-20,0.5283229456305646
2014-02-21,0.5511098761962897
2014-02-24,0.5136403503826475
2014-02-25,0.4608679872931582
2014-02-26,0.4346532361151933
2014-02-27,0.42539337638100466
2014-02-28,0.47311123172886926
2014-03-03,0.5611851349257018
2014-03-04,0.46508880725043084
2014-03-05,0.3752801849080818
2014-03-06,0.3647027431849454
2014-03-07,0.41305729391563023
2014-03-10,0.35869101401570874
2014-03-11,0.4434731526057721
2014-03-12,0.45853936898129266
2014-03-13,0.6217529571488095
2014-03-14,0.655678544667912
2014-03-17,0.522810713565538
2014-03-18,0.5097893358935384
2014-03-19,0.5899530355068475
2014-03-20,0.4921322636782251
2014-03-21,0.5879408719061513
2014-03-24,0.5587888551380126
2014-03-25,0.514149984679459
2014-03-26,0.5701506817674453
2014-03-27,0.602099024502373
2014-03-28,0.5263963236459421
2014-03-31,0.500156163908187
2014-04-01,0.413530506953147
2014-04-02,0.4235039080814615
2014-04-03,0.4361446065737229
2014-04-04,0.6060448328726459
2014-04-07,0.6294979862419056
2014-04-08,0.5754066570454979
2014-04-09,0.5071372078562479
2014-04-10,0.6650815708201604
2014-04-11,0.6784838908135082
2014-04-14,0.6158140756053577
2014-04-15,0.6389139611192074
2014-04-16,0.5409528637298925
2014-04-17,0.4977790252165312
2014-04-21,0.45115786659596163
2014-04-22,0.4502510235337566
2014-04-23,0.44400737519774564
2014-04-24,0.4634942457628301
2014-04-25,0.5061616964457268
2014-04-28,0.5540596602407076
2014-04-29,0.4512894224581285
2014-04-30,0.5110441382913401
2014-05-01,0.5103519271512419
2014-05-02,0.5313153455442471
2014-05-05,0.4795990317515388
2014-05-06,0.4993594749646531
2014-05-07,0.5234866318074282
2014-05-08,0.49920453487896016
2014-05-09,0.4799472611057523
2014-05-12,0.3962724096521441
2014-05-13,0.3743301931148794
2014-05-14,0.4232719435024499
2014-05-15,0.6174709460944092
2014-05-16,0.5450437001212086
2014-05-19,0.47258121806633274
2014-05-20,0.5916336425144045
2014-05-21,0.5032896325589397
2014-05-22,0.45299408761839305
2014-05-23,0.43574669416845646
2014-05-27,0.4287426026078203
2014-05-28,0.44431763035884564
2014-05-29,0.4349646463423981
2014-05-30,0.454441266827395
2014-06-02,0.42611372415224397
2014-06-03,0.419279010099503
2014-06-04,0.41163113774181626
2014-06-05,0.4523738318566575
2014-06-06,0.39889704659507913
2014-06-09,0.3674463299967065
2014-06-10,0.35223479650467676
2014-06-11,0.4321077211450672
2014-06-12,0.5606712140521593
2014-06-13,0.48303503134500997
2014-06-16,0.5275717459691832
2014-06-17,0.4918299196132138
2014-06-18,0.4854125085274929
2014-06-19,0.45252786376595683
2014-06-20,0.5324029773635627
2014-06-23,0.4663388576787891
2014-06-24,0.5848819729181282
2014-06-25,0.5570650684105192
2014-06-26,0.5736492092932778
2014-06-27,0.5426241885901549
2014-06-30,0.5554057678881886
2014-07-01,0.551198162367994
2014-07-02,0.4223138706232741
2014-07-03,0.3965629729728192
2014-07-07,0.48290813155001566
2014-07-08,0.6436823316479887
2014-07-09,0.5529585466642633
2014-07-10,0.6465877672271955
2014-07-11,0.541744275196509
2014-07-14,0.5041851268868508
2014-07-15,0.6519647866598578
2014-07-16,0.5666388111877428
2014-07-17,0.7202496786007431
2014-07-18,0.6417273985491853
2014-07-21,0.5522581129306631
2014-07-22,0.5384440778368269
2014-07-23,0.5067297977593639
2014-07-24,0.47463828651618095
2014-07-25,0.591047726942201
2014-07-28,0.5597370555067932
2014-07-29,0.6271018331768291
2014-07-30,0.6650065486195922
2014-07-31,0.7624155067353419
2014-08-01,0.7753053611230971
2014-08-04,0.6889653802768677
2014-08-05,0.765904806888741
2014-08-06,0.7115489398689817
2014-08-07,0.7626454465884053
2014-08-08,0.7135585087932972
2014-08-11,0.6182140776441463
2014-08-12,0.6233782818054266
2014-08-13,0.5848005091631375
2014-08-14,0.5461711873189801
2014-08-15,0.6703905076413856
2014-08-18,0.5793255378745005
2014-08-19,0.522763196027015
2014-08-20,0.5499114907906015
2014-08-21,0.5433995780883489
2014-08-22,0.5668642480637084
2014-08-25,0.5166412446926717
2014-08-26,0.4808491272032898
2014-08-27,0.47932776348578426
2014-08-28,0.5077994689732163
2014-08-29,0.4861160106166806
2014-09-02,0.4970348393900435
2014-09-03,0.48825729259859574
2014-09-04,0.582967653151405
2014-09-05,0.5923880612055132
2014-09-08,0.5442275956136476
2014-09-09,0.677024028859848
2014-09-10,0.5952311122250419
2014-09-11,0.5908289432274642
2014-09-12,0.6928794259635126
2014-09-15,0.6834291686993348
2014-09-16,0.6576743769144044
2014-09-17,0.7043781715787011
2014-09-18,0.638771669267984
2014-09-19,0.6954686262953126
2014-09-22,0.7423461596608659
2014-09-23,0.7653726064366019
2014-09-24,0.694851969176622
2014-09-25,0.7551753896182148
2014-09-26,0.6921293160343066
2014-09-29,0.7078601026182985
2014-09-30,0.7532534383818157
2014-10-01,0.7907111062572042
2014-10-02,0.7709355736114322
2014-10-03,0.7069169671207997
2014-10-06,0.7120428286475953
2014-10-07,0.7905610729496909
2014-10-08,0.7443089737402501
2014-10-09,0.8153357116883008
2014-10-10,0.8506240116966483
2014-10-13,0.8917109983964905
2014-10-14,0.869181094090155
2014-10-15,0.9174132501751618
2014-10-16,0.8989578938235322
2014-10-17,0.8394878751171954
2014-10-20,0.7584015067911416
2014-10-21,0.7211288564050315
2014-10-22,0.735963496228842
2014-10-23,0.7200173090858604
2014-10-24,0.6536123234398091
2014-10-27,0.6338267355957942
2014-10-28,0.6217292494322687
2014-10-29,0.6590893692622953
2014-10-30,0.5831979750102173
2014-10-31,0.5739048727230908
2014-11-03,0.5543951523304772
2014-11-04,0.5667102662597472
2014-11-05,0.5095650257767034
2014-11-06,0.5496428714372484
2014-11-07,0.49126633359018856
2014-11-10,0.442672859541482
2014-11-11,0.43157761992314886
2014-11-12,0.4823014383731213
2014-11-13,0.4932411207074268
2014-11-14,0.4851624003376751
2014-11-17,0.4948619131149761
2014-11-18,0.49493190023091566
2014-11-19,0.5190477701108719
2014-11-20,0.5188513451437761
2014-11-21,0.6094938430593418
2014-11-24,0.5283501800942805
2014-11-25,0.5438956798413411
2014-11-26,0.5703752846334059
2014-11-28,0.611459747011404
2014-12-01,0.6966015514096958
2014-12-02,0.6632812111319123
2014-12-03,0.6350880252373864
2014-12-04,0.6759606824400254
2014-12-05,0.6892081703104797
2014-12-08,0.7758536259330285
2014-12-09,0.8287926762167733
2014-12-10,0.8611482193067306
2014-12-11,0.8814642519000652
2014-12-12,0.9199105668097682
2014-12-15,0.9145901224523033
2014-12-16,0.9923082324805215
2014-12-17,0.850612966408811
2014-12-18,0.7787018276903291
2014-12-19,0.7502409146407416
2014-12-22,0.6914305456191348
2014-12-23,0.6607692188936406
2014-12-24,0.5820129164836475
2014-12-26,0.5883704280413139
2014-12-29,0.6212159438318248
2014-12-30,0.6378793454474094
2014-12-31,0.7481047510103536
2015-01-02,0.7475102133027663
2015-01-05,0.8369843539044136
2015-01-06,0.8878100375753633
2015-01-07,0.8015500226938133
2015-01-08,0.74741839243346
2015-01-09,0.7745682031341211
2015-01-12,0.7843112529327696
2015-01-13,0.8519464060012821
2015-01-14,0.8466096177083421
2015-01-15,0.8779596123094519
2015-01-16,0.808705170706214
2015-01-20,0.8052994033998178
2015-01-21,0.8121363369370783
2015-01-22,0.8065945571108033
2015-01-23,0.7894138372820595
2015-01-26,0.7361198637342617
2015-01-27,0.8234619848181061
2015-01-28,0.9136045688219715
2015-01-29,0.8823366561833749
2015-01-30,0.9418845416659959
2015-02-02,0.8819098444469188
2015-02-03,0.7742393609659137
2015-02-04,0.7727607487498562
2015-02-05,0.6577043542290785
2015-02-06,0.702259304093538
2015-02-09,0.7157815575589269
2015-02-10,0.6661661571983774
2015-02-11,0.6354931608079816
2015-02-12,0.5985014731208641
2015-02-13,0.5550390146151002
2015-02-17,0.5233753336076792
2015-02-18,0.5410138794771847
2015-02-19,0.5606902072317909
2015-02-20,0.6073776075846327
2015-02-23,0.5659811939452654
2015-02-24,0.5419440154410421
2015-02-25,0.5544811369560975
2015-02-26,0.517937474291306
2015-02-27,0.5545799413440481
2015-03-02,0.507643036153839
2015-03-03,0.5542574876776295
2015-03-04,0.5868824890641661
2015-03-05,0.5803875226001758
2015-03-06,0.7104708172605786
2015-03-09,0.6340310894867232
2015-03-10,0.7703881601553019
2015-03-11,0.7198565647271379
2015-03-12,0.6631675360048308
2015-03-13,0.7673796347669213
2015-03-16,0.732037157307082
2015-03-17,0.7015299659601283
2015-03-18,0.7808095639883103
2015-03-19,0.7172787671778481
2015-03-20,0.7373169281172108
2015-03-23,0.6356791105478982
2015-03-24,0.6588041963114398
2015-03-25,0.8143931917103613
2015-03-26,0.7965239198296383
2015-03-27,0.7558409383330605
2015-03-30,0.6818972057224714
2015-03-31,0.770003507883259
2015-04-01,0.7920532329170958
2015-04-02,0.6801733361049153
2015-04-06,0.7276399001076838
2015-04-07,0.6442518219492646
2015-04-08,0.6504768742815509
2015-04-09,0.5670743317519226
2015-04-10,0.5263312030605348
2015-04-13,0.5912588317776757
2015-04-14,0.5827491466640057
2015-04-15,0.6362666649901927
2015-04-16,0.5784869193017594
2015-04-17,0.8039179333381439
2015-04-20,0.6586487199676699
2015-04-21,0.6345909067749617
2015-04-22,0.6043843801627811
2015-04-23,0.6494506821121279
2015-04-24,0.53463866271976
2015-04-27,0.5799238191716524
2015-04-28,0.571909414044074
2015-04-29,0.6943874231274664
2015-04-30,0.7456962107504185
2015-05-01,0.6004670647451222
2015-05-04,0.5324698568572953
2015-05-05,0.6814319765818864
2015-05-06,0.7164298913836502
2015-05-07,0.6549133871023348
2015-05-08,0.6784988004141583
2015-05-11,0.5912394287217181
2015-05-12,0.6711657961284185
2015-05-13,0.6331063963769129
2015-05-14,0.6126444573187495
2015-05-15,0.5715378952041279
2015-05-18,0.5190994822304911
2015-05-19,0.5329703915941135
2015-05-20,0.5502552114828873
2015-05-21,0.5273132023048096
2015-05-22,0.5312374384604263
2015-05-26,0.7202310295521981
2015-05-27,0.6336658707453953
2015-05-28,0.597817565898343
2015-05-29,0.70342741466722
2015-06-01,0.6085456867432996
2015-06-02,0.630275147609301
2015-06-03,0.6046646274537257
2015-06-04,0.7177696412053343
2015-06-05,0.6680640789533486
2015-06-08,0.6558100130977559
2015-06-09,0.6979047739491225
2015-06-10,0.6649514048615658
2015-06-11,0.5575371938955721
2015-06-12,0.7002885048695751
2015-06-15,0.7508330136174859
2015-06-16,0.6705055694645828
2015-06-17,0.7385426715755695
2015-06-18,0.7055040761334191
2015-06-19,0.7266524713266064
2015-06-22,0.558720110578852
2015-06-23,0.529847927607606
2015-06-24,0.6197098781661261
2015-06-25,0.6720042012084896
2015-06-26,0.6700867732742547
2015-06-29,0.8533140373424334
2015-06-30,0.8287359632207437
2015-07-01,0.7529425547236231
2015-07-02,0.7320418809234854
2015-07-06,0.7740490851326721
2015-07-07,0.7948932223655653
2015-07-08,0.8514093231299102
2015-07-09,0.8250569027725273
2015-07-10,0.7343348366576902
2015-07-13,0.6497937335267353
2015-07-14,0.5682513549684615
2015-07-15,0.608207610549132
2015-07-16,0.6001665405274618
2015-07-17,0.5730543603377737
2015-07-20,0.5554267135238546
2015-07-21,0.5828907640567657
2015-07-22,0.6398881567402678
2015-07-23,0.6694222566431245
2015-07-24,0.740467250774984
2015-07-27,0.7933976723220808
2015-07-28,0.7287411745674869
2015-07-29,0.6145163314229731
2015-07-30,0.5828417042028823
2015-07-31,0.6452930579776254
2015-08-03,0.690631380736274
2015-08-04,0.6079250549174434
2015-08-05,0.6145342946175542
2015-08-06,0.6782768353431967
2015-08-07,0.7010740461938157
2015-08-10,0.5818147191073076
2015-08-11,0.7775349221485038
2015-08-12,0.8077512203807663
2015-08-13,0.7007962746268576
2015-08-14,0.648464684406275
2015-08-17,0.6705879123524109
2015-08-18,0.6645750869975963
2015-08-19,0.8518300050907368
2015-08-20,0.9333308228460683
2015-08-21,1.0
2015-08-24,1.0
2015-08-25,1.0
2015-08-26,0.9176167990697003
2015-08-27,0.8573241215686584
2015-08-28,0.8168514029675916
2015-08-31,0.8252977183954062
2015-09-01,0.8940115552758184
2015-09-02,0.802708503609797
2015-09-03,0.8018353946554759
2015-09-04,0.8599379667616227
2015-09-08,0.7458198185379136
2015-09-09,0.789662683457808
2015-09-10,0.7687124348925732
2015-09-11,0.7418371405793173
2015-09-14,0.7086032116260378
2015-09-15,0.7132677941803657
2015-09-16,0.6975323765423754
2015-09-17,0.8063651027209936
2015-09-18,0.8261783603102995
2015-09-21,0.7153029279605357
2015-09-22,0.780397724296086
2015-09-23,0.6507757388675496
2015-09-24,0.7095833501334597
2015-09-25,0.8162825470486942
2015-09-28,0.9254017127428239
2015-09-29,0.9080716203390181
2015-09-30,0.8712550739990094
2015-10-01,0.8060497789751989
2015-10-02,0.856852639443122
2015-10-05,0.7343094594421621
2015-10-06,0.6966578113439489
2015-10-07,0.7443725173805067
2015-10-08,0.7005206720761267
2015-10-09,0.6714344472007882
2015-10-12,0.6281063699157585
2015-10-13,0.6797895648883342
2015-10-14,0.7503446100723846
2015-10-15,0.7369635743569246
2015-10-16,0.6938539215629883
2015-10-19,0.6169384850906706
2015-10-20,0.6332378094772598
2015-10-21,0.6664271811038939
2015-10-22,0.6859224937949205
2015-10-23,0.6497688817113256
2015-10-26,0.5918033143673419
2015-10-27,0.6107382872943415
2015-10-28,0.6455144188506914
2015-10-29,0.5886038420460324
2015-10-30,0.6474116118729137
2015-11-02,0.5616039048755125
2015-11-03,0.580666942075979
2015-11-04,0.5990628026429744
2015-11-05,0.5845546740509694
2015-11-06,0.606845389034714
2015-11-09,0.6803851176522099
2015-11-10,0.619974391502898
2015-11-11,0.6176889358092756
2015-11-12,0.7276571509193569
2015-11-13,0.8491413705507136
2015-11-16,0.7650940646770826
2015-11-17,0.7893627059590961
2015-11-18,0.713601167812313
2015-11-19,0.6750641562866645
2015-11-20,0.6919116913346959
2015-11-23,0.6893601459228028
2015-11-24,0.7409605590945406
2015-11-25,0.6759015137265797
2015-11-27,0.7039316953665398
2015-11-30,0.8170944272686721
2015-12-01,0.7466916393512104
2015-12-02,0.8340491331956965
2015-12-03,0.9059230631488157
2015-12-04,0.8637882205906088
2015-12-07,0.8181363772502958
2015-12-08,0.8510115917472573
2015-12-09,0.9360286523446071
2015-12-10,0.8845593689106802
2015-12-11,1.0
2015-12-14,0.9600062396363698
2015-12-15,0.8776649284288099
2015-12-16,0.864501719794371
2015-12-17,0.9035011824656632
2015-12-18,0.9716968530534148
2015-12-21,0.840764178071656
2015-12-22,0.836210002558024
2015-12-23,0.8053959979774598
2015-12-24,0.7251448670041817
2015-12-28,0.7543291113286764
2015-12-29,0.7689551090589303
2015-12-30,0.7300643310073799
2015-12-31,0.8505476429524498
2016-01-04,0.9414610390124292
2016-01-05,0.8624349514355666
2016-01-06,0.9471731805006133
2016-01-07,1.0
2016-01-08,1.0
2016-01-11,0.9869039641316751
2016-01-12,0.9745139010523922
2016-01-13,1.0
2016-01-14,0.9893206834875375
2016-01-15,1.0
2016-01-19,1.0
2016-01-20,1.0
2016-01-21,1.0
2016-01-22,0.9469999962264364
2016-01-25,0.9382657254177499
2016-01-26,0.9350765959444708
2016-01-27,0.9679587290129811
2016-01-28,0.9306999976846831
2016-01-29,0.9437455553123515
2016-02-01,0.8906467603621121
2016-02-02,0.9424743554268887
2016-02-03,0.9436426524254404
2016-02-04,0.9013092386737117
2016-02-05,0.943670199576298
2016-02-08,0.9696493666426967
2016-02-09,0.9679743852961983
2016-02-10,0.9386928256674798
2016-02-11,1.0
2016-02-12,0.8796341131540565
2016-02-16,0.8566807578423873
2016-02-17,0.7855167239882673
2016-02-18,0.7477891633982359
2016-02-19,0.7299003063825699
2016-02-22,0.6897156321390349
2016-02-23,0.7867697754777655
2016-02-24,0.7904460154416847
2016-02-25,0.724076128928632
2016-02-26,0.7439739037146501
2016-02-29,0.7641244239180335
2016-03-01,0.7586629232396441
2016-03-02,0.6776838274746345
2016-03-03,0.6415430980040314
2016-03-04,0.6927512511217433
2016-03-07,0.653577306637818
2016-03-08,0.7081860482638255
2016-03-09,0.6567480773710096
2016-03-10,0.7392581183606404
2016-03-11,0.6913984499914099
2016-03-14,0.6228910661408666
2016-03-15,0.6454802097072365
2016-03-16,0.6849730392937666
2016-03-17,0.6925885230584234
2016-03-18,0.6947801349061513
2016-03-21,0.6040448342241619
2016-03-22,0.6359404234318395
2016-03-23,0.6331308420970767
2016-03-24,0.6344618860036546
2016-03-28,0.6453917014479188
2016-03-29,0.6388078895182678
2016-03-30,0.6177640829576784
2016-03-31,0.6655894258961319
2016-04-01,0.6775575019576561
2016-04-04,0.6531130679024836
2016-04-05,0.7356626650226427
2016-04-06,0.6745638337357436
2016-04-07,0.7491756870126308
2016-04-08,0.7095650996373318
2016-04-11,0.7127534246059213
2016-04-12,0.7548953302168623
2016-04-13,0.6826617319034837
2016-04-14,0.6407265072864511
2016-04-15,0.6657451477857556
2016-04-18,0.6622430993683103
2016-04-19,0.6745839765923002
2016-04-20,0.6551492171026378
2016-04-21,0.6881023234150784
2016-04-22,0.6897711572626596
2016-04-25,0.6503027814550851
2016-04-26,0.6554284449640196
2016-04-27,0.681437972904007
2016-04-28,0.784341592926126
2016-04-29,0.8623049214794073
2016-05-02,0.7089730681538121
2016-05-03,0.8355963602751303
2016-05-04,0.805280834018283
2016-05-05,0.7728649512569873
2016-05-06,0.7781219813065902
2016-05-09,0.7460064091103035
2016-05-10,0.6929076551173051
2016-05-11,0.7715398026390566
2016-05-12,0.8114895188031143
2016-05-13,0.8646933189472196
2016-05-16,0.765630226031612
2016-05-17,0.9028046551184551
2016-05-18,0.9053833495840838
2016-05-19,0.9164935178609315
2016-05-20,0.8691094423700898
2016-05-23,0.7672551210739758
2016-05-24,0.8077995814016968
2016-05-25,0.725512008086859
2016-05-26,0.6906459192766178
2016-05-27,0.6583772389834229
2016-05-31,0.7935899982751593
2016-06-01,0.700098214887813
2016-06-02,0.6510515669376814
2016-06-03,0.7679957937142493
2016-06-06,0.6415303929393549
2016-06-07,0.642464656213704
2016-06-08,0.6526779216854425
2016-06-09,0.7287617810162667
2016-06-10,0.8759113024854974
2016-06-13,0.964694606641434
2016-06-14,0.9535546943060105
2016-06-15,0.9770573702882169
2016-06-16,0.9794888630157309
2016-06-17,0.9688573412010211
2016-06-20,0.8517240248528387
2016-06-21,0.8194557583511788
2016-06-22,0.9534622720484779
2016-06-23,0.8732538919509995
2016-06-24,1.0
2016-06-27,1.0
2016-06-28,0.9535403042959277
2016-06-29,0.8871882036975379
2016-06-30,0.8656335141880698
2016-07-01,0.8216080156429478
2016-07-05,0.8475496744708587
2016-07-06,0.8203287760065049
2016-07-07,0.8078470975041344
2016-07-08,0.8108844077534152
2016-07-11,0.7200116527163393
2016-07-12,0.7165057736251993
2016-07-13,0.6907502222502897
2016-07-14,0.6776333991070574
2016-07-15,0.6920302305426809
2016-07-18,0.6022124212759701
2016-07-19,0.5952974382039216
2016-07-20,0.5993416228361178
2016-07-21,0.6404473206388479
2016-07-22,0.6116446975595186
2016-07-25,0.6335465698463301
2016-07-26,0.6418240116482692
2016-07-27,0.669141293307121
2016-07-28,0.6304534366684043
2016-07-29,0.6681385512051135
2016-08-01,0.7023284101211963
2016-08-02,0.7546624317652647
2016-08-03,0.667875235464117
2016-08-04,0.657368830207908
2016-08-05,0.6485899950463622
2016-08-08,0.6894621997747219
2016-08-09,0.7253830882679809
2016-08-10,0.799328198810497
2016-08-11,0.7827733975726088
2016-08-12,0.8006889566569724
2016-08-15,0.7661373182840335
2016-08-16,0.8014831229363201
2016-08-17,0.8258567786354035
2016-08-18,0.7753940244173991
2016-08-19,0.8176885678014293
2016-08-22,0.8475116792297513
2016-08-23,0.8369841840947755
2016-08-24,0.8902741084907494
2016-08-25,0.8858541602371114
2016-08-26,0.9486935362770855
2016-08-29,0.8500347854195999
2016-08-30,0.8345022911768764
2016-08-31,0.9095035887862039
2016-09-01,0.9357733821819907
2016-09-02,0.8366304074109049
2016-09-06,0.8671808439281294
2016-09-07,0.9051750472597763
2016-09-08,0.9101974216710209
2016-09-09,0.9331201718973148
2016-09-12,0.8694506754266458
2016-09-13,0.9171917011932228
2016-09-14,0.9069974455931105
2016-09-15,0.8566034996094961
2016-09-16,0.8598754112246384
2016-09-19,0.8036364224160458
2016-09-20,0.7925277953139825
2016-09-21,0.7873799510412901
2016-09-22,0.7253558760091385
2016-09-23,0.7267933526587312
2016-09-26,0.8064546930723292
2016-09-27,0.7639785100940418
2016-09-28,0.7630244556501147
2016-09-29,0.8374435173693328
2016-09-30,0.7912336242988974
2016-10-03,0.7617875712272549
2016-10-04,0.8141784932418165
2016-10-05,0.7390390707115411
2016-10-06,0.710084134630354
2016-10-07,0.7755467415359111
2016-10-10,0.6241716316763627
2016-10-11,0.8356213942822932
2016-10-12,0.7560356878715678
2016-10-13,0.8166611214413582
2016-10-14,0.8123723424233198
2016-10-17,0.7477718567825308
2016-10-18,0.7696740912433288
2016-10-19,0.7173987930545097
2016-10-20,0.7591541806149174
2016-10-21,0.7897293077469717
2016-10-24,0.6961780496925805
2016-10-25,0.7187470492293966
2016-10-26,0.7770007531667948
2016-10-27,0.8112433945854814
2016-10-28,0.9046220803833737
2016-10-31,0.873847733784508
2016-11-01,0.9925997506180156
2016-11-02,0.9976376693452148
2016-11-03,1.0
2016-11-04,1.0
2016-11-07,0.8691651376441673
2016-11-08,0.8677671487785085
2016-11-09,0.752362402628778
2016-11-10,0.7600103340997224
2016-11-14,0.6847365966767965
2016-11-15,0.6344714755918147
2016-11-16,0.5888367614915336
2016-11-17,0.5861565366121109
2016-11-18,0.6119908052371038
2016-11-21,0.5397305276810801
2016-11-22,0.5294844914246338
2016-11-23,0.5127683427223112
2016-11-25,0.4784727400717546
2016-11-28,0.5648731169358138
2016-11-29,0.5422745262762689
2016-11-30,0.6097572404677131
2016-12-01,0.5668622633144307
2016-12-02,0.5495611581759351
2016-12-05,0.49121255232197464
2016-12-06,0.4627778615376217
2016-12-07,0.5605191311195871
2016-12-08,0.5871630424375592
2016-12-09,0.5377398348101866
2016-12-12,0.5999886863916591
2016-12-13,0.6048954786243034
2016-12-14,0.6195219001262647
2016-12-15,0.5957539975268771
2016-12-16,0.592789387373642
2016-12-19,0.5444247515716846
2016-12-20,0.528271649004024
2016-12-21,0.49713957581504187
2016-12-22,0.46952829834266646
2016-12-23,0.4522601838312048
2016-12-27,0.4671354121297397
2016-12-28,0.5435022464761917
2016-12-29,0.5249478466482767
2016-12-30,0.6661117831504985
2017-01-03,0.5903995560616219
2017-01-04,0.5386121119228889
2017-01-05,0.5689134175670033
2017-01-06,0.5269799718234224
2017-01-09,0.5339748150344138
2017-01-10,0.5796877887428461
2017-01-11,0.6180540962585171
2017-01-12,0.621523525762096
2017-01-13,0.611498350788156
2017-01-17,0.6508520314285845
2017-01-18,0.6434651328230385
2017-01-19,0.6696566354498024
2017-01-20,0.7062824019188128
2017-01-23,0.6857953131081168
2017-01-24,0.6522346074749389
2017-01-25,0.5581764709867316
2017-01-26,0.5051167690440542
2017-01-27,0.5201309813455821
2017-01-30,0.6076219967158131
2017-01-31,0.611802448452747
2017-02-01,0.6026530010520128
2017-02-02,0.6160910605887111
2017-02-03,0.606887246361183
2017-02-06,0.5867818097250407
2017-02-07,0.6119988255362592
2017-02-08,0.6029958301256787
2017-02-09,0.5881496150292203
2017-02-10,0.5811206493197305
2017-02-13,0.5203258200972122
2017-02-14,0.5575665786053984
2017-02-15,0.6048008965167349
2017-02-16,0.6098058023636238
2017-02-17,0.598899663697583
2017-02-21,0.6062844391190892
2017-02-22,0.5436986241455508
2017-02-23,0.6115836530912798
2017-02-24,0.6801064272341838
2017-02-27,0.5992848327908996
2017-02-28,0.7359745015430517
2017-03-01,0.6674928275394522
2017-03-02,0.5420696178936558
2017-03-03,0.5577165178709381
2017-03-06,0.4805118638850976
2017-03-07,0.5379929261739423
2017-03-08,0.5947266423076825
2017-03-09,0.6102046053102603
2017-03-10,0.5902284866901978
2017-03-13,0.5060464356465167
2017-03-14,0.5677013105527964
2017-03-15,0.6168077099095529
2017-03-16,0.5926958368083194
2017-03-17,0.6369872945780403
2017-03-20,0.5423227853560117
2017-03-21,0.7475923237076852
2017-03-22,0.7525100895222566
2017-03-23,0.75821260974713
2017-03-24,0.7576086326323493
2017-03-27,0.7387550186302771
2017-03-28,0.6895469318493889
2017-03-29,0.5920617187817259
2017-03-30,0.5956677689409547
2017-03-31,0.6903524900813999
2017-04-03,0.7449670991020522
2017-04-04,0.6180204894200734
2017-04-05,0.7804432075712215
2017-04-06,0.6827333898887437
2017-04-07,0.7115147916938342
2017-04-10,0.7256906705953496
2017-04-11,0.8364618841369881
2017-04-12,0.8477561111096817
2017-04-13,0.9326452241800566
2017-04-17,0.7704979738244103
2017-04-18,0.8363849523208202
2017-04-19,0.7931985335972889
2017-04-20,0.8086612353642616
2017-04-21,0.8563053101962468
2017-04-24,0.6851307306584018
2017-04-25,0.5846657740052619
2017-04-26,0.6210147574005275
2017-04-27,0.5229622538117841
2017-04-28,0.574168933233931
2017-05-01,0.558987054339533
2017-05-02,0.5431067988118018
2017-05-03,0.6085623322150768
2017-05-04,0.5547900518157142
2017-05-05,0.543583156329911
2017-05-08,0.48447321379451097
2017-05-09,0.4919145342412344
2017-05-10,0.4898365552357113
2017-05-11,0.5310049444851545
2017-05-12,0.5200582277763371
2017-05-15,0.5252936134314673
2017-05-16,0.5426308161628678
2017-05-17,0.8134254575098869
2017-05-18,0.7536579120976601
2017-05-19,0.7127844060644812
2017-05-22,0.5559189384926743
2017-05-23,0.5361546765418564
2017-05-24,0.5332650312892329
2017-05-25,0.5714588254226111
2017-05-26,0.5207424075046068
2017-05-30,0.5284271987864437
2017-05-31,0.6811360975084865
2017-06-01,0.5855744863380385
2017-06-02,0.6352318587050642
2017-06-05,0.5187661986121109
2017-06-06,0.5652178632414462
2017-06-07,0.5754254663846897
2017-06-08,0.6038277089163132
2017-06-09,0.6998927964338871
2017-06-12,0.6661043734447111
2017-06-13,0.5615365427409099
2017-06-14,0.658194368843067
2017-06-15,0.634958936386513
2017-06-16,0.7356692974718108
2017-06-19,0.6411438416143916
2017-06-20,0.6447305751431195
2017-06-21,0.6625818474516798
2017-06-22,0.6220181135842644
2017-06-23,0.6887725452568326
2017-06-26,0.6722978687425359
2017-06-27,0.7663101515848195
2017-06-28,0.6599094946885958
2017-06-29,0.7500551179157183
2017-06-30,0.73053555001089
2017-07-03,0.6056373266213727
2017-07-05,0.6444731388030959
2017-07-06,0.7151896011282822
2017-07-07,0.6419552824288722
2017-07-10,0.5877506328010872
2017-07-11,0.6199816031408388
2017-07-12,0.6151348396240025
2017-07-13,0.5413298034853873
2017-07-14,0.5889891581128682
2017-07-17,0.5182128997351297
2017-07-18,0.5587070249850693
2017-07-19,0.591999350993588
2017-07-20,0.5586479645341468
2017-07-21,0.6605190023646043
2017-07-24,0.5625919272059157
2017-07-25,0.5691049274413928
2017-07-26,0.5552368642009847
2017-07-27,0.6211614394920218
2017-07-28,0.6083039632533103
2017-07-31,0.6728215380110449
2017-08-01,0.6503786863276597
2017-08-02,0.6224777578788522
2017-08-03,0.6256703844629444
2017-08-04,0.7343600044555926
2017-08-07,0.696776326917076
2017-08-08,0.8139809239940009
2017-08-09,0.8487632980286269
2017-08-10,0.9580356641357666
2017-08-11,0.9078682322349761
2017-08-14,0.7629569980608807
2017-08-15,0.6997256681949885
2017-08-16,0.7066607713952946
2017-08-17,0.891473208032563
2017-08-18,0.8683510084648977
2017-08-21,0.7884492109634046
2017-08-22,0.7083853871112747
2017-08-23,0.6965343833387042
2017-08-24,0.7008559667272046
2017-08-25,0.7253519690573326
2017-08-28,0.639333560115675
2017-08-29,0.6845565171623794
2017-08-30,0.708575021812142
2017-08-31,0.7338919268177785
2017-09-01,0.6409102235500231
2017-09-05,0.7759314487466109
2017-09-06,0.6945591114602325
2017-09-07,0.6938801446358274
2017-09-08,0.7260909635395749
2017-09-11,0.6411405310321543
2017-09-12,0.5810802100958519
2017-09-13,0.6096957035017717
2017-09-14,0.6725305111577495
2017-09-15,0.6642574092174839
2017-09-18,0.5338249177787328
2017-09-19,0.5371335737036494
2017-09-20,0.5653786793724703
2017-09-21,0.5689636750299146
2017-09-22,0.5816868867390966
2017-09-25,0.6486394967164757
2017-09-26,0.6395193463340514
2017-09-27,0.6530499115720518
2017-09-28,0.5437785014797946
2017-09-29,0.6523358343445216
2017-10-02,0.6129112358083976
2017-10-03,0.6382737419429247
2017-10-04,0.652768025637025
2017-10-05,0.6294813342118091
2017-10-06,0.6748660361743961
2017-10-09,0.5683081843599163
2017-10-10,0.7253511562114459
2017-10-11,0.7541257674842262
2017-10-12,0.7514635563022419
2017-10-13,0.7904193026569747
2017-10-16,0.7287958580182381
2017-10-17,0.7429534096479763
2017-10-18,0.7301250506093752
2017-10-19,0.8259686635574282
2017-10-20,0.8241055253222815
2017-10-23,0.7944443023494371
2017-10-24,0.810751504281492
2017-10-25,0.7933842529599057
2017-10-26,0.7818378769250577
2017-10-27,0.6792896648971875
2017-10-30,0.6579150342156795
2017-10-31,0.6870062408737044
2017-11-01,0.6769476623145998
2017-11-02,0.6887977416762885
2017-11-03,0.7033572760543815
2017-11-06,0.6706084398090564
2017-11-07,0.7291527738168914
2017-11-08,0.7050267101909117
2017-11-09,0.835248885725245
2017-11-10,0.7808569603556474
2017-11-13,0.747164136536634
2017-11-14,0.8182886088470079
2017-11-15,0.9102217413780657
2017-11-16,0.7660330799501991
2017-11-17,0.7873660633564995
2017-11-20,0.6739738236063579
2017-11-21,0.7101875173993156
2017-11-22,0.6223916966801063
2017-11-24,0.5804435644778648
2017-11-27,0.6541541341073863
2017-11-28,0.7429976888284134
2017-11-29,0.7275560039943821
2017-11-30,0.7192793790909974
2017-12-01,0.7440871763085751
2017-12-04,0.7382453785841908
2017-12-05,0.7329565422973668
2017-12-06,0.7295560225615431
2017-12-07,0.6933791732558806
2017-12-08,0.6599204969226815
2017-12-11,0.6505989688461514
2017-12-12,0.6653477996814658
2017-12-13,0.6974420718667255
2017-12-14,0.7110541693862934
2017-12-15,0.6778421801763682
2017-12-18,0.647520256870721
2017-12-19,0.6500266830085185
2017-12-20,0.6252722067913987
2017-12-21,0.6106539519143007
2017-12-22,0.6379348695572031
2017-12-26,0.557649120898254
2017-12-27,0.6265499143247322
2017-12-28,0.6172239070711828
2017-12-29,0.7657114139795369
2018-01-02,0.7120107772126211
2018-01-03,0.6533318790327657
2018-01-04,0.6225564468706755
2018-01-05,0.6076447865116529
2018-01-08,0.5533172097088718
2018-01-09,0.5612783316560257
2018-01-10,0.6139218504876831
2018-01-11,0.5805794971740034
2018-01-12,0.642881548672917
2018-01-16,0.6995514347185555
2018-01-17,0.6834095634095753
2018-01-18,0.6702146383974625
2018-01-19,0.6479811199942859
2018-01-22,0.5899659280866772
2018-01-23,0.6226222600952541
2018-01-24,0.648052305761795
2018-01-25,0.6323463498967068
2018-01-26,0.6145536278184363
2018-01-29,0.6356905616025282
2018-01-30,0.6730318656778683
2018-01-31,0.6423054754510643
2018-02-01,0.6055643622156482
2018-02-02,0.7302214641684796
2018-02-05,0.9712728613021059
2018-02-06,0.8620449328212166
2018-02-07,0.8287608186677096
2018-02-08,0.8823731993960372
2018-02-09,0.8446836837692685
2018-02-12,0.7550830917097181
2018-02-13,0.7170555301434742
2018-02-14,0.6764101243061229
2018-02-15,0.664933339699236
2018-02-16,0.6988285839502977
2018-02-20,0.648890213847405
2018-02-21,0.6597205347790916
2018-02-22,0.6670183704337246
2018-02-23,0.6373238987618679
2018-02-26,0.6158789598540849
2018-02-27,0.6533840358235361
2018-02-28,0.6905828023496378
2018-03-01,0.7585961359422609
2018-03-02,0.6961376392878899
2018-03-05,0.6471615437549612
2018-03-06,0.603861436252532
2018-03-07,0.5270821079754889
2018-03-08,0.5286889282326677
2018-03-09,0.5189453889715762
2018-03-12,0.49116173598957785
2018-03-13,0.5494330876285933
2018-03-14,0.6087539687695439
2018-03-15,0.5749646443547417
2018-03-16,0.6247153164751518
2018-03-19,0.7380754666314772
2018-03-20,0.6480813907495473
2018-03-21,0.651658281650812
2018-03-22,0.8060458326535839
2018-03-23,0.8315353880299129
2018-03-26,0.7583816198522854
2018-03-27,0.7864084335667312
2018-03-28,0.8046428895823928
2018-03-29,0.7445476600899824
2018-04-02,0.836487872364692
2018-04-03,0.7473338562373867
2018-04-04,0.7312909922746785
2018-04-05,0.6535959840430865
2018-04-06,0.7936284114472203
2018-04-09,0.7212623791766255
2018-04-10,0.7017209296674577
2018-04-11,0.6822252947538651
2018-04-12,0.6189166958418113
2018-04-13,0.6363698143066329
2018-04-16,0.5935303572160315
2018-04-17,0.5861708938693256
2018-04-18,0.5521014549962865
2018-04-19,0.5865958481360575
2018-04-20,0.6316585535130609
2018-04-23,0.5303676769122557
2018-04-24,0.5975755310389546
2018-04-25,0.6426528642483168
2018-04-26,0.5081420982917757
2018-04-27,0.4837333711337881
2018-04-30,0.5806624642812452
2018-05-01,0.5182692228450708
2018-05-02,0.5962660571990214
2018-05-03,0.691412283718989
2018-05-04,0.6137023252828885
2018-05-07,0.5127120090419431
2018-05-08,0.5399200006550894
2018-05-09,0.5310377006695256
2018-05-10,0.5184238759755402
2018-05-11,0.5009157752969288
2018-05-14,0.4860789991633594
2018-05-15,0.6054778638262592
2018-05-16,0.5348354381302393
2018-05-17,0.5372867484902744
2018-05-18,0.5591215163147812
2018-05-21,0.5017747349474607
2018-05-22,0.5127439557276476
2018-05-23,0.5082400754352546
2018-05-24,0.5462507967039653
2018-05-25,0.5617717819492646
2018-05-29,0.7720531938906534
2018-05-30,0.5920881649990105
2018-05-31,0.6779507697390349
2018-06-01,0.5536011458189429
2018-06-04,0.4796697782085179
2018-06-05,0.5011169093741082
2018-06-06,0.4990410759216071
2018-06-07,0.5406445252741938
2018-06-08,0.5533672758375638
2018-06-11,0.5397299923281781
2018-06-12,0.5863062937483735
2018-06-13,0.6225036831692999
2018-06-14,0.5851317325080508
2018-06-15,0.6611856864640145
2018-06-18,0.5497080275566892
2018-06-19,0.6715688326794659
2018-06-20,0.5840246168388855
2018-06-21,0.6727945544227386
2018-06-22,0.6151459259449742
2018-06-25,0.8115909446162219
2018-06-26,0.6957220205957624
2018-06-27,0.7970862943193341
2018-06-28,0.7711513882443306
2018-06-29,0.7911109524248624
2018-07-02,0.7314684013090963
2018-07-03,0.7159991552564547
2018-07-05,0.6935125239680121
2018-07-06,0.6964256790367122
2018-07-09,0.6003293872463462
2018-07-10,0.6037514217894965
2018-07-11,0.7300178924418739
2018-07-12,0.6294462034401285
2018-07-13,0.5751562207353255
2018-07-16,0.5937961827472015
2018-07-17,0.5820464553534797
2018-07-18,0.549919099949317
2018-07-19,0.6261223294416665
2018-07-20,0.686965317444027
2018-07-23,0.5413599395393756
2018-07-24,0.6137128462841867
2018-07-25,0.6158674794326521
2018-07-26,0.5481168392587888
2018-07-27,0.6333747301056343
2018-07-30,0.6327547168845458
2018-07-31,0.6189213888903841
2018-08-01,0.5660732234310665
2018-08-02,0.5821408186739405
2018-08-03,0.5336100999945609
2018-08-06,0.499114002166549
2018-08-07,0.5191456701492
2018-08-08,0.5272683541553355
2018-08-09,0.5238997569972837
2018-08-10,0.7499065730721984
2018-08-13,0.774515380934962
2018-08-14,0.6250741026963055
2018-08-15,0.819969885598255
2018-08-16,0.7289744903149044
2018-08-17,0.6794903891571522
2018-08-20,0.5744412167832912
2018-08-21,0.6753242042753368
2018-08-22,0.5944317938615955
2018-08-23,0.6516890343773029
2018-08-24,0.6524596030633854
2018-08-27,0.6136722154008797
2018-08-28,0.5695062259081369
2018-08-29,0.6299102403496327
2018-08-30,0.6644370098477107
2018-08-31,0.6755035295074494
2018-09-04,0.6664950922118685
2018-09-05,0.7507748455686132
2018-09-06,0.775502699402321
2018-09-07,0.7951656387774797
2018-09-10,0.6896947325020553
2018-09-11,0.6433535723057399
2018-09-12,0.6790019065240275
2018-09-13,0.6217704098513567
2018-09-14,0.6436818710659449
2018-09-17,0.7807864203050608
2018-09-18,0.72354440308269
2018-09-19,0.6315501975142304
2018-09-20,0.7137831890972118
2018-09-21,0.7128427957657745
2018-09-24,0.6305413730015109
2018-09-25,0.6248082045566092
2018-09-26,0.8176302746201878
2018-09-27,0.7456212832833256
2018-09-28,0.7954137052446377
2018-10-01,0.7577196989150222
2018-10-02,0.6795347472282433
2018-10-03,0.7439303802931224
2018-10-04,0.8441556852947999
2018-10-05,0.8506539837333432
2018-10-08,0.8621387473148591
2018-10-09,0.8632082632305388
2018-10-10,0.9024162025193516
2018-10-11,0.9101238232871306
2018-10-12,0.84973573723672
2018-10-15,0.8238011332143708
2018-10-16,0.7688452567337025
2018-10-17,0.7627555204116431
2018-10-18,0.8032619739752556
2018-10-19,0.8039914129056579
2018-10-22,0.7603416508627378
2018-10-23,0.8217998819631148
2018-10-24,0.8575895687211567
2018-10-25,0.8267707465685908
2018-10-26,0.8450631743318994
2018-10-29,0.841746556148764
2018-10-30,0.8177415511095711
2018-10-31,0.7816303221998969
2018-11-01,0.7406795948300844
2018-11-02,0.7489525021599787
2018-11-05,0.6821030382545196
2018-11-06,0.6705340041898369
2018-11-07,0.6907770528679277
2018-11-08,0.5975566160807666
2018-11-09,0.6284094080558148
2018-11-12,0.7303954824962146
2018-11-13,0.7229804179831986
2018-11-14,0.7833282065961504
2018-11-15,0.7685224405294516
2018-11-16,0.7415194588518218
2018-11-19,0.751362136220726
2018-11-20,0.802066405511883
2018-11-21,0.7092942560717758
2018-11-23,0.6582147962534939
2018-11-26,0.695626515269628
2018-11-27,0.6476107537634146
2018-11-28,0.622805788519173
2018-11-29,0.604216027206712
2018-11-30,0.6430534141426989
2018-12-03,0.6207286314749094
2018-12-04,0.7701106806579715
2018-12-06,0.7980276120943866
2018-12-07,0.8140933739434454
2018-12-10,0.820424214934936
2018-12-11,0.7887871397605789
2018-12-12,0.7471313399574916
2018-12-13,0.72995963548304
2018-12-14,0.7770001292044865
2018-12-17,0.8462747851444351
2018-12-18,0.8394890789427398
2018-12-19,0.8864930738155993
2018-12-20,0.9240889133822735
2018-12-21,0.9524380873676884
2018-12-24,0.9741315747472572
2018-12-26,0.8619854877669942
2018-12-27,0.8542380343661581
2018-12-28,0.8308591502340043
2018-12-31,0.820437696536097
2019-01-02,0.8027121832237548
2019-01-03,0.8302868199488982
2019-01-04,0.7611735606356173
2019-01-07,0.6916837235453291
2019-01-08,0.6715294701786281
2019-01-09,0.6490199437968897
2019-01-10,0.6360435044782992
2019-01-11,0.6076211331916411
2019-01-14,0.6188726822114886
2019-01-15,0.6214454463055866
2019-01-16,0.5782602030111659
2019-01-17,0.5299115058638518
2019-01-18,0.5629356865312801
2019-01-22,0.5819778486234963
2019-01-23,0.5165957717066667
2019-01-24,0.4873867094475675
2019-01-25,0.5362185263265866
2019-01-28,0.5509545377072319
2019-01-29,0.5335930408499706
2019-01-30,0.5564927152364476
2019-01-31,0.5745215981292751
2019-02-01,0.5356071663299656
2019-02-04,0.5104185936638926
2019-02-05,0.5875623221683394
2019-02-06,0.5563705705238392
2019-02-07,0.6359820117694702
2019-02-08,0.5917370542470494
2019-02-11,0.5858919404017264
2019-02-12,0.56428703198948
2019-02-13,0.558317358830274
2019-02-14,0.6113350095143345
2019-02-15,0.6079829553833888
2019-02-19,0.5486162543772245
2019-02-20,0.576784682285726
2019-02-21,0.5652201086753426
2019-02-22,0.5815364736848139
2019-02-25,0.5833474828638616
2019-02-26,0.5773113199605048
2019-02-27,0.5608424200635908
2019-02-28,0.581923128140362
2019-03-01,0.5903594873920471
2019-03-04,0.686009253896665
2019-03-05,0.6161194685797561
2019-03-06,0.7058331378206776
2019-03-07,0.7952594567815493
2019-03-08,0.7766383306084603
2019-03-11,0.6266080040451354
2019-03-12,0.6439688322568883
2019-03-13,0.6165604162958003
2019-03-14,0.6309877955727299
2019-03-15,0.6502250239647679
2019-03-18,0.604762706640749
2019-03-19,0.7038047210636478
2019-03-20,0.7236525401851149
2019-03-21,0.6752024059942379
2019-03-22,0.8114241905001469
2019-03-25,0.7895416594548216
2019-03-26,0.7006660917353925
2019-03-27,0.7310650358713761
2019-03-28,0.6593822397310553
2019-03-29,0.7035565758628235
2019-04-01,0.6592702514350514
2019-04-02,0.5658112839292825
2019-04-03,0.6146851225841519
2019-04-04,0.546553500534991
2019-04-05,0.5413650793536043
2019-04-08,0.536109494630258
2019-04-09,0.6295291133007471
2019-04-10,0.5676329425662996
2019-04-11,0.5835452789738155
2019-04-12,0.6108297418264347
2019-04-15,0.5519651442718224
2019-04-16,0.5557641901009757
2019-04-17,0.5952249621188405
2019-04-18,0.6302158846843833
2019-04-22,0.5852802923137549
2019-04-23,0.5723673438524691
2019-04-24,0.5985902961809649
2019-04-25,0.6390507546799443
2019-04-26,0.6054870778237997
2019-04-29,0.6381771946423749
2019-04-30,0.7490834234222219
2019-05-01,0.8317040626743225
2019-05-02,0.791893902750069
2019-05-03,0.6547362138667111
2019-05-06,0.8650436139307501
2019-05-07,0.9567067547822802
2019-05-08,0.9383392999219962
2019-05-09,0.9459087200817521
2019-05-10,0.8840885809074283
2019-05-13,0.9405339884446778
2019-05-14,0.8522124236347505
2019-05-15,0.8196650790096567
2019-05-16,0.7880043397007396
2019-05-17,0.8389352885457497
2019-05-20,0.7584599628653889
2019-05-21,0.6743034823351266
2019-05-22,0.6954695600993303
2019-05-23,0.8645025012116774
2019-05-24,0.7453316241608424
2019-05-28,0.8344548623680642
2019-05-29,0.9079681688308513
2019-05-30,0.8299910983249875
2019-05-31,0.9354499984680541
2019-06-03,0.9517092381280051
2019-06-04,0.8549421662424028
2019-06-05,0.8081638693460077
2019-06-06,0.7918446080642338
2019-06-07,0.7959172341701325
2019-06-10,0.7050449927667284
2019-06-11,0.7096556780383944
2019-06-12,0.6443606005083377
2019-06-13,0.6676219306960561
2019-06-14,0.6994472121628211
2019-06-17,0.7109713892748007
2019-06-18,0.7856291817483657
2019-06-19,0.7531633898257639
2019-06-20,0.7937032506849381
2019-06-21,0.7664157418251767
2019-06-24,0.658089037659152
2019-06-25,0.7944854147069286
2019-06-26,0.68659516230535
2019-06-27,0.6553889591258297
2019-06-28,0.708323239939563
2019-07-01,0.7607434119276365
2019-07-02,0.6984554420045147
2019-07-03,0.6503860509235384
2019-07-05,0.6875069591114505
2019-07-08,0.6922044808530957
2019-07-09,0.6985073889471433
2019-07-10,0.7312614141284269
2019-07-11,0.6804012427343554
2019-07-12,0.6294803465944918
2019-07-15,0.6400149112595332
2019-07-16,0.6483506544641547
2019-07-17,0.6963940606518025
2019-07-18,0.7565374924854034
2019-07-19,0.8233313201888347
2019-07-22,0.7795989429225249
2019-07-23,0.7307146099846262
2019-07-24,0.7139456790627752
2019-07-25,0.7556658476626792
2019-07-26,0.68309575050705
2019-07-29,0.6946036530358767
2019-07-30,0.7549920272902182
2019-07-31,0.9748457743497747
2019-08-01,1.0
2019-08-02,1.0
2019-08-05,1.0
2019-08-06,0.9895294372636011
2019-08-07,0.9867244259761535
2019-08-08,0.9030230014135427
2019-08-09,0.9249649956795687
2019-08-12,0.9242678151785788
2019-08-13,0.9137724939064249
2019-08-14,0.9721740333856151
2019-08-15,0.941438891782696
2019-08-16,0.8922864085722577
2019-08-19,0.8009282294981991
2019-08-20,0.811127588793013
2019-08-21,0.7903109401773222
2019-08-22,0.803297064798365
2019-08-23,0.9441713698333712
2019-08-26,0.878985633399107
2019-08-27,0.8807487054049163
2019-08-28,0.8497920248148111
2019-08-29,0.8182216845370699
2019-08-30,0.8320227403720478
2019-09-03,0.8486520795381932
2019-09-04,0.6816693772999155
2019-09-05,0.7435369336651099
2019-09-06,0.6659090116073539
2019-09-09,0.7243722930795714
2019-09-10,0.7205616532969753
2019-09-11,0.6967775531232937
2019-09-12,0.7241852140445255
2019-09-13,0.6691042541435256
2019-09-16,0.679791755894156
2019-09-17,0.6509429596279724
2019-09-18,0.7525409179395705
2019-09-19,0.7467088649060246
2019-09-20,0.8114234681515579
2019-09-23,0.7092039028300481
2019-09-24,0.8603153154870977
2019-09-25,0.8204627509595362
2019-09-26,0.7832399979901147
2019-09-27,0.8832141574265514
2019-09-30,0.8453877068841699
2019-10-01,0.9698735827872972
2019-10-02,1.0
2019-10-03,0.9759768882436114
2019-10-04,0.9090280387057407
2019-10-07,0.9047937696219343
2019-10-08,0.9978472161428509
2019-10-09,0.8944075505584479
2019-10-10,0.8489284329303787
2019-10-11,0.8842610001617985
2019-10-14,0.7530110699999742
2019-10-15,0.7248513757440319
2019-10-16,0.7407116102406678
2019-10-17,0.7311756203618348
2019-10-18,0.798877003993239
2019-10-21,0.7062779705858517
2019-10-22,0.7362876541392356
2019-10-23,0.6833691068271603
2019-10-24,0.6949687158260759
2019-10-25,0.6790208965246993
2019-10-28,0.6407121964110034
2019-10-29,0.6638089279771485
2019-10-30,0.6412344724572016
2019-10-31,0.7186945020739944
2019-11-01,0.7060655855646578
2019-11-04,0.6965950903511496
2019-11-05,0.6304315448148449
2019-11-06,0.6657245977947127
2019-11-07,0.6947821672082961
2019-11-08,0.6652158684398083
2019-11-11,0.6673100592235813
2019-11-12,0.7026278424675865
2019-11-13,0.7956890015582135
2019-11-14,0.7965365560695523
2019-11-15,0.7771903373221066
2019-11-18,0.7677708922158532
2019-11-19,0.8703372619469096
2019-11-20,0.8888049682709204
2019-11-21,0.8390573335974388
2019-11-22,0.7625171384165385
2019-11-25,0.7444373221575598
2019-11-26,0.7091354229111132
2019-11-27,0.7284217984917869
2019-11-29,0.7255722814980506
2019-12-02,0.8910207160398214
2019-12-03,0.9818965009083588
2019-12-04,0.8538429268502957
2019-12-05,0.7955716726632861
2019-12-06,0.7676180557903506
2019-12-09,0.785302499164624
2019-12-10,0.8676128433902729
2019-12-11,0.8495048831384509
2019-12-12,0.8453545424508319
2019-12-13,0.8177585372546119
2019-12-16,0.7806349533376236
2019-12-17,0.7639060582944533
2019-12-18,0.7204237061844347
2019-12-19,0.7956714215257709
2019-12-20,0.7938440255670288
2019-12-23,0.7090749755760335
2019-12-24,0.6339447612207393
2019-12-26,0.6521911254310934
2019-12-27,0.7215757779743804
2019-12-30,0.7951611727565044
2019-12-31,0.7775297627303696
2020-01-02,0.7300527955205899
2020-01-03,0.8116702561661007
2020-01-06,0.7660648280059213
2020-01-07,0.7081206227269119
2020-01-08,0.7953900193162412
2020-01-09,0.7084240931423414
2020-01-10,0.7341853901847942
2020-01-13,0.6920576953587648
2020-01-14,0.7705222786106211
2020-01-15,0.7891577880618569
2020-01-16,0.7391210110673702
2020-01-17,0.7842610154270737
2020-01-21,0.8054402750752301
2020-01-22,0.7450998391019482
2020-01-23,0.774295388004111
2020-01-24,0.8883214374422552
2020-01-27,0.9733736701132663
2020-01-28,0.8835942603427064
2020-01-29,0.8628610827571906
2020-01-30,0.8790158653402512
2020-01-31,0.969718458290059
2020-02-03,0.9261422742906441
2020-02-04,0.816732177171274
2020-02-05,0.7764839065779441
2020-02-06,0.7099901688430927
2020-02-07,0.7944987835815046
2020-02-10,0.7104561460097535
2020-02-11,0.7495360158407941
2020-02-12,0.681466419857963
2020-02-13,0.7300262132669887
2020-02-14,0.7575097960936227
2020-02-18,0.7917571339251848
2020-02-19,0.7438494358103958
2020-02-20,0.8445847909212824
2020-02-21,0.9166740239831831
2020-02-24,1.0
2020-02-25,1.0
2020-02-26,1.0
2020-02-27,1.0
2020-02-28,1.0
2020-03-02,0.9900935016329043
2020-03-03,0.9980794017575589
2020-03-04,0.9001924888035208
2020-03-05,0.9440171570507885
2020-03-06,0.9716811349453485
2020-03-09,0.9992930859174615
2020-03-10,0.9273120486101085
2020-03-11,0.9312287664049657
2020-03-12,0.9705506533252112
2020-03-13,0.8947717817669889
2020-03-16,0.9304942454842232
2020-03-17,0.8927223879798722
2020-03-18,0.8319315200009995
2020-03-19,0.8266752630625334
2020-03-20,0.8620292163440988
2020-03-23,0.8694821485923888
2020-03-24,0.8390001458463541
2020-03-25,0.8426960544282583
2020-03-26,0.8270358348847071
2020-03-27,0.8363093260125795
2020-03-30,0.8052066776704967
2020-03-31,0.8082885632362024
2020-04-01,0.8126449480978959
2020-04-02,0.7963558293872679
2020-04-03,0.7675313642076232
2020-04-06,0.783808072316548
2020-04-07,0.7710772073528805
2020-04-08,0.7503660548537653
2020-04-09,0.6910076573039561
2020-04-13,0.5738527763114495
2020-04-14,0.5895701114553198
2020-04-15,0.6018726547917567
2020-04-16,0.6144219121450758
2020-04-17,0.6213519945152749
2020-04-20,0.59847638692896
2020-04-21,0.6307307578788587
2020-04-22,0.5918002884648182
2020-04-23,0.6215586902038844
2020-04-24,0.585639530308562
2020-04-27,0.5765932024339295
2020-04-28,0.6071329808934386
2020-04-29,0.6067091436993061
2020-04-30,0.6205170088016062
2020-05-01,0.6450154067560682
2020-05-04,0.6064413459785752
2020-05-05,0.5944302427658443
2020-05-06,0.6254531440495085
2020-05-07,0.612473175032061
2020-05-08,0.5965100908785633
2020-05-11,0.6030651527528025
2020-05-12,0.6579047939844377
2020-05-13,0.8209870732358339
2020-05-14,0.7246876513101311
2020-05-15,0.705470392883193
2020-05-18,0.6791561764563004
2020-05-19,0.6502211181821461
2020-05-20,0.6097436994083915
2020-05-21,0.628623251037007
2020-05-22,0.6094982863344912
2020-05-26,0.6252862213973975
2020-05-27,0.6408628781931615
2020-05-28,0.630731074191305
2020-05-29,0.6886103290810571
2020-06-01,0.6242558745424934
2020-06-02,0.6337609153770511
2020-06-03,0.6314124305559065
2020-06-04,0.6183510778824438
2020-06-05,0.666593841154007
2020-06-08,0.6071604706624035
2020-06-09,0.6308790231273186
2020-06-10,0.6538003641245583
2020-06-11,0.7985362322935279
2020-06-12,0.7508209849095477
2020-06-15,0.7101424952261085
2020-06-16,0.6968666104040465
2020-06-17,0.6567266817930438
2020-06-18,0.6488803675370055
2020-06-19,0.7531776652271228
2020-06-22,0.6368230085146075
2020-06-23,0.6196943780451102
2020-06-24,0.8006701816459332
2020-06-25,0.7402355656099702
2020-06-26,0.8543994645605939
2020-06-29,0.7416080278565752
2020-06-30,0.7864001062252032
2020-07-01,0.6886392774590112
2020-07-02,0.6953007781795897
2020-07-06,0.6428314799815796
2020-07-07,0.7651303462864932
2020-07-08,0.7079310945081557
2020-07-09,0.7748882423062878
2020-07-10,0.6893267446723484
2020-07-13,0.7818339333747807
2020-07-14,0.7422666623874291
2020-07-15,0.7081161415664884
2020-07-16,0.6857045459740435
2020-07-17,0.6596329148951151
2020-07-20,0.6253911066018852
2020-07-21,0.6276535494282033
2020-07-22,0.6275782295235682
2020-07-23,0.710190541355241
2020-07-24,0.698092948764224
2020-07-27,0.6366013642616458
2020-07-28,0.6937590974413833
2020-07-29,0.6655644229462712
2020-07-30,0.7182245514994378
2020-07-31,0.7715010067405551
2020-08-03,0.689689945388389
2020-08-04,0.7027167503981876
2020-08-05,0.6846940743710518
2020-08-06,0.6866469064654058
2020-08-07,0.7089586144053882
2020-08-10,0.6945740964002454
2020-08-11,0.7685918603480778
2020-08-12,0.699003573040805
2020-08-13,0.6838491410218631
2020-08-14,0.6939552801757062
2020-08-17,0.6622893241923618
2020-08-18,0.6890355233564889
2020-08-19,0.7784481374392671
2020-08-20,0.7337915562773598
2020-08-21,0.7685561453971098
2020-08-24,0.7379649126492481
2020-08-25,0.7136037336602931
2020-08-26,0.7731603270008282
2020-08-27,0.8399165472646742
2020-08-28,0.7993770386419712
2020-08-31,0.9088779086570414
2020-09-01,0.8692412127230478
2020-09-02,0.8741323708535574
2020-09-03,0.887752835920029
2020-09-04,0.8669673800059354
2020-09-08,0.8781751157873137
2020-09-09,0.8016201128925348
2020-09-10,0.8247707364458926
2020-09-11,0.8142297735137135
2020-09-14,0.7608948439409969
2020-09-15,0.7116440345832434
2020-09-16,0.7919379801475234
2020-09-17,0.8157349671969057
2020-09-18,0.8266808216297931
2020-09-21,0.8509705717180922
2020-09-22,0.783160929628329
2020-09-23,0.8602397860435049
2020-09-24,0.8367902611107345
2020-09-25,0.8114091285116517
2020-09-28,0.7815571495605377
2020-09-29,0.7477091623935249
2020-09-30,0.828804522136977
2020-10-01,0.818460326091746
2020-10-02,0.8391634427725649
2020-10-05,0.7043831580347545
2020-10-06,0.8266005481202017
2020-10-07,0.6886786951438512
2020-10-08,0.6673609594768753
2020-10-09,0.6548371140868962
2020-10-12,0.674342936557999
2020-10-13,0.7028806096853425
2020-10-14,0.6926131119338681
2020-10-15,0.7005017874624496
2020-10-16,0.7404259066357041
2020-10-19,0.725640824957012
2020-10-20,0.6792318771451088
2020-10-21,0.7022411682652666
2020-10-22,0.6610319475712926
2020-10-23,0.6337266420864827
2020-10-26,0.8197124429023345
2020-10-27,0.8436736013043756
2020-10-28,0.9471869962865959
2020-10-29,0.890472466452624
2020-10-30,0.9163646336153194
2020-11-02,0.8658382216211735
2020-11-03,0.8567266820062768
2020-11-04,0.7833946734879161
2020-11-05,0.7233882295613815
2020-11-06,0.7053003391215843
2020-11-09,0.7504799187680095
2020-11-10,0.725788058965529
2020-11-11,0.6338692245723455
2020-11-12,0.6887947962903734
2020-11-13,0.6186705915008862
2020-11-16,0.6138004757105509
2020-11-17,0.5850264775650669
2020-11-18,0.6326742989054369
2020-11-19,0.5836683768873651
2020-11-20,0.6500935090851344
2020-11-23,0.6092829063081538
2020-11-24,0.5443297975028614
2020-11-25,0.4923600995559865
2020-11-27,0.5064652843026275
2020-11-30,0.6173994072023493
2020-12-01,0.5905464189395745
2020-12-02,0.5080858725391454
2020-12-03,0.5737161195258376
2020-12-04,0.5406630137789862
2020-12-07,0.5744271355789963
2020-12-08,0.5510023813844469
2020-12-09,0.7002217043315216
2020-12-10,0.6575736355355555
2020-12-11,0.6918445220734114
2020-12-14,0.7473313614739402
2020-12-15,0.7035906408513708
2020-12-16,0.7187415604012247
2020-12-17,0.7108890706132992
2020-12-18,0.7806806958767761
2020-12-21,0.8344406010832838
2020-12-22,0.7081314792295754
2020-12-23,0.6966734584507005
2020-12-24,0.7211333378132417
2020-12-28,0.6979474014575257
2020-12-29,0.778983714333664
2020-12-30,0.7538593205181291
2020-12-31,0.8691941817396586
2021-01-04,0.9405402957446451
2021-01-05,0.8353057381688384
2021-01-06,0.8787935182774368
2021-01-07,0.7205410101023918
2021-01-08,0.7001915630772434
2021-01-11,0.6779200868945244
2021-01-12,0.6698359623320088
2021-01-13,0.6278015563965565
2021-01-14,0.6542048768908847
2021-01-15,0.8357932486375256
2021-01-19,0.6976445008107387
2021-01-20,0.6719881022326458
2021-01-21,0.6097497486714029
2021-01-22,0.6402203491143063
2021-01-25,0.7051401829922034
2021-01-26,0.6248007561555661
2021-01-27,0.9271325790060209
2021-01-28,0.8193732413994574
2021-01-29,0.8537330657154593
2021-02-01,0.7512208037671014
2021-02-02,0.6604727317517526
2021-02-03,0.5692269971191285
2021-02-04,0.5257125392134593
2021-02-05,0.5258638505818022
2021-02-08,0.5223373868357964
2021-02-09,0.5379133221501425
2021-02-10,0.6108672118723063
2021-02-11,0.5373108220336967
2021-02-12,0.544352227718122
2021-02-16,0.5473015184280283
2021-02-17,0.5410180724546428
2021-02-18,0.6088548000371931
2021-02-19,0.6785205534572881
2021-02-22,0.6772947298077489
2021-02-23,0.7031273617655102
2021-02-24,0.6393198721413472
2021-02-25,0.7526746995978759
2021-02-26,0.76032473031615
2021-03-01,0.639854964417442
2021-03-02,0.6070037537585914
2021-03-03,0.7236568116077419
2021-03-04,0.7819125795679857
2021-03-05,0.7043665026727882
2021-03-08,0.7174541997888095
2021-03-09,0.690462707909356
2021-03-10,0.677721282507926
2021-03-11,0.6311815053811513
2021-03-12,0.5711921815486987
2021-03-15,0.5776763639445444
2021-03-16,0.5875022751646619
2021-03-17,0.6016842715159153
2021-03-18,0.6532944433236193
2021-03-19,0.6404281404942384
2021-03-22,0.5649856870831483
2021-03-23,0.6057537471237303
2021-03-24,0.6339858160173161
2021-03-25,0.6366506431056541
2021-03-26,0.548784400769544
2021-03-29,0.5500393604916872
2021-03-30,0.5826974271853697
2021-03-31,0.5955250574079455
2021-04-01,0.5279181427624894
2021-04-05,0.5044831518425738
2021-04-06,0.47485623371974683
2021-04-07,0.44423845836891934
2021-04-08,0.46791400038936715
2021-04-09,0.470071145148248
2021-04-12,0.4792083746448516
2021-04-13,0.4811883094089487
2021-04-14,0.5102172631123205
2021-04-15,0.482565736559647
2021-04-16,0.5188681590631473
2021-04-19,0.5343118283022382
2021-04-20,0.5661436844467058
2021-04-21,0.5112527459370525
2021-04-22,0.5883987653286589
2021-04-23,0.5152495713768531
2021-04-26,0.46586086865582055
2021-04-27,0.4795066299852541
2021-04-28,0.4737695421488253
2021-04-29,0.5380896783004133
2021-04-30,0.5750383054973401
2021-05-03,0.5615079489383074
2021-05-04,0.7014209387298568
2021-05-05,0.6137576674533567
2021-05-06,0.6210992358050407
2021-05-07,0.5629302217064619
2021-05-10,0.664227987110494
2021-05-11,0.7396901670318389
2021-05-12,0.7988465638651477
2021-05-13,0.706791939276015
2021-05-14,0.6136082866236566
2021-05-17,0.5783917033213656
2021-05-18,0.5814665827623827
2021-05-19,0.6905336106361443
2021-05-20,0.6272076235887086
2021-05-21,0.6095207689706622
2021-05-24,0.5290477150663647
2021-05-25,0.56215311187787
2021-05-26,0.5205518658197251
2021-05-27,0.5299960478131235
2021-05-28,0.5460221945883932
2021-06-01,0.5347961610284603
2021-06-02,0.5240851242693985
2021-06-03,0.5392343912958973
2021-06-04,0.5154117630206974
2021-06-07,0.5144251834034806
2021-06-08,0.5310101868305178
2021-06-09,0.5396614663812652
2021-06-10,0.5102722537637373
2021-06-11,0.4783302808289451
2021-06-14,0.5176108665392185
2021-06-15,0.6405161223325857
2021-06-16,0.7416075714626359
2021-06-17,0.7751762393604668
2021-06-18,0.8249082949572758
2021-06-21,0.6841281513207096
2021-06-22,0.602033880468569
2021-06-23,0.6025045438579192
2021-06-24,0.5644472543381215
2021-06-25,0.5963708167108116
2021-06-28,0.5871592450584909
2021-06-29,0.5482287254545112
2021-06-30,0.6397991970788851
2021-07-01,0.5755577240221389
2021-07-02,0.5630346738587664
2021-07-06,0.6620328349016634
2021-07-07,0.6376320752508967
2021-07-08,0.7478559498605185
2021-07-09,0.6278892491865063
2021-07-12,0.5582480371216635
2021-07-13,0.5820153323743492
2021-07-14,0.6193742745532588
2021-07-15,0.6049268108521989
2021-07-16,0.6899139931087449
2021-07-19,0.8027476597910596
2021-07-20,0.6863083042214934
2021-07-21,0.6287287338102487
2021-07-22,0.579214082651926
2021-07-23,0.5927512682613313
2021-07-26,0.5378801936538118
2021-07-27,0.6676998301868545
2021-07-28,0.6091829918619023
2021-07-29,0.5688022730638629
2021-07-30,0.6623163610424126
2021-08-02,0.6712317451819737
2021-08-03,0.6482571721006946
2021-08-04,0.6110769921276278
2021-08-05,0.5669372688701536
2021-08-06,0.553397794985176
2021-08-09,0.5710905506878997
2021-08-10,0.5833366167824598
2021-08-11,0.5634978089457848
2021-08-12,0.5314100277521514
2021-08-13,0.5324463856051294
2021-08-16,0.6361392828581544
2021-08-17,0.7068556242102039
2021-08-18,0.8401920582262368
2021-08-19,0.8749537457084035
2021-08-20,0.7616724998139651
2021-08-23,0.6995733407135046
2021-08-24,0.6299977230394359
2021-08-25,0.6153127410027316
2021-08-26,0.7263587027084877
2021-08-27,0.6963742301235264
2021-08-30,0.6073231529129014
2021-08-31,0.6449095052249342
2021-09-01,0.629508801234363
2021-09-02,0.5986068625200341
2021-09-03,0.6354366914946513
2021-09-07,0.6904638523572336
2021-09-08,0.7064912283079967
2021-09-09,0.7469935452491815
2021-09-10,0.8305595424556493
2021-09-13,0.7954229335537621
2021-09-14,0.799182828226099
2021-09-15,0.7491018687899972
2021-09-16,0.7551209018810586
2021-09-17,0.8246199813007418
2021-09-20,0.8893067445387043
2021-09-21,0.8596984922584577
2021-09-22,0.8055942125058925
2021-09-23,0.7032116633266967
2021-09-24,0.661965237550677
2021-09-27,0.6714431141152796
2021-09-28,0.7847467064641336
2021-09-29,0.742278636983177
2021-09-30,0.7791204833652717
2021-10-01,0.7456000055933721
2021-10-04,0.7733074559861608
2021-10-05,0.7044479674274725
2021-10-06,0.7167647718570046
2021-10-07,0.6393317358880021
2021-10-08,0.6257515457188599
2021-10-11,0.6231027434184272
2021-10-12,0.6486507032632123
2021-10-13,0.6412254475067616
2021-10-14,0.6045421672378403
2021-10-15,0.5727648297645409
2021-10-18,0.5498091918276544
2021-10-19,0.43286667497333897
2021-10-20,0.4243033004612912
2021-10-21,0.40937438858465597
2021-10-22,0.5189303407222056
2021-10-25,0.4671106215833369
2021-10-26,0.5093403012739662
2021-10-27,0.5635034740639319
2021-10-28,0.4788463285499283
2021-10-29,0.5289364468412557
2021-11-01,0.47839736797206606
2021-11-02,0.5024140500581079
2021-11-03,0.4905057813967293
2021-11-04,0.5090811602729036
2021-11-05,0.5900598303723906
2021-11-08,0.5518035696368746
2021-11-09,0.5928995104855522
2021-11-10,0.6219252886283271
2021-11-11,0.4991552222083849
2021-11-12,0.5781781323223889
2021-11-15,0.5631813181559003
2021-11-16,0.5623745105728785
2021-11-17,0.6205094247766553
2021-11-18,0.6537779092496482
2021-11-19,0.7074017858505437
2021-11-22,0.7488085786997823
2021-11-23,0.7548998909569482
2021-11-24,0.7186017850826678
2021-11-26,0.9066853677404659
2021-11-29,0.7692175758977409
2021-11-30,0.8658484543547362
2021-12-01,0.9102906979012341
2021-12-02,0.838714607484144
2021-12-03,0.8974475720326055
2021-12-06,0.8044680829298971
2021-12-07,0.7006901471629403
2021-12-08,0.6260583685801557
2021-12-09,0.6325088931494747
2021-12-10,0.6136511251647898
2021-12-13,0.6713003672005954
2021-12-14,0.7038162619243734
2021-12-15,0.6622197597761584
2021-12-16,0.6911759343229532
2021-12-17,0.7264699907103226
2021-12-20,0.7223754794833593
2021-12-21,0.6263849697178328
2021-12-22,0.5654324445698221
2021-12-23,0.5267185513986895
2021-12-27,0.5097091524490659
2021-12-28,0.4354313462401047
2021-12-29,0.4640563315760786
2021-12-30,0.4576484428554919
2021-12-31,0.4756367569404871
2022-01-03,0.47129250782090565
2022-01-04,0.46412648805642226
2022-01-05,0.5892829595586703
2022-01-06,0.6102417158989951
2022-01-07,0.6021489839597199
2022-01-10,0.6293946075441268
2022-01-11,0.5809214328456667
2022-01-12,0.5432598774710832
2022-01-13,0.6218026864153559
2022-01-14,0.6268359172549857
2022-01-18,0.6680125647108257
2022-01-19,0.6826345743691798
2022-01-20,0.710459941315166
2022-01-21,0.7886128936143364
2022-01-24,0.8095290266468238
2022-01-25,0.8142973480249824
2022-01-26,0.8369985937376309
2022-01-27,0.8181959807979816
2022-01-28,0.7479959907187202
2022-01-31,0.6987127960597007
2022-02-01,0.6518163004935387
2022-02-02,0.6475721109947089
2022-02-03,0.6540779651036067
2022-02-04,0.6309136936023504
2022-02-07,0.5931751662740447
2022-02-08,0.5675274952720273
2022-02-09,0.5632828130229328
2022-02-10,0.6445463666216726
2022-02-11,0.6955863310829082
2022-02-14,0.6702813983742627
2022-02-15,0.5940572276742558
2022-02-16,0.5648462736717083
2022-02-17,0.6334165256579677
2022-02-18,0.659653063957327
2022-02-22,0.6573085600413678
2022-02-23,0.6787342951383394
2022-02-24,0.6809996705110996
2022-02-25,0.5812094388280596
2022-02-28,0.6429005804815265
2022-03-01,0.7259282699777513
2022-03-02,0.6626465649943895
2022-03-03,0.6583117033598205
2022-03-04,0.7065880209344458
2022-03-07,0.7479633549391869
2022-03-08,0.7451454908280013
2022-03-09,0.6578323936842813
2022-03-10,0.5966456452291785
2022-03-11,0.611184197860385
2022-03-14,0.6113054789655625
2022-03-15,0.60269749994537
2022-03-16,0.5920999755043015
2022-03-17,0.5429531175741433
2022-03-18,0.5260593335597216
2022-03-21,0.4650642142798301
2022-03-22,0.38584286162759257
2022-03-23,0.40699025653008897
2022-03-24,0.3269620648143632
2022-03-25,0.3463928836225927
2022-03-28,0.3419666945316758
2022-03-29,0.3510650972808667
2022-03-30,0.3359720006475093
2022-03-31,0.4708310924000805
2022-04-01,0.3827376458044129
2022-04-04,0.3031546264222855
2022-04-05,0.3312980232213711
2022-04-06,0.40931917604970297
2022-04-07,0.3664631647477674
2022-04-08,0.36176546238906454
2022-04-11,0.42131442352175164
2022-04-12,0.3988983267447479
2022-04-13,0.3748907576016513
2022-04-14,0.5108752816964489
2022-04-18,0.4601377281962182
2022-04-19,0.465963919283501
2022-04-20,0.437031269433467
2022-04-21,0.5216784412569836
2022-04-22,0.640841983345367
2022-04-25,0.6314318714765802
2022-04-26,0.6592942432354286
2022-04-27,0.6716087173270759
2022-04-28,0.625335504378118
2022-04-29,0.6825911394228806
2022-05-02,0.6793592311172398
2022-05-03,0.5933270279715369
2022-05-04,0.6096969002876554
2022-05-05,0.6527435792703807
2022-05-06,0.6332942663836689
2022-05-09,0.6611782485626879
2022-05-10,0.6322255070546791
2022-05-11,0.6421426305061732
2022-05-12,0.6211268715522879
2022-05-13,0.5684541274639224
2022-05-16,0.4981412795118732
2022-05-17,0.49430901008934214
2022-05-18,0.5956401527412343
2022-05-19,0.5525581336200706
2022-05-20,0.608010326678344
2022-05-23,0.4854244474503349
2022-05-24,0.5410192674578247
2022-05-25,0.5318543722706724
2022-05-26,0.4848347799228851
2022-05-27,0.4874129952877127
2022-05-31,0.5053684985133032
2022-06-01,0.4934618712033297
2022-06-02,0.4482631122469202
2022-06-03,0.46591513961916275
2022-06-06,0.43251004170721635
2022-06-07,0.41290584272504205
2022-06-08,0.38794337974608256
2022-06-09,0.5058900743728024
2022-06-10,0.5947383980144852
2022-06-13,0.6618928007813442
2022-06-14,0.6174771607534494
2022-06-15,0.6249870632026387
2022-06-16,0.6547316084152875
2022-06-17,0.6260261712699094
2022-06-21,0.5232915133507744
2022-06-22,0.5734602139506382
2022-06-23,0.5666183524510761
2022-06-24,0.5710751165266487
2022-06-27,0.48861212451682645
2022-06-28,0.5898456477697215
2022-06-29,0.5533557223796638
2022-06-30,0.6673059062309797
2022-07-01,0.5738412787566689
2022-07-05,0.615512109387719
2022-07-06,0.5738636328983405
2022-07-07,0.5445564333607106
2022-07-08,0.5529466813448324
2022-07-11,0.5496549436922132
2022-07-12,0.5666068271633131
2022-07-13,0.6370406267826042
2022-07-14,0.6165801108724539
2022-07-15,0.5259798608460774
2022-07-18,0.536758831932307
2022-07-19,0.49570598800042287
2022-07-20,0.454117552329573
2022-07-21,0.4581262998675996
2022-07-22,0.5045304108498824
2022-07-25,0.4804212481962303
2022-07-26,0.5920154832858491
2022-07-27,0.5841115038406697
2022-07-28,0.5124179366303551
2022-07-29,0.5298835598053319
2022-08-01,0.502425450470464
2022-08-02,0.5033128020956058
2022-08-03,0.4885712168778537
2022-08-04,0.4489252746647719
2022-08-05,0.4566548470575387
2022-08-08,0.4652970789412325
2022-08-09,0.46089617398879384
2022-08-10,0.4926151605739373
2022-08-11,0.4496854496826914
2022-08-12,0.45725444121368164
2022-08-15,0.4464324547047788
2022-08-16,0.46988343191469734
2022-08-17,0.4949175060332363
2022-08-18,0.44910112271503017
2022-08-19,0.526799853254096
2022-08-22,0.6018354434632592
2022-08-23,0.5164310001117856
2022-08-24,0.4824192897938632
2022-08-25,0.5148560766401011
2022-08-26,0.7435841647988265
2022-08-29,0.6938330519688863
2022-08-30,0.7575795486235425
2022-08-31,0.7345329749591474
2022-09-01,0.7280746707552308
2022-09-02,0.7635724553434059
2022-09-06,0.7268065481468636
2022-09-07,0.6889568673898152
2022-09-08,0.6963415083726231
2022-09-09,0.6853466954690776
2022-09-12,0.66648864458686
2022-09-13,0.7905153212565142
2022-09-14,0.7477801816135875
2022-09-15,0.7498490761972844
2022-09-16,0.7665534140202482
2022-09-19,0.7075843775576945
2022-09-20,0.7371948220529726
2022-09-21,0.7902649027128866
2022-09-22,0.7291461638331466
2022-09-23,0.7784756352467964
2022-09-26,0.7619425246780636
2022-09-27,0.7833063083614681
2022-09-28,0.7856625733850393
2022-09-29,0.7922129340392
2022-09-30,0.7793078988822776
2022-10-03,0.7418866339472543
2022-10-04,0.7424050010816959
2022-10-05,0.7005802734843378
2022-10-06,0.7068531253766489
2022-10-07,0.7393254154730534
2022-10-10,0.6993296580301399
2022-10-11,0.7418470898766353
2022-10-12,0.7604587436422282
2022-10-13,0.7968709867454283
2022-10-14,0.7835398290461892
2022-10-17,0.738611367025555
2022-10-18,0.7511800138769172
2022-10-19,0.7167223172378582
2022-10-20,0.7119533812374409
2022-10-21,0.7315417973573184
2022-10-24,0.6395936544136195
2022-10-25,0.58592578156045
2022-10-26,0.63122614770586
2022-10-27,0.6411832817079213
2022-10-28,0.5967370687161061
2022-10-31,0.5868814152862556
2022-11-01,0.6023715914005249
2022-11-02,0.7360114766685601
2022-11-03,0.6847555070274179
2022-11-04,0.6803439202586176
2022-11-07,0.5250316597894311
2022-11-08,0.577813332793418
2022-11-09,0.5756812279827311
2022-11-10,0.6139410644202081
2022-11-11,0.5600433651511699
2022-11-14,0.4951062418730002
2022-11-15,0.5707347354406593
2022-11-16,0.4971058220136784
2022-11-17,0.513792614210009
2022-11-18,0.5617790221795094
2022-11-21,0.47760970097719596
2022-11-22,0.47264918490379876
2022-11-23,0.4916535523527023
2022-11-25,0.4709327908821215
2022-11-28,0.5178575931003092
2022-11-29,0.5387365269613981
2022-11-30,0.6228546988196132
2022-12-01,0.5150096039531628
2022-12-02,0.525334768901847
2022-12-05,0.5180468295162122
2022-12-06,0.5622225751189516
2022-12-07,0.5458943420875669
2022-12-08,0.524827721697657
2022-12-09,0.5664963067826663
2022-12-12,0.6457575738171242
2022-12-13,0.7136813101885919
2022-12-14,0.6872016609539177
2022-12-15,0.7451244851421391
2022-12-16,0.744910842286932
2022-12-19,0.6641439340490617
2022-12-20,0.6331034411249584
2022-12-21,0.6250688826513241
2022-12-22,0.7120705790030444
2022-12-23,0.591058157293359
2022-12-27,0.5905428090923804
2022-12-28,0.6445112933108826
2022-12-29,0.6113273512340357
2022-12-30,0.6867299550234699
2023-01-03,0.675037705505776
2023-01-04,0.6967135846452717
2023-01-05,0.6768990311404147
2023-01-06,0.7003932237117044
2023-01-09,0.6399637945724052
2023-01-10,0.5953962497732176
2023-01-11,0.5940738847470999
2023-01-12,0.6510586650424455
2023-01-13,0.5701316746998941
2023-01-17,0.5692377521006619
2023-01-18,0.6848248384618772
2023-01-19,0.6631392180411722
2023-01-20,0.6098123144986146
2023-01-23,0.5790797363658307
2023-01-24,0.5162600932542983
2023-01-25,0.5897939904690752
2023-01-26,0.5355477972723213
2023-01-27,0.5169382427706242
2023-01-30,0.5512438906050177
2023-01-31,0.5851308335070584
2023-02-01,0.5836631280359609
2023-02-02,0.5795257109504531
2023-02-03,0.569155640398487
2023-02-06,0.4757754545206451
2023-02-07,0.5667945637160977
2023-02-08,0.5496611014349625
2023-02-09,0.5900616112565561
2023-02-10,0.5781680788173015
2023-02-13,0.5416512015299818
2023-02-14,0.6059438171829834
2023-02-15,0.5007119875972611
2023-02-16,0.5783275180729017
2023-02-17,0.6008482683301201
2023-02-21,0.6729479694911085
2023-02-22,0.6814421512666343
2023-02-23,0.6858722055696579
2023-02-24,0.7164334585823583
2023-02-27,0.6615638933186238
2023-02-28,0.6995742847318572
2023-03-01,0.6973154587361767
2023-03-02,0.6626842425993424
2023-03-03,0.6607558014382876
2023-03-06,0.617057364815667
2023-03-07,0.7227587335859966
2023-03-08,0.6301210270064733
2023-03-09,0.7727570746714744
2023-03-10,0.8244941838394922
2023-03-13,0.8487351486069322
2023-03-14,0.7911693281458589
2023-03-15,0.8438748044802736
2023-03-16,0.7778525012441234
2023-03-17,0.8176699252376661
2023-03-20,0.7489462478618879
2023-03-21,0.7010646890100941
2023-03-22,0.7454629008597901
2023-03-23,0.7586639340150382
2023-03-24,0.7390277839323999
2023-03-27,0.6410228987041954
2023-03-28,0.6035526978736849
2023-03-29,0.6055440432772411
2023-03-30,0.5613854427006623
2023-03-31,0.6381033780043702
2023-04-03,0.5646414274750556
2023-04-04,0.5833236787323602
2023-04-05,0.5735611446629846
2023-04-06,0.5579527331440793
2023-04-10,0.5306352483625221
2023-04-11,0.5055050096446013
2023-04-12,0.5820248102278169
2023-04-13,0.5605818620453545
2023-04-14,0.5310331072130974
2023-04-17,0.517876274849857
2023-04-18,0.5081831280907536
2023-04-19,0.4996126597842916
2023-04-20,0.6090119094390068
2023-04-21,0.6074525069557897
2023-04-24,0.5851986669852386
2023-04-25,0.7058917593541519
2023-04-26,0.6771333886363058
2023-04-27,0.6083309135528717
2023-04-28,0.6053211430372502
2023-05-01,0.5300901030671343
2023-05-02,0.708840358076752
2023-05-03,0.7128045989710382
2023-05-04,0.7441403563092299
2023-05-05,0.6315731915708072
2023-05-08,0.53401683093231
2023-05-09,0.5523404346669941
2023-05-10,0.6507715594599858
2023-05-11,0.5957993502284087
2023-05-12,0.6203560619046748
2023-05-15,0.5609217085076156
2023-05-16,0.5938656494391944
2023-05-17,0.6345163788772213
2023-05-18,0.6205689360850576
2023-05-19,0.6279742261186371
2023-05-22,0.5348264239345923
2023-05-23,0.6391862930460276
2023-05-24,0.6597084043958675
2023-05-25,0.6286140982469393
2023-05-26,0.6324371203390255
2023-05-30,0.6039165585792788
2023-05-31,0.6970944697877748
2023-06-01,0.6017199638754536
2023-06-02,0.5469119459437145
2023-06-05,0.476176227488503
2023-06-06,0.5012153093140118
2023-06-07,0.5544237116004922
2023-06-08,0.4782522626938399
2023-06-09,0.548012778598847
2023-06-12,0.5262363731296925
2023-06-13,0.5538020993570633
2023-06-14,0.56229925265195
2023-06-15,0.5716732021971389
2023-06-16,0.574653543338019
2023-06-20,0.5303344477990142
2023-06-21,0.5335185420271741
2023-06-22,0.4993649546271364
2023-06-23,0.5833186583451457
2023-06-26,0.533317193888189
2023-06-27,0.5140638561012004
2023-06-28,0.540928798181064
2023-06-29,0.4916360238966821
2023-06-30,0.5752153395698346
2023-07-03,0.43346614943567613
2023-07-05,0.4933722309508934
2023-07-06,0.6059342568177956
2023-07-07,0.6141741463728915
2023-07-10,0.5180175903434076
2023-07-11,0.5222471052568695
2023-07-12,0.5875741319056368
2023-07-13,0.5369560459251006
2023-07-14,0.5330757935913558
2023-07-17,0.4733551922667612
2023-07-18,0.5955246705264404
2023-07-19,0.5387537741738166
2023-07-20,0.5547564655660007
2023-07-21,0.5477444484266447
2023-07-24,0.48694837341896197
2023-07-25,0.4837185904526357
2023-07-26,0.5409086824689903
2023-07-27,0.6441832664893496
2023-07-28,0.569473317879158
2023-07-31,0.5034177401768788
2023-08-01,0.525270197846587
2023-08-02,0.6822929509457966
2023-08-03,0.5802770960251659
2023-08-04,0.7102505703074949
2023-08-07,0.534837270882034
2023-08-08,0.6016659015481401
2023-08-09,0.6509534142216522
2023-08-10,0.6975052037856556
2023-08-11,0.616386617744268
2023-08-14,0.5447130877897126
2023-08-15,0.6626617938747228
2023-08-16,0.6949870462808443
2023-08-17,0.7511006210384257
2023-08-18,0.7458553945117639
2023-08-21,0.6418061207827149
2023-08-22,0.6312811895182172
2023-08-23,0.6243096025876699
2023-08-24,0.712350109192421
2023-08-25,0.6988204999715913
2023-08-28,0.5746575863148804
2023-08-29,0.6366124223635445
2023-08-30,0.5715854230230099
2023-08-31,0.5526320339426684
2023-09-01,0.49432319984108747
2023-09-05,0.4905931230452492
2023-09-06,0.587699814500758
2023-09-07,0.5857954331875781
2023-09-08,0.5293771945197827
2023-09-11,0.509696497315341
2023-09-12,0.5623965165120617
2023-09-13,0.5259337001617718
2023-09-14,0.5707729242655227
2023-09-15,0.63007771404162
2023-09-18,0.4732234846095869
2023-09-19,0.5340151004629824
2023-09-20,0.6312061601683308
2023-09-21,0.6889477517343358
2023-09-22,0.7034998713115573
2023-09-25,0.6184016391403909
2023-09-26,0.7184562170012457
2023-09-27,0.7219032844516082
2023-09-28,0.7103267015711076
2023-09-29,0.7407834886781846
2023-10-02,0.6977975653171451
2023-10-03,0.7609767580990078
2023-10-04,0.7112060550560745
2023-10-05,0.6534863100590225
2023-10-06,0.7022623441812296
2023-10-09,0.6497254168039504
2023-10-10,0.6400742143424306
2023-10-11,0.5552853808458126
2023-10-12,0.6390749903988199
2023-10-13,0.7204269480519914
2023-10-16,0.6178497134758432
2023-10-17,0.6213002288945765
2023-10-18,0.6884448223320924
2023-10-19,0.7396490571927147
2023-10-20,0.7473043740086304
2023-10-23,0.6948116332465805
2023-10-24,0.6378420898151197
2023-10-25,0.6930393419716133
2023-10-26,0.7285637648162732
2023-10-27,0.7378273920010748
2023-10-30,0.6610076564492308
2023-10-31,0.6111994561912604
2023-11-01,0.6245091309351459
2023-11-02,0.5830764327913838
2023-11-03,0.5713595777786363
2023-11-06,0.4783248347981215
2023-11-07,0.47585351038381357
2023-11-08,0.4781922632437336
2023-11-09,0.5830056033824965
2023-11-10,0.5529591670032681
2023-11-13,0.4417781514280654
2023-11-14,0.5671679245909135
2023-11-15,0.5007527586981677
2023-11-16,0.43823735815132575
2023-11-17,0.4876468412283141
2023-11-20,0.4190562198200764
2023-11-21,0.37486388693869444
2023-11-22,0.38107407209883
2023-11-24,0.35993121164729186
2023-11-27,0.3782460222137009
2023-11-28,0.40466447473167433
2023-11-29,0.4224496288007151
2023-11-30,0.47294750572448363
2023-12-01,0.502113027734683
2023-12-04,0.47397708784525133
2023-12-05,0.4908294573286785
2023-12-06,0.5024760301235691
2023-12-07,0.4834186374401162
2023-12-08,0.5148065419476172
2023-12-11,0.44428839091690153
2023-12-12,0.4851675133928992
2023-12-13,0.5469137543712684
2023-12-14,0.6641922139158353
2023-12-15,0.6678217284908019
2023-12-18,0.5523618394591704
2023-12-19,0.4972609718147474
2023-12-20,0.6370804524975618
2023-12-21,0.5785958788857349
2023-12-22,0.5056665271040536
2023-12-26,0.46470656357735635
2023-12-27,0.5093521272165341
2023-12-28,0.5333348564634675
2023-12-29,0.6071552078500949
2024-01-02,0.6242651202947646
2024-01-03,0.6431321507954956
2024-01-04,0.5997641627497258
2024-01-05,0.5832999525590604
2024-01-08,0.5137419822338956
2024-01-09,0.49429572322627385
2024-01-10,0.4955546096766909
2024-01-11,0.5339860012648489
2024-01-12,0.4793843076195305
2024-01-16,0.6125166423229986
2024-01-17,0.5912509924432047
2024-01-18,0.6108737745690375
2024-01-19,0.6105205566493966
2024-01-22,0.5514597675892547
2024-01-23,0.4510344896334339
2024-01-24,0.5748134485379799
2024-01-25,0.5432404559704039
2024-01-26,0.5573334811693076
2024-01-29,0.5091354574385303
2024-01-30,0.5051007184904341
2024-01-31,0.6695509082178174
2024-02-01,0.6090665284370436
2024-02-02,0.5770687522112047
2024-02-05,0.512615596188858
2024-02-06,0.44120772620203424
2024-02-07,0.4927685748076331
2024-02-08,0.4162908103610617
2024-02-09,0.45786667130841135
2024-02-12,0.44913965766900105
2024-02-13,0.6040971841041759
2024-02-14,0.48445237694467985
2024-02-15,0.44520875636307194
2024-02-16,0.5091337065735417
2024-02-20,0.5419428614047702
2024-02-21,0.5011176813814069
2024-02-22,0.507831000927203
2024-02-23,0.4552615866767602
2024-02-26,0.42887858935319206
2024-02-27,0.4154689657705731
2024-02-28,0.45489421442650224
2024-02-29,0.533634164059726
2024-03-01,0.48793454385947954
2024-03-04,0.4225886148015867
2024-03-05,0.557712291403739
2024-03-06,0.5380298971949249
2024-03-07,0.49151569720405414
2024-03-08,0.6017340426342072
2024-03-11,0.5413005414539248
2024-03-12,0.5379706511918886
2024-03-13,0.4699279465512392
2024-03-14,0.5824085955696057
2024-03-15,0.6047340343399226
2024-03-18,0.573222026360655
2024-03-19,0.46993080613265253
2024-03-20,0.4708120539358986
2024-03-21,0.4296666907251152
2024-03-22,0.5624736016009961
2024-03-25,0.4593187273428308
2024-03-26,0.5223938502303338
2024-03-27,0.5547463849139852
2024-03-28,0.5823769695660154
2024-04-01,0.4953217939581917
2024-04-02,0.5812679441114686
2024-04-03,0.5131106169406048
2024-04-04,0.6592299122724553
2024-04-05,0.5915552223287179
2024-04-08,0.4954974230897958
2024-04-09,0.5641374459816649
2024-04-10,0.6152858562207072
2024-04-11,0.5679809283887901
2024-04-12,0.6705134772437811
2024-04-15,0.6945591282766769
2024-04-16,0.6345396594782459
2024-04-17,0.655810778699193
2024-04-18,0.6515964045877798
2024-04-19,0.73236617675721
2024-04-22,0.6176279120550336
2024-04-23,0.5724371828468415
2024-04-24,0.5328479908193494
2024-04-25,0.5807158356839232
2024-04-26,0.5590466572960278
2024-04-29,0.49152955603216514
2024-04-30,0.6175431736105333
2024-05-01,0.6268398859085313
2024-05-02,0.54494521693975
2024-05-03,0.5607925520079658
2024-05-06,0.4600353115584434
2024-05-07,0.46993471175490936
2024-05-08,0.45206866030584153
2024-05-09,0.4301927002242651
2024-05-10,0.44961758364166565
2024-05-13,0.43018183301005336
2024-05-14,0.4536821672487111
2024-05-15,0.43790043567716924
2024-05-16,0.38840445590028944
2024-05-17,0.4197203636771681
2024-05-20,0.3508035647654926
2024-05-21,0.35396565502588895
2024-05-22,0.40254686910193066
2024-05-23,0.4536057193361079
2024-05-24,0.3696255491986921
2024-05-28,0.38891560533900044
2024-05-29,0.4297999778352883
2024-05-30,0.44571737326501265
2024-05-31,0.529113134671546
2024-06-03,0.437941258528109
2024-06-04,0.45894627352816864
2024-06-05,0.47505066915919
2024-06-06,0.4486434698058654
2024-06-07,0.4425786140513919
2024-06-10,0.4386434131893034
2024-06-11,0.45073724726944103
2024-06-12,0.5208300801869695
2024-06-13,0.46694958602921544
2024-06-14,0.5133877489651727
2024-06-17,0.5404484296966419
2024-06-18,0.48008643843322624
2024-06-20,0.5966060373709098
2024-06-21,0.5868237567503848
2024-06-24,0.5243993928535898
2024-06-25,0.478333855886696
2024-06-26,0.4785305797095944
2024-06-27,0.4664554199930841
2024-06-28,0.5963162697856755
2024-07-01,0.4744811530907902
2024-07-02,0.49793421764904555
2024-07-03,0.48207864388078564
2024-07-05,0.5243588189121345
2024-07-08,0.5740009737213154
2024-07-09,0.5575645916260236
2024-07-10,0.5533753911808438
2024-07-11,0.5907111807367799
2024-07-12,0.5719183630892027
2024-07-15,0.544473840108109
2024-07-16,0.5274564554181486
2024-07-17,0.6174987963488201
2024-07-18,0.6491370604543643
2024-07-19,0.6772778667313547
2024-07-22,0.5433662413088357
2024-07-23,0.49215076838705857
2024-07-24,0.674308101564128
2024-07-25,0.6747502871927753
2024-07-26,0.6223209332466616
2024-07-29,0.5687714324802345
2024-07-30,0.6231498302719624
2024-07-31,0.652369234071608
2024-08-01,0.7357081638682929
2024-08-02,0.8252643249769265
2024-08-05,0.9772849501515278
2024-08-06,0.8463030991071429
2024-08-07,0.820731807657872
2024-08-08,0.748995762038097
2024-08-09,0.6787363627960018
2024-08-12,0.680355290197201
2024-08-13,0.686791904753449
2024-08-14,0.6438165130973929
2024-08-15,0.6487556747401858
2024-08-16,0.5884368749127064
2024-08-19,0.553973109532924
2024-08-20,0.5598773363652417
2024-08-21,0.5881850572357524
2024-08-22,0.6240122275785313
2024-08-23,0.5688237232551887
2024-08-26,0.5391236206225404
2024-08-27,0.5128525719146396
2024-08-28,0.5576977687897786
2024-08-29,0.5526497175849501
2024-08-30,0.5749823986538801
2024-09-03,0.6434151222519785
2024-09-04,0.5943412030198099
2024-09-05,0.5871916224293999
2024-09-06,0.6898845014696163
2024-09-09,0.6071485322118115
2024-09-10,0.5905050154277014
2024-09-11,0.6652122648694514
2024-09-12,0.6135359517667115
2024-09-13,0.5559471031948382
2024-09-16,0.5823847885807599
2024-09-17,0.6328584516704735
2024-09-18,0.6523553519483065
2024-09-19,0.6197809041983717
2024-09-20,0.6209867349485026
2024-09-23,0.5294515163871828
2024-09-24,0.5408480894808823
2024-09-25,0.4948039460093227
2024-09-26,0.5231444470721933
2024-09-27,0.5258166274821606
2024-09-30,0.5727321278345339
2024-10-01,0.6584279201688239
2024-10-02,0.5311937453032566
2024-10-03,0.5547319832070986
2024-10-04,0.5102841790835543
2024-10-07,0.5948529626032802
2024-10-08,0.5290897637668059
2024-10-09,0.5135751092016915
2024-10-10,0.5677252512919887
2024-10-11,0.5571129029682301
2024-10-14,0.5020485212423175
2024-10-15,0.6118380563626634
2024-10-16,0.5003588506852651
2024-10-17,0.4882793497926557
2024-10-18,0.5410164811452317
2024-10-21,0.5374907648396956
2024-10-22,0.5290161643166209
2024-10-23,0.6060483322995887
2024-10-24,0.5426243269307496
2024-10-25,0.6190739372789161
2024-10-28,0.5343983946696597
2024-10-29,0.5878606363026279
2024-10-30,0.6112065331601706
2024-10-31,0.6779372127389921
2024-11-01,0.6112738060864576
2024-11-04,0.5932190514282961
2024-11-05,0.55048511958397
2024-11-06,0.5510494172787771
2024-11-07,0.481989123792883
2024-11-08,0.4625345961694463
2024-11-11,0.42030904609260444
2024-11-12,0.4658761612541724
2024-11-13,0.47301680960952064
2024-11-14,0.4415815481299021
2024-11-15,0.5852614949706595
2024-11-18,0.4571380689739355
2024-11-19,0.532282819304018
2024-11-20,0.5405590479465167
2024-11-21,0.5025487752617211
2024-11-22,0.4336922051572705
2024-11-25,0.44600354799805014
2024-11-26,0.4510503328412308
2024-11-27,0.39164668803166053
2024-11-29,0.35591365902549127
2024-12-02,0.33039273154318455
2024-12-03,0.32158341393540285
2024-12-04,0.3970241224017519
2024-12-05,0.3405046552783866
2024-12-06,0.4352645781566827
2024-12-09,0.5032899002841916
2024-12-10,0.530756694489305
2024-12-11,0.4406187178756267
2024-12-12,0.456588111826787
2024-12-13,0.4870693761378939
2024-12-16,0.5466137481342218
2024-12-17,0.6786189341715211
2024-12-18,0.7510017396453327
2024-12-19,0.6998164399209111
2024-12-20,0.610264004049568
2024-12-23,0.5507639034178645
2024-12-24,0.42644117156331957
2024-12-26,0.47376913657709946
2024-12-27,0.5621747334162298
2024-12-30,0.5729140338780615
2024-12-31,0.5815447095493281
2025-01-02,0.5761617355154153
2025-01-03,0.49219868808890005
2025-01-06,0.529470902056317
2025-01-07,0.583978790635996
2025-01-08,0.5499289302200635
2025-01-10,0.6205845692057465
2025-01-13,0.5640704661828826
2025-01-14,0.5681547493041189
2025-01-15,0.5399114442250644
2025-01-16,0.5076289685206711
2025-01-17,0.5371819770292362
2025-01-21,0.471591718450421
2025-01-22,0.45007221898570426
2025-01-23,0.4085393500506776
2025-01-24,0.4092763328624236
2025-01-27,0.5784517746371667
2025-01-28,0.5021829679959685
2025-01-29,0.4797395871921617
2025-01-30,0.46298758897191816
2025-01-31,0.533928970117399
2025-02-03,0.5663056997824625
2025-02-04,0.4413508166323099
2025-02-05,0.4240789798521138
2025-02-06,0.4501205127150312
2025-02-07,0.5182269687867348
2025-02-10,0.406169369164463
2025-02-11,0.3958124654629987
2025-02-12,0.45496078878819685
2025-02-13,0.4211728124779495
2025-02-14,0.40362727154002237
2025-02-18,0.3951172719936418
2025-02-19,0.43919311902753827
2025-02-20,0.4963807888928562
2025-02-21,0.6413962270509607
2025-02-24,0.6224993270893663
2025-02-25,0.6457337362144869
2025-02-26,0.6010188332036764
2025-02-27,0.7044065673857167
2025-02-28,0.6646620410335854
2025-03-03,0.713056045310454
2025-03-04,0.7351284091373665
2025-03-05,0.6699866749996227
2025-03-06,0.722125241604707
2025-03-07,0.7013497010285713
2025-03-10,0.7575029177108638
2025-03-11,0.7358379364541614
2025-03-12,0.6879438207006489
2025-03-13,0.7082638504424273
2025-03-14,0.6434479218634634
2025-03-17,0.5961867892139754
2025-03-18,0.6559637477737462
2025-03-19,0.6364716065909354
2025-03-20,0.6314885638518247
2025-03-21,0.655463278920091
2025-03-24,0.5763928896686666
2025-03-25,0.5046743328545651
2025-03-26,0.567119631696885
2025-03-27,0.5371987767568717
2025-03-28,0.655626255178201
2025-03-31,0.6911820716077353
2025-04-01,0.6170637237776974
2025-04-02,0.645122077573323
2025-04-03,0.7462185979025856
2025-04-04,0.8406286400592867
2025-04-07,0.8225440031073205
2025-04-08,0.8390551519596632
2025-04-09,0.6225844625899656
2025-04-10,0.667199011301706
2025-04-11,0.5965493057924391
2025-04-14,0.5583118525314555
2025-04-15,0.5537912866661738
2025-04-16,0.6063297868069767
2025-04-17,0.5851936264551383
2025-04-21,0.5826595273961312
2025-04-22,0.568653523130132
2025-04-23,0.5779372932512756
2025-04-24,0.5345266005135405
2025-04-25,0.516126190538806
2025-04-28,0.5012150270232062
2025-04-29,0.47816471352574247
2025-04-30,0.5450742865571944
2025-05-01,0.4921324967470897
2025-05-02,0.46536708872069815
2025-05-05,0.36290350961225437
2025-05-06,0.36983944247753736
2025-05-07,0.38057314370138223
2025-05-08,0.37847545663866106
2025-05-09,0.4350944882535755
2025-05-12,0.41619156301253035
2025-05-13,0.3997929649186676
2025-05-14,0.3988332778696247
2025-05-15,0.403387339291271
2025-05-16,0.406142851851081
2025-05-19,0.39934767263043996
2025-05-20,0.39421272577389815
2025-05-21,0.46114053063807314
2025-05-22,0.42866323778366994
2025-05-23,0.48119715622112763
2025-05-27,0.43237588739917765
2025-05-28,0.42629408213607856
2025-05-29,0.4366774869241042
2025-05-30,0.46862491609973606
2025-06-02,0.41617991261337123
2025-06-03,0.4242299520547593
2025-06-04,0.41658426350900957
2025-06-05,0.47717830827029856
2025-06-06,0.3963802035981254
2025-06-09,0.3912440575428618
2025-06-10,0.40918824566395334
2025-06-11,0.5015588777256919
2025-06-12,0.5121210962972111
2025-06-13,0.5920854168449624
2025-06-16,0.53740012186513
2025-06-17,0.6009377721219739
2025-06-18,0.5742297536246016
2025-06-20,0.6008219379248182
2025-06-23,0.5571384972312283
2025-06-24,0.4721067516316944
2025-06-25,0.44402149332604396
2025-06-26,0.5088197200863823
2025-06-27,0.4982280021220237
2025-06-30,0.518949923628211
2025-07-01,0.48582844786248297
2025-07-02,0.47333638772774767
2025-07-03,0.4258225820527283
2025-07-07,0.4939603895899414
2025-07-08,0.4440399825422705
2025-07-09,0.463383129304074
2025-07-10,0.43810381905897855
2025-07-11,0.4631562354825005
2025-07-14,0.4091194128199897
2025-07-15,0.5335064486985343
2025-07-16,0.5528222967956432
2025-07-17,0.49801329932285604
2025-07-18,0.4977498940624696
2025-07-21,0.5020703177395541
2025-07-22,0.49042274177460626
2025-07-23,0.5263246448818344
2025-07-24,0.5814428695740695
2025-07-25,0.48606584404457265
2025-07-28,0.5012837737145471
2025-07-29,0.5860610747532531
2025-07-30,0.6687046417790715
2025-07-31,0.7172388786361683
2025-08-01,0.7432415759790202
2025-08-04,0.6081624686598271
2025-08-05,0.5854784625294464
2025-08-06,0.5267368954010002
2025-08-07,0.579747503308106
2025-08-08,0.48581298375274945
2025-08-11,0.47531415491102186
2025-08-12,0.4589854561512446
2025-08-13,0.4213489162437276
2025-08-14,0.42394152657966394
2025-08-15,0.48976800429795087
2025-08-18,0.40584642103042406
2025-08-19,0.514755493647351
2025-08-20,0.5791296756177579
2025-08-21,0.47890810256665967
2025-08-22,0.5425474389298991
2025-08-25,0.4333771819751476
2025-08-26,0.42668338618579527
2025-08-27,0.4122153378052899
2025-08-28,0.45889029287345146
2025-08-29,0.5242366563438566
2025-09-02,0.5440056643997003
2025-09-03,0.536679003350171
2025-09-04,0.4717061342645112
2025-09-05,0.5736666009235079
2025-09-08,0.5033254689865018
2025-09-09,0.5205080213666401
2025-09-10,0.5782513104882212
2025-09-11,0.5522411332716612
2025-09-12,0.565135466634177
2025-09-15,0.5285373857547663
2025-09-16,0.5270423868199671
2025-09-17,0.609687593014287
2025-09-18,0.5702408258293078
2025-09-19,0.5541563405704423
2025-09-22,0.4922665113837468
2025-09-23,0.6304185265750262
2025-09-24,0.5702283183985325
2025-09-25,0.6541396739968284
2025-09-26,0.5517140417326852
2025-09-29,0.6009868897797718
2025-09-30,0.6235927719518329
2025-10-01,0.6206871742404945
2025-10-02,0.5683825403445625
2025-10-03,0.6828687772371622
2025-10-06,0.5929279685453184
2025-10-07,0.6958564794365331
2025-10-08,0.5909967344042615
2025-10-09,0.6275297929563382
2025-10-10,0.7373573358904348
2025-10-13,0.6324899173983444
2025-10-14,0.6895915093460863
2025-10-15,0.6580638322159554
2025-10-16,0.7742707998727348
2025-10-17,0.6892798499444796
2025-10-20,0.5446997382957094
2025-10-21,0.53547415042679
2025-10-22,0.6409406963875682
2025-10-23,0.5434563659227933
2025-10-24,0.535793550706347
2025-10-27,0.4625256306242898
2025-10-28,0.4681903903676073
2025-10-29,0.5566116193475619
2025-10-30,0.5654050189854736
2025-10-31,0.5817863019438733
2025-11-03,0.4705011182505769
2025-11-04,0.6088635986132092
2025-11-05,0.559712017099372
2025-11-06,0.6364753213587233
2025-11-07,0.64222357264517
2025-11-10,0.4986880915056891
2025-11-11,0.45995977178641034
2025-11-12,0.47786458782938396
2025-11-13,0.6512382651422368
2025-11-14,0.620679139397737
2025-11-17,0.6721265791666761
2025-11-18,0.7409160364588314
2025-11-19,0.7067475563132389
2025-11-20,0.7713483742117964
2025-11-21,0.7294836359841663
2025-11-24,0.6320281369669617
2025-11-25,0.6169354316919048
2025-11-26,0.5723146308529398
2025-11-28,0.4816122654577522
2025-12-01,0.4994985062198006
2025-12-02,0.49650954909245865
2025-12-03,0.4730527905785726
2025-12-04,0.4590335229180411
2025-12-05,0.516835943913759
2025-12-08,0.4319572779376348
2025-12-09,0.44919971940668124
2025-12-10,0.5471014490157311
2025-12-11,0.5327211260618235
2025-12-12,0.5838008891050527
2025-12-15,0.5487496571870983
2025-12-16,0.5899819405932031
2025-12-17,0.6018652633989278
2025-12-18,0.5622903566148982
2025-12-19,0.5102571283230253
2025-12-22,0.3681539098967905
2025-12-23,0.3674769654182708
2025-12-24,0.3465806141935405
2025-12-26,0.38533184061753684
2025-12-29,0.4601600190668729
2025-12-30,0.4392124809926512
2025-12-31,0.5140005570683202
2026-01-02,0.5431451773721524
2026-01-05,0.49213495914867483
2026-01-06,0.46735907171201846
2026-01-07,0.5129266095759274
2026-01-08,0.4650042635813043
2026-01-09,0.4860068486394306
2026-01-12,0.4557645470970502
2026-01-13,0.5373538852908387
2026-01-14,0.6026216209997325
2026-01-15,0.5298206480399789
2026-01-16,0.5247828436743261
2026-01-20,0.6311795282826712
2026-01-21,0.5834902460386951
2026-01-22,0.5029387340762104
2026-01-23,0.4795524123550714
2026-01-26,0.4743126945016733
2026-01-27,0.4587097124106834
2026-01-28,0.47526610536721864
2026-01-29,0.5833116195418554
2026-01-30,0.5930815587509864
2026-02-02,0.5035833459596833
2026-02-03,0.6027770660907918
2026-02-04,0.6265564409890977
2026-02-05,0.7103825183069734
2026-02-06,0.6215872944841777
2026-02-09,0.5232426763412664
2026-02-10,0.5320213361137814
2026-02-11,0.565142760194427
2026-02-12,0.7029705680021997
2026-02-13,0.6781830119796285
2026-02-17,0.6436225793182832
2026-02-18,0.6015396662783751
2026-02-19,0.5447557079095431
2026-02-20,0.6432730518227083
2026-02-23,0.6861250807565682
2026-02-24,0.6101408839153595
2026-02-25,0.5200848167875315
2026-02-26,0.6006494858575177
2026-02-27,0.6704295860936651
2026-03-02,0.6850044468001814
2026-03-03,0.7454920146768518
2026-03-04,0.6495103636353562
2026-03-05,0.7333803377528382
2026-03-06,0.8064133153587295
2026-03-09,0.7423545871077151
2026-03-10,0.7071297569151138
2026-03-11,0.6301366004083178
2026-03-12,0.7751966388216686
2026-03-13,0.7547203463047235
2026-03-16,0.6627201560764221
2026-03-17,0.6698267790973258
2026-03-18,0.687655453046828
2026-03-19,0.7435466352534977
2026-03-20,0.7806101332665648
2026-03-23,0.7664227056667289
2026-03-24,0.7436355933110462
2026-03-25,0.7164833700969848
2026-03-26,0.7522874502863992
2026-03-27,0.802742721597291
2026-03-30,0.8086103307181993
2026-03-31,0.7261253482612037
2026-04-01,0.6611082760382142
2026-04-02,0.572052573537316
2026-04-06,0.5306634137895666
2026-04-07,0.5784664625619113
2026-04-08,0.5783010297048595
2026-04-09,0.44198694312414427
2026-04-10,0.4345486821340836
2026-04-13,0.3916104253817647
2026-04-14,0.3714898415801582
2026-04-15,0.3611588303514472
2026-04-16,0.3424000778847809
2026-04-17,0.3754743566237066
2026-04-20,0.34325266229652646
2026-04-21,0.3632960164043096
2026-04-22,0.34215118362248553
2026-04-23,0.35611031786565817
2026-04-24,0.3368631000909632
2026-04-27,0.33380852282091134
2026-04-28,0.34515574639686303
2026-04-29,0.35479883394235784
2026-04-30,0.37642171912330263
2026-05-01,0.3307052781590785
2026-05-04,0.36494084918611214
2026-05-05,0.33710416651316016
2026-05-06,0.3610741061685565
2026-05-07,0.3647817482539841
2026-05-08,0.35975116310966976
2026-05-11,0.37399457999739577
2026-05-12,0.39287799481932534
2026-05-13,0.3726757048048667
2026-05-14,0.3672180548156579
2026-05-15,0.4248011453642031
2026-05-18,0.4103382680012395
2026-05-19,0.43832336232605423
2026-05-20,0.37673335282970194
2026-05-21,0.38185824828616544
2026-05-22,0.3685866390884245
2026-05-26,0.37851353429629103
2026-05-27,0.37455180618050826
2026-05-28,0.3539063188736389
2026-05-29,0.38187628461066
2026-06-01,0.3777494901863192
2026-06-02,0.34984232051650704
2026-06-03,0.40632086787674865
2026-06-04,0.40337456651756204
2026-06-05,0.6435663602250047
2026-06-08,0.5149313789789448
2026-06-09,0.6253279436016497
2026-06-10,0.6215749065035654
2026-06-11,0.6213852694056051
2026-06-12,0.5459229726942717
2026-06-15,0.5194611329998283
2026-06-16,0.5336609633666495
2026-06-17,0.6011747524737979
2026-06-18,0.539383568660377
2026-06-22,0.49598454076430043
2026-06-23,0.6029800500332759
2026-06-24,0.5906747192891794
2026-06-25,0.5907494000250842
2026-06-26,0.6378007615307854
2026-06-29,0.5875048735341852
2026-06-30,0.550502210164946
2026-07-01,0.507971235827214
2026-07-02,0.5585145228228002
