pair,refit_date,n_train,alpha,beta,eg_adf_stat,eg_adf_pvalue,eg_cointegrated_5pct
ZB=F/ZN=F,2015-12-22,252,4.464554124184811,0.07659079863672158,-2.635085854449903,0.08596035768170729,False
ZB=F/ZN=F,2016-01-20,273,4.463343260701582,0.07670610866011067,-2.7115866724198288,0.07205463989933945,False
ZB=F/ZN=F,2016-02-18,294,4.222830511028068,0.12459199239926745,-2.3149615742053995,0.16718796060939017,False
ZB=F/ZN=F,2016-03-18,315,4.089410070023692,0.15114340302587587,-2.2764850125832234,0.179664204583648,False
ZB=F/ZN=F,2016-04-18,336,3.992378200133961,0.17045486908761698,-2.2212771100552264,0.19861391637008197,False
ZB=F/ZN=F,2016-05-17,357,3.9218608416283085,0.18449415977390166,-2.2751026184436363,0.18012363175006185,False
ZB=F/ZN=F,2016-06-15,378,3.8698336517895946,0.19483418692074642,-2.447863359204756,0.12868031937536328,False
ZB=F/ZN=F,2016-07-14,399,3.696159988193594,0.22929377379358412,-2.4302089428528912,0.13339102851423562,False
ZB=F/ZN=F,2016-08-12,420,3.6169708818896202,0.24500909890593991,-2.5303402276812657,0.10826563813694673,False
ZB=F/ZN=F,2016-09-12,441,3.5775471773942455,0.2528354928898592,-2.6104794304787093,0.09085066732425934,False
ZB=F/ZN=F,2016-10-11,462,3.5615840384707735,0.25601280652606534,-2.7011966103281093,0.07383143199064282,False
ZB=F/ZN=F,2016-11-09,483,3.559834441504002,0.25636399123604436,-2.771488681550468,0.06246323219819859,False
ZB=F/ZN=F,2016-12-08,504,3.505248178829895,0.2670051602973992,-2.4630080797026466,0.12473619462276475,False
ZB=F/ZN=F,2017-01-06,525,3.392662658042167,0.2890383283224218,-2.2164465739757757,0.20033054034452347,False
ZB=F/ZN=F,2017-02-06,546,3.316670970526134,0.30388825100654915,-2.262951406827272,0.18419533618516382,False
ZB=F/ZN=F,2017-03-07,567,3.257364499144936,0.315476282772555,-2.277688994744189,0.1792647028158424,False
ZB=F/ZN=F,2017-04-05,588,3.195902628635924,0.3275057211173223,-2.4552583602348164,0.1267433087497054,False
ZB=F/ZN=F,2017-05-04,609,3.171423164311361,0.3322729397855814,-2.5488199578448603,0.10404308763884879,False
ZB=F/ZN=F,2017-06-02,630,3.1516393283625503,0.3361292920803186,-2.651294283878467,0.08285227893437702,False
ZB=F/ZN=F,2017-07-03,651,3.144987041037485,0.33739385661418647,-2.615121818448084,0.08991199737051903,False
ZB=F/ZN=F,2017-08-01,672,3.125137138894054,0.34126065789071275,-2.741384493016779,0.06714661096795693,False
ZB=F/ZN=F,2017-08-30,693,3.1183313705735167,0.3425677516776428,-2.806730527097689,0.057318773232667014,False
ZB=F/ZN=F,2017-09-28,714,3.1127227623973126,0.34363684518492266,-2.7848667512279883,0.06046817156769825,False
ZB=F/ZN=F,2017-10-27,735,3.0887454531261946,0.34831552938529564,-2.75822375430702,0.0644934308020002,False
ZB=F/ZN=F,2017-11-27,756,3.065236979947879,0.35288714442397384,-2.6989525036683872,0.07421970712149051,False
ZB=F/ZN=F,2017-12-26,777,3.035433288490799,0.35868250948532004,-2.5655655802257145,0.10032503224415062,False
ZB=F/ZN=F,2018-01-24,798,2.978932549285419,0.3697468986943935,-2.4481882710713037,0.1285947660159938,False
ZB=F/ZN=F,2018-02-22,819,2.869830758862266,0.39121410023860553,-2.5440410605990427,0.10512296862439807,False
ZB=F/ZN=F,2018-03-23,840,2.769156817010547,0.4110323022098765,-2.588865433385254,0.09532046227649754,False
ZB=F/ZN=F,2018-04-23,861,2.6786950515952603,0.42883180071027793,-2.6072883607449033,0.09150024844141103,False
ZB=F/ZN=F,2018-05-22,882,2.569428970509649,0.45036142555200975,-2.7637626241053184,0.06363935392272867,False
ZB=F/ZN=F,2018-06-20,903,2.492733088673782,0.46546304812189576,-2.8622563015948383,0.049916418305811644,True
ZB=F/ZN=F,2018-07-19,924,2.428852472616197,0.47803369315639477,-2.9528760454028498,0.03953572786441818,True
ZB=F/ZN=F,2018-08-17,945,2.3706619517832674,0.4894961026079937,-3.0946328570915753,0.02695293918316543,True
ZB=F/ZN=F,2018-09-17,966,2.3246483738787975,0.49855421462933497,-3.1597917127351085,0.02243328493901321,True
ZB=F/ZN=F,2018-10-16,987,2.278240026635612,0.5077122712124303,-3.324806383340213,0.013805393025880174,True
ZB=F/ZN=F,2018-11-14,1008,2.2507355743856743,0.513142845993538,-3.414301917975954,0.010480875740336808,True
ZB=F/ZN=F,2018-12-13,1029,2.23433594305712,0.5163756884394551,-3.4544379813116106,0.009237288953984986,True
ZB=F/ZN=F,2019-01-11,1050,2.2237235596097795,0.5184608334882451,-3.5373863907284844,0.007077270156832331,True
ZB=F/ZN=F,2019-02-11,1071,2.2174319989929594,0.5196965815052551,-3.5819870825320397,0.006114882131574179,True
ZB=F/ZN=F,2019-03-12,1092,2.212540193936031,0.5206563664336208,-3.630696789301116,0.005200572896499664,True
ZB=F/ZN=F,2019-04-10,1113,2.2143126353651943,0.5203113768313993,-3.6616036275300874,0.004686819118412062,True
ZB=F/ZN=F,2019-05-09,1134,2.2184457586265833,0.5195024840774185,-3.6864587618960845,0.004307706053514589,True
ZB=F/ZN=F,2019-06-07,1155,2.2196944293835883,0.5192672386314513,-3.703337898344278,0.004066447831273429,True
ZB=F/ZN=F,2019-07-08,1176,2.216005549420428,0.5200294346480975,-3.6939973785529094,0.004198382997112802,True
ZB=F/ZN=F,2019-08-06,1197,2.2123492702714347,0.5207892378061045,-3.7175369363970545,0.0038731353832223633,True
ZB=F/ZN=F,2019-09-04,1218,2.208399579759469,0.5215815957441532,-3.797876743778499,0.002929113540029953,True
ZB=F/ZN=F,2019-10-03,1239,2.201821325458263,0.5229022654351309,-3.786049055060912,0.0030533203886443355,True
ZB=F/ZN=F,2019-11-01,1260,2.1878145057199183,0.5257188975394823,-3.8128577491296167,0.0027784692356332325,True
ZB=F/ZN=F,2019-12-02,1281,2.179344599170645,0.5274314504821717,-3.8555076498822296,0.002387812468290673,True
ZB=F/ZN=F,2019-12-31,1302,2.1730020906312557,0.5287200851537093,-3.808705618631181,0.002819490519110047,True
ZB=F/ZN=F,2020-01-29,1323,2.1638329500702334,0.5305793091102922,-3.828565053951987,0.0026282122379525765,True
ZB=F/ZN=F,2020-02-27,1344,2.1469169661281735,0.5339703945996903,-3.873788834762824,0.002236442521526178,True
ZB=F/ZN=F,2020-03-27,1365,2.1268249640480996,0.5379787366633917,-3.987892136092176,0.0014752555975011837,True
ZB=F/ZN=F,2020-04-27,1386,2.089132195091886,0.5454895611316308,-4.0905161781387624,0.0010040806012101954,True
ZB=F/ZN=F,2020-05-26,1407,2.053028034214264,0.5526838984402815,-4.105173968620559,0.0009496269363978786,True
ZB=F/ZN=F,2020-06-24,1428,2.0108381438744174,0.5610948975476189,-4.057019883627085,0.001139674288167791,True
ZB=F/ZN=F,2020-07-23,1449,1.9764347854889572,0.5679513246416277,-4.206100721353242,0.0006434063566648277,True
ZB=F/ZN=F,2020-08-21,1470,1.948673766130331,0.5734828004893734,-4.213182804876492,0.000625850089732351,True
ZB=F/ZN=F,2020-09-21,1491,1.9132209279467134,0.5805509485119951,-4.166603603070605,0.0007501206104656039,True
ZB=F/ZN=F,2020-10-20,1512,1.874716193744415,0.5882338399727289,-4.074508517560658,0.0010668790601430017,True
ZB=F/ZN=F,2020-11-18,1533,1.8404103020550249,0.5950887410034259,-4.026288255363476,0.0012789441923739353,True
ZB=F/ZN=F,2020-12-17,1554,1.8091685111997882,0.601332004334354,-3.979555783367573,0.0015214289024623477,True
ZB=F/ZN=F,2021-01-15,1575,1.7831568190503655,0.6065349213108004,-3.9882397295259753,0.0014733589712495247,True
ZB=F/ZN=F,2021-02-15,1596,1.7582149990886218,0.6115375363501407,-3.7765493776593706,0.0031565676266918103,True
ZB=F/ZN=F,2021-03-16,1617,1.7478865862571158,0.6136707242046401,-3.4806197334612534,0.008498995656489696,True
ZB=F/ZN=F,2021-04-14,1638,1.751552497501179,0.6130336746424946,-3.5195398917808194,0.0074992220444836015,True
ZB=F/ZN=F,2021-05-13,1659,1.750716381985296,0.6132775913827408,-3.313780880552951,0.014273595065953234,True
ZB=F/ZN=F,2021-06-11,1680,1.7492224975568311,0.6136550031433287,-3.386588458932053,0.011424655684837748,True
ZB=F/ZN=F,2021-07-12,1701,1.7429177485249616,0.614955236138572,-3.546104624413551,0.006879035087042949,True
ZB=F/ZN=F,2021-08-10,1722,1.732277609406423,0.6171035078201326,-3.5719058561059898,0.00632140788627759,True
ZB=F/ZN=F,2021-09-08,1743,1.723128171559396,0.6189500841648629,-3.58870180637543,0.005980735021840043,True
ZB=F/ZN=F,2021-10-07,1764,1.7174255690503526,0.6201127150538583,-3.587432061662086,0.0060058956906729076,True
ZB=F/ZN=F,2021-11-05,1785,1.7161169027247567,0.6203996974236146,-3.6932618625712212,0.0042089365514536336,True
ZB=F/ZN=F,2021-12-06,1806,1.7156443936073291,0.6204973336299808,-3.7462203664954696,0.003508048562447592,True
ZB=F/ZN=F,2022-01-04,1827,1.7152196446646284,0.6205866047654018,-3.761706149933171,0.003324330317067942,True
ZB=F/ZN=F,2022-02-02,1848,1.7164556473526318,0.6203568157567722,-3.788812452756353,0.003023874823014822,True
ZB=F/ZN=F,2022-03-03,1869,1.7182136725235342,0.6200190562634592,-3.8114207524875066,0.0027926035271796748,True
ZB=F/ZN=F,2022-04-01,1890,1.715001067034887,0.6206448933965727,-3.790826683500679,0.003002576876120729,True
ZB=F/ZN=F,2022-05-02,1911,1.7091080646864383,0.6217977983906253,-3.8957186067688023,0.0020665827150931106,True
ZB=F/ZN=F,2022-05-31,1932,1.7104026680337943,0.621543591299964,-3.932479556624151,0.0018084012818795263,True
ZB=F/ZN=F,2022-06-29,1953,1.7097583894059223,0.6216704688627009,-3.963959110124044,0.0016114459390705231,True
ZB=F/ZN=F,2022-07-28,1974,1.7062371647271537,0.6223614353010375,-3.9949038390834137,0.0014374325932641067,True
ZB=F/ZN=F,2022-08-26,1995,1.701436672020947,0.6233027593856897,-4.034940742297905,0.0012382065540290582,True
ZB=F/ZN=F,2022-09-26,2016,1.698036866561067,0.6239716460149681,-4.065408506445784,0.0011041967487757872,True
ZB=F/ZN=F,2022-10-25,2037,1.707125352060648,0.6221793895539405,-3.9478465355795924,0.0017096207199732245,True
ZB=F/ZN=F,2022-11-23,2058,1.7382002766350886,0.6160517924566378,-4.060385564323547,0.0011253139820354258,True
ZB=F/ZN=F,2022-12-22,2079,1.7392970149930618,0.6158355343404877,-4.087119622954584,0.0010171090846142264,True
ZB=F/ZN=F,2023-01-20,2100,1.7478715460738259,0.6141468024371436,-4.091454267921599,0.0010005098957471155,True
ZB=F/ZN=F,2023-02-20,2121,1.7509770040587012,0.613535584883841,-4.119743487415299,0.0008982509756629278,True
ZB=F/ZN=F,2023-03-21,2142,1.7510234478895228,0.613526536416017,-4.144824621524709,0.0008158599992783876,True
ZB=F/ZN=F,2023-04-19,2163,1.7542630211996102,0.6128892839685185,-4.1739971178506075,0.0007289580211683635,True
ZB=F/ZN=F,2023-05-18,2184,1.761313040501906,0.6115020221534716,-4.1580774848825675,0.0007752408862922614,True
ZB=F/ZN=F,2023-06-16,2205,1.7657489681867464,0.6106279778246131,-4.2063268114646215,0.0006428387994084362,True
ZB=F/ZN=F,2023-07-17,2226,1.7646160233050376,0.6108511884790016,-4.238521755189885,0.000566657631561477,True
ZB=F/ZN=F,2023-08-15,2247,1.7711249961948554,0.6095667994967858,-4.232971941783106,0.0005791525624555371,True
ZB=F/ZN=F,2023-09-13,2268,1.7838390223771077,0.6070564727963982,-4.2187826566211974,0.0006122883689456572,True
ZB=F/ZN=F,2023-10-12,2289,1.8128260127785512,0.6013257249270604,-3.9856472824223275,0.0014875593599377147,True
ZB=F/ZN=F,2023-11-10,2310,1.8507761396046094,0.5938191314708278,-3.960838141209749,0.001630043092154343,True
ZB=F/ZN=F,2023-12-11,2331,1.8699420437135335,0.5900326494705926,-4.037622115384296,0.0012258299269670538,True
ZB=F/ZN=F,2024-01-09,2352,1.8776257281705808,0.5885180982642174,-4.03166208204649,0.0012534985593830766,True
ZB=F/ZN=F,2024-02-07,2373,1.8900546264219817,0.5860661331700362,-4.0175938936073425,0.0013211352997024182,True
ZB=F/ZN=F,2024-03-07,2394,1.898832202963994,0.5843332241512715,-4.055014730658305,0.0011483108260649238,True
ZB=F/ZN=F,2024-04-05,2415,1.9068110201784663,0.5827581712088673,-4.010600842273644,0.0013560081263201068,True
ZB=F/ZN=F,2024-05-06,2436,1.9173858758166906,0.5806676107441643,-4.001134736564777,0.0014045810811947738,True
ZB=F/ZN=F,2024-06-04,2457,1.9249280738177859,0.5791773713801585,-4.035336018792619,0.0012363747470315709,True
ZB=F/ZN=F,2024-07-03,2478,1.9309377545747228,0.5779908492276107,-3.9948131623723495,0.0014379159120071674,True
ZB=F/ZN=F,2024-08-01,2499,1.9407832356541077,0.5760475201064578,-3.976111385871611,0.0015408963461164768,True
ZB=F/ZN=F,2024-08-30,2520,1.948372738208422,0.5745532461281148,-3.970689721898532,0.0015720090520414255,True
ZB=F/ZN=F,2024-09-30,2541,1.956473586936103,0.5729598752989851,-3.8761209272564896,0.0022177840087292218,True
ZB=F/ZN=F,2024-10-29,2562,1.9676992409492717,0.5707454147981759,-3.8810073733558177,0.0021791546915338705,True
ZB=F/ZN=F,2024-11-27,2583,1.9770694281128514,0.5688936942637232,-3.9324988134639254,0.0018082742483928962,True
ZB=F/ZN=F,2024-12-26,2604,1.9863389485166731,0.5670616658535841,-3.88878845247772,0.002118924887872361,True
ZB=F/ZN=F,2025-01-24,2625,1.9996728084638726,0.5644220453727682,-3.828091782421046,0.0026326278912297088,True
ZB=F/ZN=F,2025-02-24,2646,2.009292073151192,0.5625192534993271,-3.8657690690180155,0.0023017202572684797,True
ZB=F/ZN=F,2025-03-25,2667,2.018654260324688,0.560669801812892,-3.7751378357785748,0.003172179920697602,True
ZB=F/ZN=F,2025-04-23,2688,2.034357024193392,0.5575647197025961,-3.436496152669298,0.009775883110984863,True
ZB=F/ZN=F,2025-05-22,2709,2.052721816129268,0.5539309121770752,-3.3419819518923126,0.01310304837782895,True
ZB=F/ZN=F,2025-06-20,2730,2.071829492925118,0.5501481038219089,-3.2910850577400264,0.015281706150981704,True
ZB=F/ZN=F,2025-07-21,2751,2.0909470028858608,0.5463645295501524,-3.0554874037454747,0.030027545097226153,True
ZB=F/ZN=F,2025-08-19,2772,2.10827951036232,0.5429355246284442,-3.0121820370760206,0.03377230659447951,True
ZB=F/ZN=F,2025-09-17,2793,2.1254140091218394,0.5395480847321,-3.0586997630300234,0.029764437840903865,True
ZB=F/ZN=F,2025-10-16,2814,2.1389904621890694,0.5368660664976551,-2.9649363690847195,0.038301196365191074,True
ZB=F/ZN=F,2025-11-14,2835,2.150768809526354,0.5345408635686104,-2.943911966013634,0.04047475795067954,True
ZB=F/ZN=F,2025-12-15,2856,2.1639640102795665,0.5319338279878276,-2.817605037857648,0.05580268512708229,False
ZB=F/ZN=F,2026-01-13,2877,2.17778928419491,0.5292001461365182,-2.8592155004656004,0.05030039372380229,False
ZB=F/ZN=F,2026-02-11,2898,2.189282086124213,0.5269272620437863,-2.8524249811705444,0.051166629242886966,False
ZB=F/ZN=F,2026-03-12,2919,2.199471644215057,0.5249150430737166,-2.798727556801589,0.05845575752813908,False
ZB=F/ZN=F,2026-04-10,2940,2.2103448393707747,0.5227625809597836,-2.8416919544923256,0.0525607280350993,False
ZB=F/ZN=F,2026-05-11,2961,2.2207108544301715,0.5207102803726011,-2.8579218444411545,0.050464483826519205,False
ZB=F/ZN=F,2026-06-09,2982,2.2293960122282233,0.5189888820639674,-2.936302578185001,0.04128644185000395,True
ZB=F/ZN=F,2026-07-08,3003,2.2354945691468715,0.5177810165765613,-2.919969506638825,0.04307460956738394,True
ZB=F/ZN=F,2026-08-06,3024,2.2434151501099233,0.5162097109968959,-2.867868867830777,0.0492140263045114,True
ES=F/NQ=F,2015-12-22,252,1.7016167229467225,0.8774337061555052,-1.2058048154610015,0.6710936552265787,False
ES=F/NQ=F,2016-01-20,273,2.216230450832511,0.8102879659911807,-2.0569718831051764,0.26216448990307056,False
ES=F/NQ=F,2016-02-18,294,2.071184834454208,0.8292992811195409,-2.190827049684308,0.20959153800087915,False
ES=F/NQ=F,2016-03-18,315,2.0446331411287093,0.8327693044020584,-2.284142632313427,0.1771333017510337,False
ES=F/NQ=F,2016-04-18,336,2.007007028862658,0.8377913206832976,-2.32668988837313,0.16350436809069369,False
ES=F/NQ=F,2016-05-17,357,2.0669627982184395,0.8298082158630322,-2.3813607120542644,0.14706646319703803,False
ES=F/NQ=F,2016-06-15,378,2.0885883420302482,0.8269247387999751,-2.728862366774187,0.06917559294844655,False
ES=F/NQ=F,2016-07-14,399,2.155700131644614,0.8180163934141879,-2.5813986459138527,0.09690305529309173,False
ES=F/NQ=F,2016-08-12,420,1.8695483246217857,0.8556593947437646,-2.602685966735482,0.09244340249446592,False
ES=F/NQ=F,2016-09-12,441,1.4205365817026985,0.9147162361958505,-2.5325942592738406,0.1077438344701489,False
ES=F/NQ=F,2016-10-11,462,0.9484023366503157,0.9768694102585483,-1.9474442452388423,0.31008128102982835,False
ES=F/NQ=F,2016-11-09,483,0.6239941824667669,1.0196388269766754,-1.8766833564029552,0.34310822912192773,False
ES=F/NQ=F,2016-12-08,504,0.5000823142022923,1.0359285964235345,-2.4899129373504563,0.11794794648490031,False
ES=F/NQ=F,2017-01-06,525,0.4660994179364673,1.040390520890412,-2.3443395893712164,0.15806591726850905,False
ES=F/NQ=F,2017-02-06,546,0.11876234619926435,1.0859861706770177,-2.199468233512852,0.2064385140249662,False
ES=F/NQ=F,2017-03-07,567,-0.2691860359384753,1.136876641045248,-2.294956576294867,0.17359973589052863,False
ES=F/NQ=F,2017-04-05,588,-0.631085494009335,1.1843427810874199,-2.0902962081328686,0.2484344050965589,False
ES=F/NQ=F,2017-05-04,609,-1.0103358877607866,1.2340831839396948,-1.9377620405532077,0.3145103955966265,False
ES=F/NQ=F,2017-06-02,630,-1.499055325400628,1.2981531683970304,-1.9137132700807171,0.3256377098808887,False
ES=F/NQ=F,2017-07-03,651,-1.8011594097950359,1.3377420207541686,-2.3923947120300224,0.14389446079920015,False
ES=F/NQ=F,2017-08-01,672,-2.0046387353289714,1.3643991581647739,-2.3893532683613516,0.14476394567578643,False
ES=F/NQ=F,2017-08-30,693,-2.202133790407257,1.3902737889298604,-2.3824671198865093,0.14674620299940971,False
ES=F/NQ=F,2017-09-28,714,-2.345607308821233,1.4090640645432695,-2.5814268011526473,0.09689705037185059,False
ES=F/NQ=F,2017-10-27,735,-2.3659272055149794,1.411723335022923,-2.640873378434228,0.08484033696254906,False
ES=F/NQ=F,2017-11-27,756,-2.4946667046490005,1.4285635738830635,-2.5829183526315442,0.0965793390915547,False
ES=F/NQ=F,2017-12-26,777,-2.468978360023928,1.4252063944296363,-2.761857679176876,0.06393205906880584,False
ES=F/NQ=F,2018-01-24,798,-2.4037977164868,1.4166935648170338,-2.774501433124187,0.0620093780196207,False
ES=F/NQ=F,2018-02-22,819,-2.4276264503404614,1.419813650651873,-2.7941795126847686,0.05911000526063281,False
ES=F/NQ=F,2018-03-23,840,-2.561666379628073,1.43732473445004,-2.674047809473795,0.0786377980947904,False
ES=F/NQ=F,2018-04-23,861,-2.650322350034348,1.4489214773198975,-2.907406790821055,0.04449344319577199,True
ES=F/NQ=F,2018-05-22,882,-2.746096470674983,1.4614407565629517,-2.943285733259509,0.040541049860892596,True
ES=F/NQ=F,2018-06-20,903,-2.864547969101485,1.4769082361040444,-2.73887090830919,0.06755003037398244,False
ES=F/NQ=F,2018-07-19,924,-2.9889350533792554,1.4931491191271247,-2.8466742913908387,0.05190975808275219,False
ES=F/NQ=F,2018-08-17,945,-3.068266641760791,1.503497045893432,-3.025510470060248,0.03257975096396155,True
ES=F/NQ=F,2018-09-17,966,-3.107007225113744,1.5085467102061354,-3.1076573098967346,0.025991678649707844,True
ES=F/NQ=F,2018-10-16,987,-3.1183427638309515,1.5100259792920558,-3.1120295112753977,0.025675664590174282,True
ES=F/NQ=F,2018-11-14,1008,-3.1553785825303047,1.514868259266949,-3.2409707703837385,0.017732288188425288,True
ES=F/NQ=F,2018-12-13,1029,-3.1696852027075515,1.5167426057168838,-3.179459333074265,0.021204867841363297,True
ES=F/NQ=F,2019-01-11,1050,-3.208704915723459,1.5219221167536232,-3.06847338067427,0.028975991992350167,True
ES=F/NQ=F,2019-02-11,1071,-3.2420305015795243,1.5262895228982793,-3.2567589894946165,0.01692551650979002,True
ES=F/NQ=F,2019-03-12,1092,-3.252040216384382,1.5275967099501224,-3.334421130284383,0.013408232197133737,True
ES=F/NQ=F,2019-04-10,1113,-3.279462191590232,1.5311708971052882,-3.367295392336888,0.012125595173180362,True
ES=F/NQ=F,2019-05-09,1134,-3.309364892922147,1.5350630641932443,-3.3978618769822724,0.011031976380836667,True
ES=F/NQ=F,2019-06-07,1155,-3.3265122170118957,1.5372989312818905,-3.501157409301964,0.007957419045201464,True
ES=F/NQ=F,2019-07-08,1176,-3.322417590329693,1.5367665156457229,-3.5420353771186117,0.0069709289676244705,True
ES=F/NQ=F,2019-08-06,1197,-3.319232861024354,1.5363530943646686,-3.571017176376833,0.006339912991942314,True
ES=F/NQ=F,2019-09-04,1218,-3.334444688258998,1.5383344408246813,-3.6618643171284795,0.0046826897698451974,True
ES=F/NQ=F,2019-10-03,1239,-3.322063003303483,1.5367252503674511,-3.693693641445899,0.004202738235897377,True
ES=F/NQ=F,2019-11-01,1260,-3.322452853167199,1.5367766165658243,-3.749452302350887,0.0034689539447520386,True
ES=F/NQ=F,2019-12-02,1281,-3.3045744387709064,1.5344570432526086,-3.750482762714528,0.0034565734225714736,True
ES=F/NQ=F,2019-12-31,1302,-3.277385026377194,1.5309323486634878,-3.763907730194203,0.0032989408670717184,True
ES=F/NQ=F,2020-01-29,1323,-3.2628909848490797,1.5290552830077093,-3.8140578175373907,0.002766715900929939,True
ES=F/NQ=F,2020-02-27,1344,-3.2865416795257296,1.5321187746193339,-3.589959714498565,0.0059559031485011075,True
ES=F/NQ=F,2020-03-27,1365,-3.319277788499123,1.536641998531199,-2.5653559582702994,0.10037094425373866,False
ES=F/NQ=F,2020-04-27,1386,-3.40388526198834,1.5478572282731315,-1.7945525769576804,0.3831695221872387,False
ES=F/NQ=F,2020-05-26,1407,-3.548181562217491,1.5666916657713135,-1.7219047259279745,0.41986330331862715,False
ES=F/NQ=F,2020-06-24,1428,-3.6997238140817763,1.586358700304368,-1.8663321282447412,0.3480614517688472,False
ES=F/NQ=F,2020-07-23,1449,-3.8951670045015385,1.6116997129695365,-1.975839348508525,0.29726612901664556,False
ES=F/NQ=F,2020-08-21,1470,-4.067224548350621,1.6339572166791079,-1.8939267514532678,0.3349235303067953,False
ES=F/NQ=F,2020-09-21,1491,-4.232566442599622,1.6553192691164587,-2.13787019990221,0.22956187542502116,False
ES=F/NQ=F,2020-10-20,1512,-4.383011496811991,1.674767819511116,-2.113889002420884,0.23896656310277903,False
ES=F/NQ=F,2020-11-18,1533,-4.500740408417637,1.689979380225068,-2.636459680979859,0.08569345760727393,False
ES=F/NQ=F,2020-12-17,1554,-4.576910267285498,1.6998009522604947,-2.527547972428125,0.10891465905088649,False
ES=F/NQ=F,2021-01-15,1575,-4.64264627713746,1.7082719518609697,-2.7320150732419024,0.0686602088122105,False
ES=F/NQ=F,2021-02-15,1596,-4.701508978629064,1.7158523271250787,-2.752500508417192,0.06538557923313616,False
ES=F/NQ=F,2021-03-16,1617,-4.702459431841452,1.715974728163417,-2.849464419698937,0.051548108142888176,False
ES=F/NQ=F,2021-04-14,1638,-4.659619007328407,1.7104642138390431,-2.849342322094822,0.051563890803986205,False
ES=F/NQ=F,2021-05-13,1659,-4.580246796377175,1.7002636721313482,-2.7352445946633583,0.06813544674900929,False
ES=F/NQ=F,2021-06-11,1680,-4.48976333854861,1.6886363574875436,-2.700195006204891,0.07400453052814071,False
ES=F/NQ=F,2021-07-12,1701,-4.433158963700054,1.6813662750648286,-2.7422038110465774,0.0670155309350763,False
ES=F/NQ=F,2021-08-10,1722,-4.379794218373777,1.674516102192168,-2.739835456706334,0.06739499621026009,False
ES=F/NQ=F,2021-09-08,1743,-4.318262041680847,1.6666213747532814,-2.733945498540588,0.06834614965168205,False
ES=F/NQ=F,2021-10-07,1764,-4.281729800191817,1.6619324463243,-2.7495920683652684,0.06584272786769833,False
ES=F/NQ=F,2021-11-05,1785,-4.229512693876504,1.6552346548065722,-2.708926773860395,0.07250624486418468,False
ES=F/NQ=F,2021-12-06,1806,-4.182099542038984,1.6491576906087855,-2.7286395609615948,0.06921213210745042,False
ES=F/NQ=F,2022-01-04,1827,-4.125915836687393,1.6419582035407687,-2.599562990557585,0.0930876220455743,False
ES=F/NQ=F,2022-02-02,1848,-4.066571179276207,1.6343475927473659,-2.570347223987799,0.09928206116304439,False
ES=F/NQ=F,2022-03-03,1869,-4.016361584029831,1.6279014836115624,-2.697861086178299,0.07440912644612227,False
ES=F/NQ=F,2022-04-01,1890,-3.9674923656081735,1.621626394299796,-2.6331618954605034,0.08633521783831521,False
ES=F/NQ=F,2022-05-02,1911,-3.916536826561168,1.615082759447129,-2.540072794525374,0.10602606138533416,False
ES=F/NQ=F,2022-05-31,1932,-3.884111912975829,1.6109013866047102,-2.5139559785656793,0.11211550533869952,False
ES=F/NQ=F,2022-06-29,1953,-3.862669553478152,1.608133904706315,-2.6809811454177077,0.07738757890333758,False
ES=F/NQ=F,2022-07-28,1974,-3.850140299800915,1.60651340208956,-2.7102563383520493,0.07228022811002714,False
ES=F/NQ=F,2022-08-26,1995,-3.8235150642810214,1.6030879897173755,-2.654591367205151,0.08223089348746726,False
ES=F/NQ=F,2022-09-26,2016,-3.8069937076078832,1.600954146551309,-2.701826435977025,0.0737227487619692,False
ES=F/NQ=F,2022-10-25,2037,-3.8018284984644626,1.6002829123913562,-2.65649892460986,0.0818730492194727,False
ES=F/NQ=F,2022-11-23,2058,-3.773142979281034,1.5965730217830831,-2.512011813802794,0.11257900848490499,False
ES=F/NQ=F,2022-12-22,2079,-3.7385130247497536,1.5921027870350701,-2.5127227566434294,0.11240934960972493,False
ES=F/NQ=F,2023-01-20,2100,-3.702823094046507,1.587488557535418,-2.5850848198445653,0.0961192815774376,False
ES=F/NQ=F,2023-02-20,2121,-3.671575578568037,1.583464619757618,-2.651948344079439,0.08272872120116725,False
ES=F/NQ=F,2023-03-21,2142,-3.6571922170368603,1.581608574058084,-2.8505220003386533,0.05141156816984343,False
ES=F/NQ=F,2023-04-19,2163,-3.649180911473976,1.5805778012269436,-2.6947630533455436,0.07494888196833727,False
ES=F/NQ=F,2023-05-18,2184,-3.640381301515062,1.5794457277739333,-2.7345087792966765,0.06825472631518391,False
ES=F/NQ=F,2023-06-16,2205,-3.646243582147404,1.5801986501578953,-2.7724810892358054,0.0623134369313021,False
ES=F/NQ=F,2023-07-17,2226,-3.6475029504257543,1.58036003151467,-2.7928281366913548,0.059305542979762635,False
ES=F/NQ=F,2023-08-15,2247,-3.6423024013505616,1.5796947875479472,-2.8051931873531935,0.05753577874051584,False
ES=F/NQ=F,2023-09-13,2268,-3.6420438423522703,1.5796616727713306,-2.763261406656543,0.06371626407682586,False
ES=F/NQ=F,2023-10-12,2289,-3.6480807271459037,1.5804362037931903,-2.772280988661662,0.062343617048235496,False
ES=F/NQ=F,2023-11-10,2310,-3.6594816271875796,1.5819000729302508,-2.7860821514336065,0.06028950029720145,False
ES=F/NQ=F,2023-12-11,2331,-3.6640873197837798,1.5824893849326487,-2.8382412727809556,0.05301548454758527,False
ES=F/NQ=F,2024-01-09,2352,-3.659475071453078,1.5819010303529002,-2.913259603759528,0.04382767060338873,True
ES=F/NQ=F,2024-02-07,2373,-3.6533024913872225,1.5811143824279115,-2.9158374028696064,0.043537076482991675,True
ES=F/NQ=F,2024-03-07,2394,-3.637145443445726,1.579058203875543,-2.894075699321445,0.04604126301584869,True
ES=F/NQ=F,2024-04-05,2415,-3.6069985599834458,1.5752265214412406,-2.770492090805885,0.06261395059149624,False
ES=F/NQ=F,2024-05-06,2436,-3.582383296773596,1.5720954526510147,-2.798153069248508,0.05853807367719994,False
ES=F/NQ=F,2024-06-04,2457,-3.555233511288815,1.568645935228313,-2.766155372894661,0.06327322255688933,False
ES=F/NQ=F,2024-07-03,2478,-3.530643793856112,1.5655252696945485,-2.780716417168516,0.06108152341149189,False
ES=F/NQ=F,2024-08-01,2499,-3.499343179770962,1.561555926073956,-2.6699186838151596,0.07938985903624601,False
ES=F/NQ=F,2024-08-30,2520,-3.464101690648038,1.557084762301978,-2.549861110610512,0.10380893244528544,False
ES=F/NQ=F,2024-09-30,2541,-3.421428997523127,1.5516753005743582,-2.495618486869845,0.11654403723871526,False
ES=F/NQ=F,2024-10-29,2562,-3.374581227077384,1.5457434796331848,-2.5209513217283095,0.11045950379505737,False
ES=F/NQ=F,2024-11-27,2583,-3.3291109934501875,1.5399890301024657,-2.3536439326266425,0.15524958920030113,False
ES=F/NQ=F,2024-12-26,2604,-3.28849220896084,1.534851473459497,-2.5105221637055286,0.11293511443411747,False
ES=F/NQ=F,2025-01-24,2625,-3.255608726272012,1.5306911762684248,-2.451858604850133,0.1276311795485695,False
ES=F/NQ=F,2025-02-24,2646,-3.2205340991754667,1.5262561064382179,-2.5002177245348354,0.11542135901586575,False
ES=F/NQ=F,2025-03-25,2667,-3.19343845602886,1.52282298270569,-2.4687915637141145,0.1232534771314715,False
ES=F/NQ=F,2025-04-23,2688,-3.1760415299865636,1.5206141359542726,-2.604411674914556,0.0920888877758379,False
ES=F/NQ=F,2025-05-22,2709,-3.157458978120616,1.518259316014797,-2.5822754053474632,0.09671619398366949,False
ES=F/NQ=F,2025-06-20,2730,-3.138367836168432,1.5158439615841899,-2.5744788272068124,0.09838752428226732,False
ES=F/NQ=F,2025-07-21,2751,-3.113281976973776,1.512675862409994,-2.5008775868747417,0.11526094438943385,False
ES=F/NQ=F,2025-08-19,2772,-3.086891439845785,1.5093456365486708,-2.471181934596627,0.12264442881495496,False
ES=F/NQ=F,2025-09-17,2793,-3.0566989968472775,1.505537609464665,-2.416191261070512,0.13721859489827376,False
ES=F/NQ=F,2025-10-16,2814,-3.027028041824594,1.5017993003598522,-2.427995204887405,0.13399034623772527,False
ES=F/NQ=F,2025-11-14,2835,-3.0004505522798515,1.4984523163447532,-2.416013673686063,0.1372675832103064,False
ES=F/NQ=F,2025-12-15,2856,-2.9739308780649742,1.4951122355596569,-2.371095896212502,0.15006108798514906,False
ES=F/NQ=F,2026-01-13,2877,-2.943886642252209,1.4913305350919555,-2.318810284240734,0.16597302723397322,False
ES=F/NQ=F,2026-02-11,2898,-2.9132599518082056,1.4874761749924854,-2.2277941955468505,0.1963128379387175,False
ES=F/NQ=F,2026-03-12,2919,-2.8838896596403125,1.4837783332420789,-2.367232913702827,0.15119900752538346,False
ES=F/NQ=F,2026-04-10,2940,-2.8643038417847104,1.4813091707368262,-2.3401386688265635,0.15934894060027666,False
ES=F/NQ=F,2026-05-11,2961,-2.842639571539949,1.4785855624768498,-2.455114583720346,0.12678076599151622,False
ES=F/NQ=F,2026-06-09,2982,-2.827991772143238,1.476746776912323,-2.3556469426182236,0.1546478645757765,False
ES=F/NQ=F,2026-07-08,3003,-2.815945698272771,1.4752345246420182,-2.3031333589222984,0.1709593923293739,False
ES=F/NQ=F,2026-08-06,3024,-2.7934544215210995,1.472411718816842,-2.21314795303075,0.20150816274846783,False
ES=F/RTY=F,2018-06-27,252,-1.224684196955586,1.0862198798855243,-0.7503857812139421,0.8332634244508296,False
ES=F/RTY=F,2018-07-26,273,-1.8256512773393259,1.1629118791893853,-1.6908934100861186,0.43581046831932607,False
ES=F/RTY=F,2018-08-24,294,-2.005780387401156,1.185854579384503,-1.7942557315438132,0.38331726978182673,False
ES=F/RTY=F,2018-09-24,315,-2.0665086879285486,1.1935861698135168,-1.9063570453969916,0.3290764911111004,False
ES=F/RTY=F,2018-10-23,336,-1.6710891168412663,1.143198585828379,-1.5133633634101789,0.5268906213125255,False
ES=F/RTY=F,2018-11-21,357,-1.5656842047298896,1.1295325330699184,-1.5350200843506259,0.5161217964834424,False
ES=F/RTY=F,2018-12-20,378,-1.666384116613371,1.141929222289015,-1.075622211083489,0.7246949474521961,False
ES=F/RTY=F,2019-01-18,399,-2.174257001838331,1.2059649377303643,-1.778377565893382,0.39124823238997836,False
ES=F/RTY=F,2019-02-18,420,-2.1282097847748025,1.1998937441437303,-1.8414348562358827,0.36009299270708606,False
ES=F/RTY=F,2019-03-19,441,-1.9020048024018288,1.1710187010878605,-1.4997851380963196,0.5336176253432079,False
ES=F/RTY=F,2019-04-17,462,-1.3022746388415711,1.0946800109757597,-1.1981024580075144,0.6744114534426016,False
ES=F/RTY=F,2019-05-16,483,-0.7009487781811051,1.0182108138189765,-1.2375776749513818,0.6572255497900632,False
ES=F/RTY=F,2019-06-14,504,-0.26743185545402104,0.9629651791636358,-0.925588780685797,0.7794289206318956,False
ES=F/RTY=F,2019-07-15,525,0.48030771937009936,0.8679763374670588,-0.9382925433463958,0.7751007985646483,False
ES=F/RTY=F,2019-08-13,546,1.11276021825617,0.7876346752477495,-0.9869225193292279,0.7580040786223795,False
ES=F/RTY=F,2019-09-11,567,1.6468483619139775,0.7197123183904233,-1.3124371430551982,0.623463271366152,False
ES=F/RTY=F,2019-10-10,588,2.085686267359227,0.6639668646124167,-1.1734843740257959,0.6848968179511579,False
ES=F/RTY=F,2019-11-08,609,2.4883102805004333,0.6128691747594351,-1.6945089419204742,0.4339438328286731,False
ES=F/RTY=F,2019-12-09,630,2.783998229635253,0.5753904077302354,-1.874679008277259,0.34406503500140856,False
ES=F/RTY=F,2020-01-07,651,2.8962315622500836,0.561175283175658,-1.9391591374048425,0.31386946726465625,False
ES=F/RTY=F,2020-02-05,672,3.055328332089492,0.5410350789893955,-2.002414289311393,0.2855155218140556,False
ES=F/RTY=F,2020-03-05,693,3.241012114115324,0.5174907853527585,-1.7511186039224111,0.4049854996649572,False
ES=F/RTY=F,2020-04-03,714,2.2248621406664624,0.644621225379464,1.3859275674596376,0.9970492659904514,False
ES=F/RTY=F,2020-05-04,735,2.149247552351052,0.6533030796101992,-0.2761039174627202,0.9288212090560667,False
ES=F/RTY=F,2020-06-02,756,2.424287724995779,0.6180202928443468,-1.8501365915984713,0.3558693905071296,False
ES=F/RTY=F,2020-07-01,777,2.8706338641706117,0.5613667745436859,-1.9991116368177588,0.2869627512640625,False
ES=F/RTY=F,2020-07-30,798,3.3715939676703077,0.4978848212445368,-2.133087818642771,0.23141958799932966,False
ES=F/RTY=F,2020-08-28,819,3.709468987885879,0.45514910194554414,-2.257865716366886,0.18591725190614233,False
ES=F/RTY=F,2020-09-28,840,4.063226397689816,0.4104062951141802,-2.313334544447513,0.16770337509331168,False
ES=F/RTY=F,2020-10-27,861,4.1818923812190905,0.3953988654985828,-2.652072617498851,0.08270526110578102,False
ES=F/RTY=F,2020-11-25,882,4.049728381162529,0.4120764808712595,-2.5815168318563644,0.09687785061659465,False
ES=F/RTY=F,2020-12-24,903,3.5147407537601154,0.47959100695834495,-2.1695279393892943,0.21749031363439975,False
ES=F/RTY=F,2021-01-22,924,2.835166066759066,0.5653105795284162,-1.9131748573765688,0.3258888505106472,False
ES=F/RTY=F,2021-02-22,945,2.094912481580317,0.658637580399811,-1.5881569465325838,0.4895399072417118,False
ES=F/RTY=F,2021-03-23,966,1.4811650606301896,0.73600553187588,-1.5932054959549495,0.4870057172134693,False
ES=F/RTY=F,2021-04-21,987,1.121547033941133,0.7813043531223351,-1.943048864896997,0.31208826581090987,False
ES=F/RTY=F,2021-05-20,1008,0.8772568292838369,0.8120579625234488,-1.812366800586104,0.37433943529024283,False
ES=F/RTY=F,2021-06-18,1029,0.6640957380315772,0.8388863590639737,-1.7233497483913192,0.4191239084637476,False
ES=F/RTY=F,2021-07-19,1050,0.5524256877837206,0.852936593573924,-1.8980200296772427,0.3329931238024626,False
ES=F/RTY=F,2021-08-17,1071,0.5643032071731245,0.8514431094079286,-1.8763895631580052,0.3432484059766945,False
ES=F/RTY=F,2021-09-15,1092,0.5879720397987278,0.8484673576190848,-1.8911842271125143,0.33621962592768895,False
ES=F/RTY=F,2021-10-14,1113,0.5770158838416589,0.8498457064321551,-1.913752174880858,0.32561956625313293,False
ES=F/RTY=F,2021-11-12,1134,0.5513935910664053,0.8530632879933839,-1.906927711085091,0.32880914807383665,False
ES=F/RTY=F,2021-12-13,1155,0.5883382480811721,0.8484229450130125,-1.9000998998481078,0.33201411613753806,False
ES=F/RTY=F,2022-01-11,1176,0.6872378848156615,0.8360072647945809,-1.9335514844089992,0.3164457180437124,False
ES=F/RTY=F,2022-02-09,1197,0.812844311377888,0.820216444914497,-1.701462347365787,0.4303591894489127,False
ES=F/RTY=F,2022-03-10,1218,0.8959278093089413,0.809757074556079,-1.831420693308927,0.3649775034042486,False
ES=F/RTY=F,2022-04-08,1239,0.977756292578464,0.7994667331465778,-1.7272289367548854,0.4171407175078209,False
ES=F/RTY=F,2022-05-09,1260,1.064756334274417,0.7885045702335628,-1.6850338969589376,0.438839490477913,False
ES=F/RTY=F,2022-06-07,1281,1.1389134605624447,0.7791097027506383,-1.833436783728194,0.3639921098455201,False
ES=F/RTY=F,2022-07-06,1302,1.1922712153028139,0.7722997116756084,-1.6925731563207256,0.43494301543621305,False
ES=F/RTY=F,2022-08-04,1323,1.2462582102601414,0.7654435224327696,-1.8160046693532585,0.3725452666652338,False
ES=F/RTY=F,2022-09-02,1344,1.2857174112768357,0.7604604418407053,-1.8246533012351704,0.36829251433518684,False
ES=F/RTY=F,2022-10-03,1365,1.3233977048812542,0.7556510420476881,-1.9243576935557507,0.3206906561578768,False
ES=F/RTY=F,2022-11-01,1386,1.3496346000207684,0.7522781590200351,-1.9479419590871347,0.3098544063429758,False
ES=F/RTY=F,2022-11-30,1407,1.378340147340623,0.7486310555465515,-2.0250623582915215,0.2756933790366385,False
ES=F/RTY=F,2022-12-29,1428,1.4178440290360013,0.7436120036392454,-1.9778716669225134,0.29635908088928076,False
ES=F/RTY=F,2023-01-27,1449,1.446373388430725,0.7399881821974945,-2.126076757307142,0.23415909025306353,False
ES=F/RTY=F,2023-02-27,1470,1.4643838708024077,0.7377127170326044,-2.165572716724985,0.2189769277977235,False
ES=F/RTY=F,2023-03-28,1491,1.5000363569208395,0.7331891276301129,-2.049308865380382,0.2653798028192558,False
ES=F/RTY=F,2023-04-26,1512,1.5676161842273555,0.7246621974625296,-2.010575939911254,0.281955257514823,False
ES=F/RTY=F,2023-05-25,1533,1.6431405071509595,0.7151370762159392,-2.0335783255618436,0.2720469492875499,False
ES=F/RTY=F,2023-06-23,1554,1.715209419488481,0.7060792827478269,-2.0539986733440885,0.26340946589946207,False
ES=F/RTY=F,2023-07-24,1575,1.7847229414494277,0.6973667047969018,-2.1926429771695157,0.20892645952272865,False
ES=F/RTY=F,2023-08-22,1596,1.8424786652877,0.6901302153034214,-2.1263446038557423,0.2340540818658085,False
ES=F/RTY=F,2023-09-20,1617,1.9165883133110033,0.6808409420599726,-2.0795343947029155,0.25282314696528985,False
ES=F/RTY=F,2023-10-19,1638,1.999501648466768,0.6704260962875781,-1.9607185683939072,0.3040576495604465,False
ES=F/RTY=F,2023-11-17,1659,2.0929274035515695,0.658682846219858,-1.9643979538967038,0.3023981256698112,False
ES=F/RTY=F,2023-12-18,1680,2.174987857490702,0.6484151829550173,-2.3790303569321423,0.14774260928865646,False
ES=F/RTY=F,2024-01-16,1701,2.220821720632406,0.6426944590287779,-2.2863643565084613,0.1764034577328425,False
ES=F/RTY=F,2024-02-14,1722,2.2947733079161097,0.6334758031555121,-2.287059641469608,0.1761754657346984,False
ES=F/RTY=F,2024-03-14,1743,2.355318151253185,0.6259383450151214,-2.388575345908786,0.14498693033849847,False
ES=F/RTY=F,2024-04-12,1764,2.4154776531191895,0.6184572277210352,-2.3734404609740136,0.1493733699719092,False
ES=F/RTY=F,2024-05-13,1785,2.4809194466806623,0.6103113437376532,-2.4039850637129385,0.14061481154051225,False
ES=F/RTY=F,2024-06-11,1806,2.5418272931050185,0.602741238920605,-2.365964337631625,0.1515739995393534,False
ES=F/RTY=F,2024-07-10,1827,2.6319565323900873,0.5915534738127474,-2.3543549987681556,0.15503579261695033,False
ES=F/RTY=F,2024-08-08,1848,2.6588375440645535,0.5882162513580581,-2.4974862405191085,0.11608714824451072,False
ES=F/RTY=F,2024-09-06,1869,2.696835103375579,0.5835000489468517,-2.5048499268458557,0.1142987403811766,False
ES=F/RTY=F,2024-10-07,1890,2.730258798937098,0.5793545072642221,-2.540909361247927,0.10583519349482745,False
ES=F/RTY=F,2024-11-05,1911,2.758403480793258,0.5758672254540436,-2.5290361198125884,0.10856839878829566,False
ES=F/RTY=F,2024-12-04,1932,2.7491876263362354,0.5770078710078677,-2.6089999635538526,0.091151388248496,False
ES=F/RTY=F,2025-01-02,1953,2.7656375563729827,0.5749709802365625,-2.581177193432568,0.09695029634644031,False
ES=F/RTY=F,2025-01-31,1974,2.789935655317827,0.5719627174688731,-2.6108080073572353,0.09078398352080247,False
ES=F/RTY=F,2025-03-03,1995,2.821352061632522,0.5680741264205783,-2.566121428543381,0.1002033658031945,False
ES=F/RTY=F,2025-04-01,2016,2.8749727755722767,0.5614217586173761,-2.5123722081816537,0.11249298046887052,False
ES=F/RTY=F,2025-04-30,2037,2.9385947766228657,0.5535034756747435,-2.547316323419456,0.10438195700322583,False
ES=F/RTY=F,2025-05-29,2058,2.9943144921654317,0.5465968580190047,-2.591369713124521,0.09479412348411775,False
ES=F/RTY=F,2025-06-27,2079,3.0424233120485944,0.5406427940672283,-2.671325952654568,0.07913291448923676,False
ES=F/RTY=F,2025-07-28,2100,3.0740428893942493,0.5367363502798822,-2.737671571997088,0.06774319975495251,False
ES=F/RTY=F,2025-08-26,2121,3.103569704938841,0.5330901679118809,-2.7976891059506905,0.05860462178931355,False
ES=F/RTY=F,2025-09-24,2142,3.105751843718758,0.5328206837841849,-2.820500420179619,0.05540457187235879,False
ES=F/RTY=F,2025-10-23,2163,3.099136398167766,0.5336362460841778,-2.8344034561500404,0.05352503610505186,False
ES=F/RTY=F,2025-11-21,2184,3.1026327425097304,0.5332048654417691,-2.848108247403607,0.05172363312867278,False
ES=F/RTY=F,2025-12-22,2205,3.0940050794554477,0.5342679102521158,-2.8763999026870017,0.04816200124861607,True
ES=F/RTY=F,2026-01-20,2226,3.0743301982694433,0.5366908406341528,-2.8386181986997787,0.052965654365525736,False
ES=F/RTY=F,2026-02-18,2247,3.0421342865349525,0.5406565303832613,-2.8545483160173304,0.05089445908792454,False
ES=F/RTY=F,2026-03-19,2268,3.0216345329434198,0.5431825041602787,-2.9298211108077616,0.041988486323866626,True
ES=F/RTY=F,2026-04-17,2289,3.0024178932143264,0.5455513626045906,-2.8723509736029067,0.04865896922610013,True
ES=F/RTY=F,2026-05-18,2310,2.9603179175751277,0.5507279086769151,-2.880663943092304,0.04764316419639391,True
ES=F/RTY=F,2026-06-16,2331,2.916492399033216,0.5561119315854822,-2.7554621955732133,0.06492267938355381,False
ES=F/RTY=F,2026-07-15,2352,2.8598813228245525,0.563066041197282,-2.7435907720358763,0.06679410191612058,False
ES=F/RTY=F,2026-08-13,2373,2.811118255239304,0.5690542490558134,-2.698285076582823,0.07433549611107544,False
NQ=F/RTY=F,2018-06-27,252,0.9647405481272282,0.725327082642676,-2.113298395221231,0.23920098142381185,False
NQ=F/RTY=F,2018-07-26,273,0.7616089092330213,0.7485951183078438,-2.444421322273185,0.12958918112215767,False
NQ=F/RTY=F,2018-08-24,294,0.7447800247344584,0.7505210082856999,-2.568384123539295,0.09970925182357859,False
NQ=F/RTY=F,2018-09-24,315,0.6789986733900425,0.7580416052129012,-2.760607092409459,0.06412480602650115,False
NQ=F/RTY=F,2018-10-23,336,0.9499769261816308,0.7270026112153277,-1.7387563890459408,0.4112626992103551,False
NQ=F/RTY=F,2018-11-21,357,1.0729185284681841,0.7127136357846465,-2.070675977153854,0.25646820553082184,False
NQ=F/RTY=F,2018-12-20,378,1.0542484956271365,0.7144396340066783,-0.44219625393780687,0.9028115619169321,False
NQ=F/RTY=F,2019-01-18,399,0.7170749807394795,0.7522007960213497,-1.505705495053142,0.5306870476348612,False
NQ=F/RTY=F,2019-02-18,420,0.8008148445180201,0.7424248880741348,-1.8150901393225953,0.3729960112584209,False
NQ=F/RTY=F,2019-03-19,441,0.9558198016388695,0.7246539341212799,-1.5933133964812616,0.4869515431042245,False
NQ=F/RTY=F,2019-04-17,462,1.4462749138550213,0.6686588965871904,-1.433157456108515,0.5662808847929437,False
NQ=F/RTY=F,2019-05-16,483,1.9283774116768304,0.6136858096296187,-1.4357672632029361,0.5650138720721507,False
NQ=F/RTY=F,2019-06-14,504,2.2232897044779887,0.5799403353706992,-1.415076179075573,0.5750274490838798,False
NQ=F/RTY=F,2019-07-15,525,2.6474522187655154,0.5316008637911606,-1.4747286693888888,0.545973617975305,False
NQ=F/RTY=F,2019-08-13,546,3.0494970549587572,0.4857933830862807,-1.368704692535656,0.5971841628050981,False
NQ=F/RTY=F,2019-09-11,567,3.4413054240253613,0.44110460665457035,-1.7140776964062052,0.4238742093271659,False
NQ=F/RTY=F,2019-10-10,588,3.6981289187055935,0.4118335083752112,-1.5252513507168448,0.5209849392675983,False
NQ=F/RTY=F,2019-11-08,609,3.9480424192684223,0.3833953090958462,-1.983264262170225,0.2939590010725178,False
NQ=F/RTY=F,2019-12-09,630,4.0953285028321575,0.3666617756933527,-2.109457787127219,0.24072862370014353,False
NQ=F/RTY=F,2020-01-07,651,4.116690619865205,0.3642370188621681,-2.1519742747185413,0.2241351521341794,False
NQ=F/RTY=F,2020-02-05,672,4.219423769542362,0.3525915547437607,-2.184592318466707,0.21188500472734828,False
NQ=F/RTY=F,2020-03-05,693,4.427956276796576,0.3289379734050744,-1.87648595138013,0.3432024138531663,False
NQ=F/RTY=F,2020-04-03,714,4.728525786090888,0.2940245067050119,0.4553798720533418,0.9834519132979066,False
NQ=F/RTY=F,2020-05-04,735,5.564462100626187,0.19900766150347596,-1.398068986004315,0.5832015199779339,False
NQ=F/RTY=F,2020-06-02,756,6.319228184815406,0.11350498519645986,-2.5224284618173556,0.11011216578200372,False
NQ=F/RTY=F,2020-07-01,777,6.715446210416111,0.06869630482169224,-2.641984705797773,0.0846265726222809,False
NQ=F/RTY=F,2020-07-30,798,7.019004652507155,0.03440706383555323,-2.8344804392152616,0.05351477576392575,False
NQ=F/RTY=F,2020-08-28,819,6.9858659565002785,0.03814538339610689,-2.912761884592223,0.04388396351144718,True
NQ=F/RTY=F,2020-09-28,840,7.022267393856416,0.034032605103642824,-2.96520574163499,0.03827399614826795,True
NQ=F/RTY=F,2020-10-27,861,6.9261827568976475,0.044867802909644136,-3.333271479117264,0.013455183244706678,True
NQ=F/RTY=F,2020-11-25,882,6.705556394842145,0.0697412772833887,-2.696709294464395,0.07460943791612216,False
NQ=F/RTY=F,2020-12-24,903,6.2388958913643755,0.12230222170718191,-2.65430874855848,0.08228401438179939,False
NQ=F/RTY=F,2021-01-22,924,5.719588584388977,0.18075907746776712,-2.1978141303909458,0.20703975779978911,False
NQ=F/RTY=F,2021-02-22,945,5.1755525038121535,0.2419443080834122,-1.8825140099851054,0.3403312520235558,False
NQ=F/RTY=F,2021-03-23,966,4.739777283263885,0.29100276398499836,-1.8056960486282914,0.3776374531031256,False
NQ=F/RTY=F,2021-04-21,987,4.414454500011288,0.32759063985454284,-2.0293440056606986,0.27385680013692687,False
NQ=F/RTY=F,2021-05-20,1008,4.143273549831712,0.35808130185269704,-1.8815795119783665,0.34077568563110205,False
NQ=F/RTY=F,2021-06-18,1029,3.8981851878553324,0.3856283670156452,-1.8172430119747773,0.3719352412989593,False
NQ=F/RTY=F,2021-07-19,1050,3.714944003781144,0.4061945354198991,-2.030505783971431,0.27335959042938285,False
NQ=F/RTY=F,2021-08-17,1071,3.60780636056006,0.41820977972449513,-1.9866859898634492,0.2924411669996668,False
NQ=F/RTY=F,2021-09-15,1092,3.518945434516333,0.42816807558830117,-1.9975863531710147,0.28763240097660225,False
NQ=F/RTY=F,2021-10-14,1113,3.4409191892031634,0.43692056487951175,-1.9609640182383887,0.30394680603961133,False
NQ=F/RTY=F,2021-11-12,1134,3.3423544477478564,0.4479584922519044,-1.9101865671336935,0.3272843068191726,False
NQ=F/RTY=F,2021-12-13,1155,3.292356663895237,0.4535525682669329,-2.0507964052617074,0.26475397141737084,False
NQ=F/RTY=F,2022-01-11,1176,3.2787442138547025,0.45507569242454804,-2.0683697634761087,0.25742195559096503,False
NQ=F/RTY=F,2022-02-09,1197,3.2979411398845113,0.45291799426725704,-2.08222920678465,0.2517201016073863,False
NQ=F/RTY=F,2022-03-10,1218,3.307147153223293,0.45188093952419617,-2.080255880945982,0.2525275602801664,False
NQ=F/RTY=F,2022-04-08,1239,3.3131993305820364,0.4512004451865163,-2.098293305274995,0.2452014256128996,False
NQ=F/RTY=F,2022-05-09,1260,3.3295257250911345,0.44935442513527196,-1.9899709299676749,0.29098773616485285,False
NQ=F/RTY=F,2022-06-07,1281,3.3511103170018495,0.44688727193271416,-2.051292664137752,0.2645453669003657,False
NQ=F/RTY=F,2022-07-06,1302,3.372676519237505,0.44439593127106375,-2.017338226892009,0.27902301366089544,False
NQ=F/RTY=F,2022-08-04,1323,3.3946210864840016,0.4418879985434551,-2.0973356428536234,0.24558730171715004,False
NQ=F/RTY=F,2022-09-02,1344,3.4000904337855786,0.4412664798426809,-2.122441215666235,0.23558713694065786,False
NQ=F/RTY=F,2022-10-03,1365,3.4151314666508354,0.4395298457841508,-2.0848327782177263,0.25065698971363876,False
NQ=F/RTY=F,2022-11-01,1386,3.4248480579256317,0.43839154375365413,-2.2739873631812095,0.18049484255228992,False
NQ=F/RTY=F,2022-11-30,1407,3.4258072514445836,0.4382794678157774,-2.281615935431993,0.17796576456311697,False
NQ=F/RTY=F,2022-12-29,1428,3.4312945588545025,0.4376395110095066,-2.295239483122147,0.17350793015346105,False
NQ=F/RTY=F,2023-01-27,1449,3.4309803170257096,0.43767174145540394,-2.333251189064971,0.1614679079575168,False
NQ=F/RTY=F,2023-02-27,1470,3.426086602878406,0.4382281810493213,-2.354610614474945,0.15495898630690969,False
NQ=F/RTY=F,2023-03-28,1491,3.443014687795004,0.43630485057675,-2.3467854830119848,0.15732218706499196,False
NQ=F/RTY=F,2023-04-26,1512,3.4768098063867927,0.43248758072339144,-2.346174344750003,0.15750779143029414,False
NQ=F/RTY=F,2023-05-25,1533,3.521566068194653,0.427445957063347,-2.313103449061327,0.1677766690845643,False
NQ=F/RTY=F,2023-06-23,1554,3.572616578918659,0.4217379679872341,-2.336501037161953,0.160465686721467,False
NQ=F/RTY=F,2023-07-24,1575,3.6150950800787722,0.41700130895392995,-2.4474661679053518,0.12878496075945634,False
NQ=F/RTY=F,2023-08-22,1596,3.6460143997455825,0.4135526604321328,-2.413134751580928,0.13806348817282532,False
NQ=F/RTY=F,2023-09-20,1617,3.693173208773739,0.40829384956538906,-2.3867658232301867,0.1455065491409644,False
NQ=F/RTY=F,2023-10-19,1638,3.7555357541911345,0.4013307816645962,-2.2821152563547313,0.17780104949922204,False
NQ=F/RTY=F,2023-11-17,1659,3.8295036792638597,0.3930709107531212,-2.2830969284229674,0.17747751229205988,False
NQ=F/RTY=F,2023-12-18,1680,3.8840304527254967,0.3870078094038449,-2.5953023897091074,0.09397206008201625,False
NQ=F/RTY=F,2024-01-16,1701,3.9057148083808526,0.3846023691914369,-2.5634361000674417,0.10079217823997821,False
NQ=F/RTY=F,2024-02-14,1722,3.945966360478496,0.3801450640803973,-2.574543339636593,0.09837360539139939,False
NQ=F/RTY=F,2024-03-14,1743,3.9698524012696397,0.3775025847804141,-2.6514347153345925,0.08282573807638971,False
NQ=F/RTY=F,2024-04-12,1764,3.986801818130382,0.37562884265826796,-2.6550931196188157,0.08213665021689887,False
NQ=F/RTY=F,2024-05-13,1785,4.0130603186667555,0.3727222823130673,-2.67538470872269,0.07839550274201793,False
NQ=F/RTY=F,2024-06-11,1806,4.035215530931213,0.37027583144088844,-2.666836519542345,0.0799548965172554,False
NQ=F/RTY=F,2024-07-10,1827,4.078806782000295,0.3654730012644048,-2.6636001627097765,0.08055158563774456,False
NQ=F/RTY=F,2024-08-08,1848,4.07695832407256,0.3656770392388459,-2.805911416599104,0.05743431312216485,False
NQ=F/RTY=F,2024-09-06,1869,4.080679970355083,0.36526607004064,-2.828125625058907,0.054367175769806424,False
NQ=F/RTY=F,2024-10-07,1890,4.079517462681925,0.3653935757212014,-2.8369064007083407,0.05319226517747741,False
NQ=F/RTY=F,2024-11-05,1911,4.074444598815858,0.3659520281811326,-2.8494184275930103,0.05155405273968319,False
NQ=F/RTY=F,2024-12-04,1932,4.044456390991062,0.3692500906700712,-2.8031076935056443,0.05783122554283286,False
NQ=F/RTY=F,2025-01-02,1953,4.0363837004773915,0.3701368437729144,-2.896594058264624,0.04574549812966058,True
NQ=F/RTY=F,2025-01-31,1974,4.03498754858122,0.3702900539317484,-2.912225279940709,0.04394472172768525,True
NQ=F/RTY=F,2025-03-03,1995,4.039409591644013,0.36980386368724333,-2.9244966524269933,0.0425726295657028,True
NQ=F/RTY=F,2025-04-01,2016,4.063427536873899,0.36715527845077867,-2.910248329167364,0.044169169616721835,True
NQ=F/RTY=F,2025-04-30,2037,4.100861041449652,0.36301186831292304,-2.913238041195427,0.043830108122916295,True
NQ=F/RTY=F,2025-05-29,2058,4.130944331665376,0.35970171568733633,-2.9458909389947836,0.04026586270737221,True
NQ=F/RTY=F,2025-06-27,2079,4.155442420915438,0.3570122023963445,-3.0029460550026186,0.03462019025137095,True
NQ=F/RTY=F,2025-07-28,2100,4.165312738457313,0.355930806261155,-3.040394343103214,0.031290427011200724,True
NQ=F/RTY=F,2025-08-26,2121,4.174046803328146,0.35497447508132907,-3.0703720692253746,0.02882491037196782,True
NQ=F/RTY=F,2025-09-24,2142,4.162091845199329,0.3562821858662232,-3.0670809876986933,0.029087216291876963,True
NQ=F/RTY=F,2025-10-23,2163,4.144538588704887,0.35819995005838223,-3.0848221157703697,0.027697001091847997,True
NQ=F/RTY=F,2025-11-21,2184,4.135421046307806,0.3591950612364041,-3.124942855938684,0.024761531833724485,True
NQ=F/RTY=F,2025-12-22,2205,4.117357232311181,0.3611676486732167,-3.1048250735057197,0.026198165987683004,True
NQ=F/RTY=F,2026-01-20,2226,4.090184622907614,0.3641334607686084,-3.027757501488711,0.032382258665943596,True
NQ=F/RTY=F,2026-02-18,2247,4.05441411694457,0.36803974174802784,-3.0310143018065654,0.03209782114036901,True
NQ=F/RTY=F,2026-03-19,2268,4.0286073868795,0.37085975456276293,-3.1485138345721313,0.02316511717612499,True
NQ=F/RTY=F,2026-04-17,2289,4.005742957574962,0.37335858545030787,-3.0568837168367833,0.02991293793149803,True
NQ=F/RTY=F,2026-05-18,2310,3.96530428324289,0.37775924775129677,-3.088112998203939,0.027445478242730855,True
NQ=F/RTY=F,2026-06-16,2331,3.9252133502835096,0.38211402130401545,-2.985895544207429,0.036232738493927975,True
NQ=F/RTY=F,2026-07-15,2352,3.8753389491491976,0.38753125550865264,-2.9466750572231124,0.04018334298954729,True
NQ=F/RTY=F,2026-08-13,2373,3.8284521614818128,0.39262851775992663,-2.8645033456542723,0.04963422557941558,True
GC=F/HG=F,2015-12-22,252,-10.213490331704195,1.5775326135229397,-2.4830226081232993,0.11965994145429798,False
GC=F/HG=F,2016-01-20,273,-11.39503178313707,1.7441121289452857,-2.348661375518905,0.15675341459422915,False
GC=F/HG=F,2016-02-18,294,-10.687376408398922,1.6417955718830795,-1.2841515818670644,0.6363914355130322,False
GC=F/HG=F,2016-03-18,315,-7.875557333308069,1.24111339131057,-1.4798843988413493,0.5434377367106834,False
GC=F/HG=F,2016-04-18,336,-6.177711906691997,0.9990429317110184,-1.357733908824516,0.6023630453965839,False
GC=F/HG=F,2016-05-17,357,-4.221430314045503,0.720673961606706,-1.1257810994678759,0.7046819770786232,False
GC=F/HG=F,2016-06-15,378,-2.772333055918999,0.514218520315067,-1.1106478404148608,0.7108070437526692,False
GC=F/HG=F,2016-07-14,399,-0.9479683416524137,0.25516253613928314,-1.655254203897784,0.45430166268946137,False
GC=F/HG=F,2016-08-12,420,0.032515786767479814,0.11600576662613447,-1.7046484827046124,0.4287190442750607,False
GC=F/HG=F,2016-09-12,441,1.012779849482151,-0.02315550961919918,-1.6686742954956821,0.44732036821872634,False
GC=F/HG=F,2016-10-11,462,1.4542044941048737,-0.0859082905141166,-1.827568951554998,0.3668629003999486,False
GC=F/HG=F,2016-11-09,483,1.6745913062368576,-0.1173835793027979,-1.951619158847313,0.30818066990012244,False
GC=F/HG=F,2016-12-08,504,1.7076963569915964,-0.1214465023018635,-1.7567095370115635,0.40215596570315015,False
GC=F/HG=F,2017-01-06,525,1.9278549261940552,-0.15206075720451126,-1.9012017187343748,0.33149599565302235,False
GC=F/HG=F,2017-02-06,546,1.93291721747888,-0.15211476931712192,-1.8071829788092757,0.37690142053791326,False
GC=F/HG=F,2017-03-07,567,1.672656244386355,-0.11467255976137962,-1.7587642560533745,0.4011175971567713,False
GC=F/HG=F,2017-04-05,588,1.5026533913247277,-0.09014961687930667,-1.7966134394815891,0.3821443184403016,False
GC=F/HG=F,2017-05-04,609,1.2205225272591045,-0.049936710234187026,-1.8899477205715252,0.336804696523055,False
GC=F/HG=F,2017-06-02,630,1.0781525521421902,-0.02954875573503827,-1.8688596677380638,0.3468492719652896,False
GC=F/HG=F,2017-07-03,651,0.8617475608699526,0.0013494339916844493,-1.767349889414578,0.3967877590289782,False
GC=F/HG=F,2017-08-01,672,0.6734282993681876,0.02845985832751233,-1.4931976885394047,0.5368736211778522,False
GC=F/HG=F,2017-08-30,693,-0.0030940346049685894,0.12462309333215876,-1.163684125395684,0.6890196332991494,False
GC=F/HG=F,2017-09-28,714,-0.9445121792896515,0.2580380198118425,-1.4770256563934543,0.5448442663824523,False
GC=F/HG=F,2017-10-27,735,-1.5726092848027704,0.347357954159032,-1.0634143894268164,0.729439212874098,False
GC=F/HG=F,2017-11-27,756,-2.138548148127452,0.42787197452311,-1.140146027316493,0.6987996148367345,False
GC=F/HG=F,2017-12-26,777,-2.531249790751514,0.4839065906471037,-1.085504772873129,0.7208176830228209,False
GC=F/HG=F,2018-01-24,798,-3.3712555587688753,0.6029102025448122,-1.419554689474084,0.572866285629559,False
GC=F/HG=F,2018-02-22,819,-4.159022208019886,0.7143741145345681,-1.3566632667022516,0.6028670820469193,False
GC=F/HG=F,2018-03-23,840,-4.703748326132877,0.7915309803335683,-1.5904208374790534,0.48840365319057394,False
GC=F/HG=F,2018-04-23,861,-5.161335663098881,0.8562705089317709,-1.5754337015810937,0.4959211138963134,False
GC=F/HG=F,2018-05-22,882,-5.5201606862759585,0.9071583065202893,-1.572315025189079,0.4974839302831423,False
GC=F/HG=F,2018-06-20,903,-5.858647114496243,0.9552575989578875,-1.6100836014402515,0.47793176257828374,False
GC=F/HG=F,2018-07-19,924,-5.926226984546911,0.9650866554473881,-1.7545657275689168,0.40324022660096276,False
GC=F/HG=F,2018-08-17,945,-5.872350255392526,0.9577656667294433,-1.7933949407043055,0.3837458179713375,False
GC=F/HG=F,2018-09-17,966,-5.800002093445393,0.9477808678456268,-1.8180572134824486,0.3715343531129981,False
GC=F/HG=F,2018-10-16,987,-5.685315651837659,0.9319619195818617,-1.8003221568769132,0.3803017633928627,False
GC=F/HG=F,2018-11-14,1008,-5.666742567804361,0.9295441966763397,-1.8415580249456838,0.36003307384492633,False
GC=F/HG=F,2018-12-13,1029,-5.654391990463101,0.9280145495007444,-1.8663863337424225,0.3480354371681686,False
GC=F/HG=F,2019-01-11,1050,-5.647490394725784,0.9270608802944009,-1.933616328647521,0.3164158713254399,False
GC=F/HG=F,2019-02-11,1071,-5.667427187874036,0.9298845676048048,-1.9616161326272104,0.3036524109058343,False
GC=F/HG=F,2019-03-12,1092,-5.783738406712596,0.946366572194819,-1.9487284028169882,0.3094960801069454,False
GC=F/HG=F,2019-04-10,1113,-5.905122254564587,0.9635842861066748,-1.9808070353560199,0.2950514280234129,False
GC=F/HG=F,2019-05-09,1134,-5.998906611744762,0.976942163180992,-2.044156309402937,0.26755378368546234,False
GC=F/HG=F,2019-06-07,1155,-5.976940947678519,0.9738442668453982,-2.0536968722231506,0.2635360203580455,False
GC=F/HG=F,2019-07-08,1176,-5.679256499379552,0.9318630255204732,-2.0115475824264433,0.2815329522213057,False
GC=F/HG=F,2019-08-06,1197,-5.230446114117651,0.8686247037244091,-1.8238926961206894,0.3686657988245208,False
GC=F/HG=F,2019-09-04,1218,-4.206824181067927,0.7245732280860225,-1.5462436451638726,0.5105239953981414,False
GC=F/HG=F,2019-10-03,1239,-3.569757422109992,0.6349109846952905,-1.70751955483488,0.4272423999255332,False
GC=F/HG=F,2019-11-01,1260,-3.1454991861477444,0.5751910725226275,-1.7846545058137944,0.3881064783103822,False
GC=F/HG=F,2019-12-02,1281,-2.911603656349324,0.5422529573257877,-1.8305619187552036,0.36539754891592147,False
GC=F/HG=F,2019-12-31,1302,-2.829398517501636,0.5306774679219259,-1.8955629458634187,0.3341513115000819,False
GC=F/HG=F,2020-01-29,1323,-2.668435453601413,0.50804417168235,-1.9055834098396844,0.32943907462856126,False
GC=F/HG=F,2020-02-27,1344,-2.218635794257282,0.44482231898534985,-1.8816370670541207,0.3407483061735024,False
GC=F/HG=F,2020-03-27,1365,-1.6645178897119388,0.3669283269319367,-1.4259649296364678,0.5697668641378608,False
GC=F/HG=F,2020-04-27,1386,-0.8850490388414071,0.25747240467133004,-1.7208168653003588,0.42042017225998685,False
GC=F/HG=F,2020-05-26,1407,-0.38143312896154086,0.1867759189961497,-1.8460222811780225,0.35786393593429877,False
GC=F/HG=F,2020-06-24,1428,-0.1764600220783162,0.15800336690895772,-2.0133318407631897,0.28075831840019305,False
GC=F/HG=F,2020-07-23,1449,-0.2405305929884515,0.16698826596105995,-2.0197745557269364,0.2779705133946937,False
GC=F/HG=F,2020-08-21,1470,-0.34444162493119074,0.18154768539953628,-2.0505728282891797,0.26484798228134043,False
GC=F/HG=F,2020-09-21,1491,-0.5128525763864286,0.20514669504183783,-2.030815115266447,0.27322728618945674,False
GC=F/HG=F,2020-10-20,1512,-0.6457649544472603,0.22377908933011323,-1.9575255236990892,0.30550139302832124,False
GC=F/HG=F,2020-11-18,1533,-0.8136497003476957,0.24731439413096465,-1.9258949680996904,0.31997905343053246,False
GC=F/HG=F,2020-12-17,1554,-1.0829201127963086,0.28509259574759277,-1.6665209441561963,0.44843915909726684,False
GC=F/HG=F,2021-01-15,1575,-1.387781348051957,0.32783417650660407,-1.614597505657236,0.4755627303549635,False
GC=F/HG=F,2021-02-15,1596,-1.6578837178805055,0.36572867377542734,-1.5069874696630967,0.5300519491572317,False
GC=F/HG=F,2021-03-16,1617,-1.9886809411556212,0.4122344270616623,-1.097467320109767,0.7160808510757347,False
GC=F/HG=F,2021-04-14,1638,-2.280212277663433,0.4532388545054698,-1.2994923826967257,0.6294045172041847,False
GC=F/HG=F,2021-05-13,1659,-2.6590392369190963,0.5064325971711651,-0.6857185283485197,0.8504141620619226,False
GC=F/HG=F,2021-06-11,1680,-3.0612131049006637,0.5627918009020663,-1.2056591606877942,0.6711565582815917,False
GC=F/HG=F,2021-07-12,1701,-3.333294208482117,0.6009927785909615,-1.2932392673498199,0.6322596530130181,False
GC=F/HG=F,2021-08-10,1722,-3.595419127819677,0.6377906166335353,-1.2959835350877462,0.6310078420490228,False
GC=F/HG=F,2021-09-08,1743,-3.814090080797256,0.6684996718049918,-1.4551199332454123,0.5555846536048625,False
GC=F/HG=F,2021-10-07,1764,-4.007348907290656,0.6956624465688067,-1.5466045782481403,0.5103438055742272,False
GC=F/HG=F,2021-11-05,1785,-4.227012298316566,0.7265200963899833,-1.5225864019600024,0.522310056978745,False
GC=F/HG=F,2021-12-06,1806,-4.413794831325997,0.7527286975920365,-1.5907557994684742,0.48823551539839316,False
GC=F/HG=F,2022-01-04,1827,-4.584032601151225,0.7766323422074835,-1.5484675694977335,0.5094135744126926,False
GC=F/HG=F,2022-02-02,1848,-4.756183217031483,0.8007865621378244,-1.5852981221306899,0.49097442448713086,False
GC=F/HG=F,2022-03-03,1869,-4.928955050720198,0.8249920351868447,-1.563575691865407,0.501860223045362,False
GC=F/HG=F,2022-04-01,1890,-5.111899175232759,0.85057130263133,-1.5966680765262957,0.485267008160671,False
GC=F/HG=F,2022-05-02,1911,-5.272285874168352,0.8730033185887794,-1.7467078012489705,0.4072219512276586,False
GC=F/HG=F,2022-05-31,1932,-5.368298072282067,0.8864661967958849,-1.7616305411320854,0.3996704733014827,False
GC=F/HG=F,2022-06-29,1953,-5.446479141102776,0.8974306378319057,-1.9159795286913857,0.32458157788835423,False
GC=F/HG=F,2022-07-28,1974,-5.439404998689216,0.8964301683418496,-1.9536112108085208,0.3072757672778334,False
GC=F/HG=F,2022-08-26,1995,-5.448474287796617,0.897707003178698,-1.9566554169456982,0.3058953877759017,False
GC=F/HG=F,2022-09-26,2016,-5.460462344209963,0.8994031788391347,-1.9933345487453855,0.2895032931609769,False
GC=F/HG=F,2022-10-25,2037,-5.468533681512912,0.9005494894733225,-1.994602834741469,0.288944570713867,False
GC=F/HG=F,2022-11-23,2058,-5.491898595658543,0.9038510060776006,-2.0149383062418735,0.2800618263145889,False
GC=F/HG=F,2022-12-22,2079,-5.516855464301153,0.9073585012065484,-2.024899064233394,0.2757635516958256,False
GC=F/HG=F,2023-01-20,2100,-5.552488064137375,0.9123470656720221,-2.011529571792471,0.2815407771907942,False
GC=F/HG=F,2023-02-20,2121,-5.602934897967063,0.919404281431154,-2.01432673104738,0.2803268715700636,False
GC=F/HG=F,2023-03-21,2142,-5.640927349854745,0.9247306548435348,-2.102815275730755,0.2433840729323457,False
GC=F/HG=F,2023-04-19,2163,-5.652932451219849,0.9264059107896434,-2.1205128819412837,0.23634666175821434,False
GC=F/HG=F,2023-05-18,2184,-5.626501101214081,0.9227212170065007,-2.122374466786224,0.2356134037574063,False
GC=F/HG=F,2023-06-16,2205,-5.596477168601777,0.9185300160818933,-2.1544461612584422,0.22319209054402983,False
GC=F/HG=F,2023-07-17,2226,-5.58878211547055,0.9174545219733831,-2.1676725888342903,0.21818689707853983,False
GC=F/HG=F,2023-08-15,2247,-5.580247926331474,0.916262661370202,-2.177312991147406,0.2145823182022813,False
GC=F/HG=F,2023-09-13,2268,-5.569176904229922,0.9147148254996619,-2.1906836481786898,0.20964411450301446,False
GC=F/HG=F,2023-10-12,2289,-5.55729083847555,0.9130515782527967,-2.202808038864587,0.2052278798004315,False
GC=F/HG=F,2023-11-10,2310,-5.517448615883396,0.9074921365592213,-2.19287636135803,0.20884107870816293,False
GC=F/HG=F,2023-12-11,2331,-5.4894347463011055,0.9035872488725839,-2.2216954799405717,0.19846568261695713,False
GC=F/HG=F,2024-01-09,2352,-5.466559348792663,0.9004019187424538,-2.2221468473394803,0.19830583648403954,False
GC=F/HG=F,2024-02-07,2373,-5.4400094918679835,0.896703781148438,-2.2275532906652766,0.19639759284676134,False
GC=F/HG=F,2024-03-07,2394,-5.411872365300911,0.892786759597588,-2.2226609549412104,0.1981238716601631,False
GC=F/HG=F,2024-04-05,2415,-5.375624778973091,0.8877567674042366,-2.2649172344594004,0.18353255460870327,False
GC=F/HG=F,2024-05-06,2436,-5.359861335719068,0.885574700121245,-2.287035313161986,0.176183439956894,False
GC=F/HG=F,2024-06-04,2457,-5.393319880346315,0.8902062241805692,-2.309711010640764,0.16885510329395725,False
GC=F/HG=F,2024-07-03,2478,-5.392573265932731,0.8901027109645069,-2.3273746162026816,0.16329103190769384,False
GC=F/HG=F,2024-08-01,2499,-5.35362434968981,0.884714124322199,-2.279436176464553,0.17868600418386077,False
GC=F/HG=F,2024-08-30,2520,-5.264851683556725,0.872440797557367,-2.2366019433040503,0.19323018571060352,False
GC=F/HG=F,2024-09-30,2541,-5.175365404955767,0.8600807697428108,-2.305799705769474,0.1701042733744053,False
GC=F/HG=F,2024-10-29,2562,-5.091696200151601,0.8485378083350409,-2.2124167478663352,0.20176979854336968,False
GC=F/HG=F,2024-11-27,2583,-4.992829525604031,0.8348958628928782,-2.167038957272858,0.21842510333733078,False
GC=F/HG=F,2024-12-26,2604,-4.896020693179003,0.8215355416728468,-2.1777059177312688,0.21443618357485078,False
GC=F/HG=F,2025-01-24,2625,-4.811212497811689,0.8098352817305576,-2.220154492582455,0.19901202229799675,False
GC=F/HG=F,2025-02-24,2646,-4.732555197224799,0.7990002426483415,-2.251277968474906,0.18816331351502807,False
GC=F/HG=F,2025-03-25,2667,-4.682198683705664,0.7920676847582008,-2.3378991195275143,0.16003584537206977,False
GC=F/HG=F,2025-04-23,2688,-4.592954886828362,0.7798006595033613,-2.2671218764162058,0.18279112030705996,False
GC=F/HG=F,2025-05-22,2709,-4.487717772002724,0.7653442643541006,-2.2435161906771044,0.19083220086884578,False
GC=F/HG=F,2025-06-20,2730,-4.399095217420825,0.7531745739490286,-2.3013915163038514,0.17151957257920325,False
GC=F/HG=F,2025-07-21,2751,-4.368256208448946,0.7489394391735907,-2.4391456393376707,0.13099120094792766,False
GC=F/HG=F,2025-08-19,2772,-4.302613745618855,0.7399261172091012,-2.3703518850963294,0.15027978564567646,False
GC=F/HG=F,2025-09-17,2793,-4.185360645466718,0.7238406186888963,-2.3084959729628136,0.16924249080041281,False
GC=F/HG=F,2025-10-16,2814,-4.06969627709243,0.7079987416762964,-2.2989874936770414,0.17229473290434105,False
GC=F/HG=F,2025-11-14,2835,-3.9656512401089588,0.6937606260969,-2.4384234953123824,0.1311839593837164,False
GC=F/HG=F,2025-12-15,2856,-3.8785260650521565,0.6818410121954234,-2.487146518257917,0.11863312032313911,False
GC=F/HG=F,2026-01-13,2877,-3.8206002873182148,0.673923134180268,-2.5838669404641115,0.09637769663578011,False
GC=F/HG=F,2026-02-11,2898,-3.7562755589265038,0.6651438728322091,-2.549744258997377,0.10383519256077217,False
GC=F/HG=F,2026-03-12,2919,-3.6803444187671657,0.6547858352842338,-2.5238405507269897,0.10978088653908946,False
GC=F/HG=F,2026-04-10,2940,-3.624051737731481,0.6470974622806743,-2.572920627807351,0.09872416891162483,False
GC=F/HG=F,2026-05-11,2961,-3.603515055452085,0.6442925784591386,-2.641578544573048,0.08470464933361022,False
GC=F/HG=F,2026-06-09,2982,-3.6157811982100734,0.6459692506410601,-2.6550061302264423,0.08215298323871628,False
GC=F/HG=F,2026-07-08,3003,-3.6358945394906117,0.6487235950280228,-2.6686790102082205,0.07961674471544028,False
GC=F/HG=F,2026-08-06,3024,-3.662755459598034,0.6524041504341359,-2.633742890520347,0.08622188466147857,False
GC=F/SI=F,2015-12-22,252,-6.654367267943948,1.333032488517798,-4.315274219133019,0.00041792234384594395,True
GC=F/SI=F,2016-01-20,273,-6.894163381594158,1.3668329996878845,-4.39839125207117,0.0002987846032494174,True
GC=F/SI=F,2016-02-18,294,-6.712349863331141,1.3405146104647745,-3.2237968643985595,0.018647889363353265,True
GC=F/SI=F,2016-03-18,315,-5.352744965954531,1.146784470794683,-2.4067218527639915,0.1398481965338763,False
GC=F/SI=F,2016-04-18,336,-4.726846932948512,1.0575259095692802,-2.617022538115411,0.08952984396677977,False
GC=F/SI=F,2016-05-17,357,-4.922239153398677,1.0853358742906232,-2.7068529417389593,0.0728598996231237,False
GC=F/SI=F,2016-06-15,378,-4.9069946549751045,1.0831475960737587,-2.8320232771363063,0.05384306177073939,False
GC=F/SI=F,2016-07-14,399,-5.555460124067638,1.1751795888330467,-2.1309923632934584,0.2322363682350022,False
GC=F/SI=F,2016-08-12,420,-6.5011983940730325,1.3094092714160608,-2.3540881426074254,0.1551160044987428,False
GC=F/SI=F,2016-09-12,441,-6.800610242655447,1.3519075395733628,-2.583336064711606,0.09649050592623543,False
GC=F/SI=F,2016-10-11,462,-7.012701301035477,1.3820356537264613,-2.71135899716617,0.07209320773513059,False
GC=F/SI=F,2016-11-09,483,-7.06180567178548,1.3890380023967526,-2.7227651094054757,0.0701810742895001,False
GC=F/SI=F,2016-12-08,504,-7.054789933554832,1.388276733816245,-2.5432483305142224,0.10530291312114892,False
GC=F/SI=F,2017-01-06,525,-6.871740001477081,1.362814919828651,-2.835271771500538,0.05340939977917271,False
GC=F/SI=F,2017-02-06,546,-6.86763370556806,1.362471165704272,-2.836963326191684,0.05318471655644339,False
GC=F/SI=F,2017-03-07,567,-6.966761394314059,1.3767308768766862,-2.804168363596657,0.05768080950644778,False
GC=F/SI=F,2017-04-05,588,-7.022368036821633,1.3847523113813287,-2.8506528353264944,0.05139469723201182,False
GC=F/SI=F,2017-05-04,609,-7.044414412914974,1.3878909624718943,-2.9274462056437143,0.04224820506078297,True
GC=F/SI=F,2017-06-02,630,-6.995915364675405,1.3809230592028046,-3.0542460314241,0.030129749042505358,True
GC=F/SI=F,2017-07-03,651,-6.909193497341073,1.3685374204817269,-3.055373319469033,0.030036925470908613,True
GC=F/SI=F,2017-08-01,672,-6.842784933284598,1.3589437682865897,-2.9900781261193736,0.03583142499346619,True
GC=F/SI=F,2017-08-30,693,-6.662811746735797,1.3333557475842288,-2.9493452722395728,0.039903392868666815,True
GC=F/SI=F,2017-09-28,714,-6.418193348877958,1.2986828069979997,-2.9134771190851714,0.043803088089977675,True
GC=F/SI=F,2017-10-27,735,-6.289189876788056,1.2803353997679976,-3.003914172892779,0.03453047910106154,True
GC=F/SI=F,2017-11-27,756,-6.191423371313631,1.2664268374111531,-3.023386716539074,0.03276734645871304,True
GC=F/SI=F,2017-12-26,777,-6.053857273428418,1.246786302361568,-2.851528833767399,0.05128185576585113,False
GC=F/SI=F,2018-01-24,798,-5.7787267359509835,1.2078165795029712,-2.6653743755829082,0.0802240429205372,False
GC=F/SI=F,2018-02-22,819,-5.3792226920278745,1.151284571183772,-2.5919294884495767,0.09467677679087799,False
GC=F/SI=F,2018-03-23,840,-5.0529813867058015,1.1050737179933978,-2.4750147108909943,0.12167246319914293,False
GC=F/SI=F,2018-04-23,861,-4.695141407585123,1.0544456204765609,-2.7169318536800446,0.071153867481515,False
GC=F/SI=F,2018-05-22,882,-4.499919899774893,1.0267630794410485,-2.7176755495960543,0.07102925125338048,False
GC=F/SI=F,2018-06-20,903,-4.396290067268137,1.012037891693369,-2.7670085669693187,0.06314307982935546,False
GC=F/SI=F,2018-07-19,924,-4.369864886142885,1.0081666507314844,-2.746869751811315,0.06627293790775729,False
GC=F/SI=F,2018-08-17,945,-4.416875957307719,1.0145793869522075,-2.709680624811944,0.07237802676999913,False
GC=F/SI=F,2018-09-17,966,-4.546436253955158,1.0324607575183002,-2.230087263967125,0.19550726484460001,False
GC=F/SI=F,2018-10-16,987,-4.664470007009369,1.0487276329208968,-2.3035590269147086,0.17082268373692538,False
GC=F/SI=F,2018-11-14,1008,-4.701302610455719,1.0535553731534726,-2.05488574643199,0.2630376818405869,False
GC=F/SI=F,2018-12-13,1029,-4.717455306468925,1.055456781430417,-2.1144556948406557,0.23874176273072634,False
GC=F/SI=F,2019-01-11,1050,-4.589919816360448,1.0372282255843612,-2.232387355079302,0.19470135601330985,False
GC=F/SI=F,2019-02-11,1071,-4.386784780894939,1.0084169254171333,-2.1942720173999577,0.2083309488203493,False
GC=F/SI=F,2019-03-12,1092,-4.136759576477092,0.9729992156624275,-2.110375721806731,0.24036299142478906,False
GC=F/SI=F,2019-04-10,1113,-3.903507807672986,0.9399219660785463,-2.0428788705260104,0.26809425351659977,False
GC=F/SI=F,2019-05-09,1134,-3.741274103352442,0.9168201424955613,-2.0037675933300028,0.2849235881275092,False
GC=F/SI=F,2019-06-07,1155,-3.490131878972383,0.881171790222114,-1.777508078250124,0.3916840876948825,False
GC=F/SI=F,2019-07-08,1176,-2.85798854315541,0.7920036144092983,-1.6620944950793124,0.4507406759133152,False
GC=F/SI=F,2019-08-06,1197,-2.318586505621964,0.7159932772145163,-2.1424364012145967,0.22779645549697286,False
GC=F/SI=F,2019-09-04,1218,-1.967279016060077,0.666550617945816,-2.4558357862078024,0.126592956321751,False
GC=F/SI=F,2019-10-03,1239,-1.872332024756461,0.6531847077450954,-2.535770176205058,0.10701181621741901,False
GC=F/SI=F,2019-11-01,1260,-1.742454780849095,0.634902406853643,-2.6027849474129274,0.09242304047071409,False
GC=F/SI=F,2019-12-02,1281,-1.5885497427700719,0.6132262176567649,-2.6057759691187576,0.09180935865088669,False
GC=F/SI=F,2019-12-31,1302,-1.4452952230472884,0.5930535904236117,-2.7012356556178614,0.07382469062173494,False
GC=F/SI=F,2020-01-29,1323,-1.3497590519210902,0.5796192604043771,-2.693931809417552,0.07509423029031692,False
GC=F/SI=F,2020-02-27,1344,-1.2134503123059723,0.5604587845487541,-2.7677630795511123,0.06302816908965644,False
GC=F/SI=F,2020-03-27,1365,-0.6347372127904366,0.47907562960076305,-2.796013811303438,0.05884542662122139,False
GC=F/SI=F,2020-04-27,1386,0.043112969886794826,0.3838853976026946,-3.1415456475759447,0.023627529846198297,True
GC=F/SI=F,2020-05-26,1407,0.42395829848553074,0.33041895588782855,-3.665023034454556,0.004632918276097653,True
GC=F/SI=F,2020-06-24,1428,0.43623508248101617,0.3286954261163057,-3.7092041294284197,0.003985536784327264,True
GC=F/SI=F,2020-07-23,1449,0.29938255492377425,0.3478869882418884,-3.256099311858543,0.01695857040417567,True
GC=F/SI=F,2020-08-21,1470,-0.5907895184562183,0.4726034499230411,-2.259637442687011,0.18531619013511713,False
GC=F/SI=F,2020-09-21,1491,-1.3202739188155665,0.5748249370389749,-2.2227571255977363,0.1980898445441593,False
GC=F/SI=F,2020-10-20,1512,-1.637144552553174,0.6192450525940635,-2.7971823970789256,0.058677371111632,False
GC=F/SI=F,2020-11-18,1533,-1.9140241676360863,0.6580591522085165,-2.746557735811523,0.06632238946566926,False
GC=F/SI=F,2020-12-17,1554,-2.1261129352796377,0.6878133349794177,-2.641420264606861,0.08473509077792979,False
GC=F/SI=F,2021-01-15,1575,-2.419652299775716,0.7289659270066438,-2.5155400780085926,0.1117388948795896,False
GC=F/SI=F,2021-02-15,1596,-2.684248678192622,0.7660882966385533,-2.2112809100432025,0.2021766438329527,False
GC=F/SI=F,2021-03-16,1617,-2.932863990296198,0.8010366715262298,-2.159661752321165,0.22121014993738747,False
GC=F/SI=F,2021-04-14,1638,-3.106645894219058,0.8254791020098847,-2.2900158665555455,0.17520827543169926,False
GC=F/SI=F,2021-05-13,1659,-3.3052877221692243,0.8533721618269304,-2.137377266815334,0.22975294332730584,False
GC=F/SI=F,2021-06-11,1680,-3.5233151557878255,0.8839255050810129,-2.1334950693512016,0.23126104516180795,False
GC=F/SI=F,2021-07-12,1701,-3.6796404909709186,0.9058734545277713,-2.208634970701822,0.2031264013816821,False
GC=F/SI=F,2021-08-10,1722,-3.784026812531053,0.9205263261830996,-2.370744121121402,0.15016446249885468,False
GC=F/SI=F,2021-09-08,1743,-3.8307883355830117,0.9270929729525578,-2.3720698082665628,0.14977514803852598,False
GC=F/SI=F,2021-10-07,1764,-3.8518856158190315,0.9300568269318016,-2.442448672611604,0.13011214098864982,False
GC=F/SI=F,2021-11-05,1785,-3.8906347662205554,0.9354993936727355,-2.430301558875669,0.13336599690630419,False
GC=F/SI=F,2021-12-06,1806,-3.9269726650102843,0.940595197016141,-2.475009193464543,0.1216738583154845,False
GC=F/SI=F,2022-01-04,1827,-3.923548585134012,0.9401138137536222,-2.485685730996472,0.11899610079643774,False
GC=F/SI=F,2022-02-02,1848,-3.9312999034771114,0.9412002869695764,-2.51911205750354,0.11089313367683207,False
GC=F/SI=F,2022-03-03,1869,-3.938887762907859,0.9422619228505061,-2.521626101093812,0.1103007334346559,False
GC=F/SI=F,2022-04-01,1890,-3.968511006435704,0.9464033724767377,-2.5431981656268903,0.1053143080069186,False
GC=F/SI=F,2022-05-02,1911,-3.9781138301363894,0.9477449410836077,-2.5608759907089254,0.10135597050357853,False
GC=F/SI=F,2022-05-31,1932,-3.9369724129040167,0.941975678546808,-2.5747492380983563,0.09832919174680155,False
GC=F/SI=F,2022-06-29,1953,-3.8951117117861376,0.9361036826515767,-2.5349839595281116,0.10719268333046145,False
GC=F/SI=F,2022-07-28,1974,-3.8301275739621845,0.9269415909047133,-2.416620626740357,0.1371002038993147,False
GC=F/SI=F,2022-08-26,1995,-3.776384907721978,0.9193787612944418,-2.4947940382417833,0.11674613531793782,False
GC=F/SI=F,2022-09-26,2016,-3.7247927881793133,0.9120856330448788,-2.639114660029251,0.08517948429147348,False
GC=F/SI=F,2022-10-25,2037,-3.6970763554046147,0.9081478419183233,-2.72526831130277,0.06976688048789297,False
GC=F/SI=F,2022-11-23,2058,-3.6844095335840845,0.9063535406520913,-2.8011696029155844,0.058106892743643695,False
GC=F/SI=F,2022-12-22,2079,-3.6945753400988446,0.9077798032521555,-2.805366131353521,0.057511333316682504,False
GC=F/SI=F,2023-01-20,2100,-3.7110829582050537,0.9100946786011656,-2.8531507366170215,0.051073467483721116,False
GC=F/SI=F,2023-02-20,2121,-3.695055501874208,0.9078506098203538,-2.850271569010674,0.0514438735118584,False
GC=F/SI=F,2023-03-21,2142,-3.6511657950477785,0.9017037982663109,-2.846880582174002,0.05188294814582374,False
GC=F/SI=F,2023-04-19,2163,-3.6461509238912337,0.9010028657674513,-2.921788553464854,0.04287232075525718,True
GC=F/SI=F,2023-05-18,2184,-3.6547174414268384,0.9021970991564014,-2.9464965317625373,0.04020211836117238,True
GC=F/SI=F,2023-06-16,2205,-3.6424567591543098,0.9004854556730449,-2.9692929437819284,0.037863271335340336,True
GC=F/SI=F,2023-07-17,2226,-3.6300886782027737,0.8987564168531241,-3.0008855703338027,0.03481178187041336,True
GC=F/SI=F,2023-08-15,2247,-3.6307696434742205,0.8988501690389776,-3.017392344098431,0.03330178896589294,True
GC=F/SI=F,2023-09-13,2268,-3.6299811649437737,0.898739249962226,-3.0711770510211176,0.02876106015614443,True
GC=F/SI=F,2023-10-12,2289,-3.6147747760239475,0.8966079908009049,-3.073885609089789,0.028547107210708317,True
GC=F/SI=F,2023-11-10,2310,-3.5874003187482852,0.8927880141339334,-3.085369680711342,0.027655014196610605,True
GC=F/SI=F,2023-12-11,2331,-3.5755613309186347,0.8911365297132403,-3.117492014773577,0.02528549249017691,True
GC=F/SI=F,2024-01-09,2352,-3.5499478564014106,0.8875694261218114,-3.1346581801962223,0.024092397016450707,True
GC=F/SI=F,2024-02-07,2373,-3.508724513193676,0.8818272384943501,-3.1028375080943955,0.02634391158163286,True
GC=F/SI=F,2024-03-07,2394,-3.4693690935292936,0.8763473152432657,-3.1784246810596213,0.021268005224828995,True
GC=F/SI=F,2024-04-05,2415,-3.438662511073959,0.8720855913827833,-3.254827082957594,0.01702247671267368,True
GC=F/SI=F,2024-05-06,2436,-3.432880900916065,0.8712845426999627,-3.2618692062330603,0.01667137138607391,True
GC=F/SI=F,2024-06-04,2457,-3.4738313195654404,0.8769532226275276,-3.254547668810041,0.01703654041853215,True
GC=F/SI=F,2024-07-03,2478,-3.509787103083913,0.8819329729798614,-3.310714914008445,0.014406258786434034,True
GC=F/SI=F,2024-08-01,2499,-3.5336190887328223,0.8852306927621543,-3.368978184570619,0.012062971792808536,True
GC=F/SI=F,2024-08-30,2520,-3.515003061607377,0.8826561932447994,-3.400140081574585,0.01095409716424817,True
GC=F/SI=F,2024-09-30,2541,-3.505895493030627,0.8813969605115967,-3.433182951790131,0.009878358918352639,True
GC=F/SI=F,2024-10-29,2562,-3.5196290601631595,0.8832910609111212,-3.4468211732912355,0.009462604424308586,True
GC=F/SI=F,2024-11-27,2583,-3.520938975725013,0.8834712951807621,-3.486069037024698,0.00835216218340344,True
GC=F/SI=F,2024-12-26,2604,-3.511856780155234,0.8822175562571137,-3.5080255456565945,0.00778335746199449,True
GC=F/SI=F,2025-01-24,2625,-3.4898108338117706,0.8791759842560436,-3.514213807054436,0.007629469495765583,True
GC=F/SI=F,2025-02-24,2646,-3.471289801276342,0.8766247232611402,-3.5546588633757623,0.006689417253269721,True
GC=F/SI=F,2025-03-25,2667,-3.450413980952116,0.873750838146239,-3.57209840067362,0.006317404952615122,True
GC=F/SI=F,2025-04-23,2688,-3.384071076867138,0.8646321337833967,-3.4527558994701644,0.00928662963779792,True
GC=F/SI=F,2025-05-22,2709,-3.3085234095772407,0.8542542821452257,-3.568601423228958,0.006390464615871381,True
GC=F/SI=F,2025-06-20,2730,-3.2699840701118963,0.8489617830654174,-3.6830114498098907,0.004358559164222008,True
GC=F/SI=F,2025-07-21,2751,-3.2649063135953225,0.8482644033408016,-3.70650365172208,0.004022598910148528,True
GC=F/SI=F,2025-08-19,2772,-3.2730321724001645,0.8493801572203611,-3.7289232043885763,0.00372423510822062,True
GC=F/SI=F,2025-09-17,2793,-3.2893666555721333,0.8516207322380756,-3.7331299799559634,0.0036705621697206508,True
GC=F/SI=F,2025-10-16,2814,-3.3357712036340716,0.8579754543245809,-3.6465759061553404,0.004930545828924927,True
GC=F/SI=F,2025-11-14,2835,-3.385279689732579,0.8647504363795147,-3.604660078069806,0.005672559487794158,True
GC=F/SI=F,2025-12-15,2856,-3.4781419402102802,0.8774535557187831,-3.2893843191275423,0.0153597158236139,True
GC=F/SI=F,2026-01-13,2877,-3.6678515393798774,0.9033834720470666,-2.179504742672827,0.21376795987704889,False
GC=F/SI=F,2026-02-11,2898,-3.9178437720140513,0.9375059352644949,-2.8053043835175138,0.05752006032990802,False
GC=F/SI=F,2026-03-12,2919,-4.077982928325872,0.9593504802841656,-2.676829316454521,0.07813434583959761,False
GC=F/SI=F,2026-04-10,2940,-4.1899049403867,0.9746367712302387,-2.812676506583639,0.056485710144663547,False
GC=F/SI=F,2026-05-11,2961,-4.301982827848064,0.9899442489311316,-2.556736815485964,0.10227255125251233,False
GC=F/SI=F,2026-06-09,2982,-4.411869480431267,1.004962438080993,-2.924192098211749,0.04260624567929727,True
GC=F/SI=F,2026-07-08,3003,-4.469263349125845,1.0128215462099956,-3.192019082426922,0.020451318785286877,True
GC=F/SI=F,2026-08-06,3024,-4.503442397788465,1.0175047562283022,-3.2164495469067047,0.01905204233580327,True
