date,actual,M1 HAR+TS,M4 Log-HAR,M5 Asym-HAR,M6 HAR+Ret,M7 Roll-HAR,M8 KitchSink,M2 EGARCH,M2b Corrected EGARCH,M3 Combined
2025-02-24,0.5881866242372542,0.5739603782574679,0.5199221091934397,0.6227199221959577,0.7691907009083532,0.5604069300158805,0.7599858343587905,1.0523367110354849,0.7588076165888973,0.7408892654765199
2025-02-25,0.9444909365048862,0.5814221254428545,0.5431426634630594,0.6293602030638988,0.6049510544101716,0.5834024788436066,0.6110815248224707,1.065282563224273,0.7682936910222844,0.7334658470113843
2025-02-26,0.9047966158371155,0.7215050904501011,0.6506145959984223,0.7853289342285361,0.7073568666267054,0.6887400461175667,0.7204359715696333,1.0849390836814174,0.7826970082731454,0.8001497356535846
2025-02-27,1.0079341642549853,0.7939979206452117,0.7280198153796076,0.7112523113340724,0.715052147035496,0.7728099690433139,0.6965567215129634,1.0003528152365382,0.7207164119547735,0.769558305723844
2025-02-28,1.162612388277234,0.8540170207417538,0.7820443391077322,0.9293426853526979,1.0026076585520212,0.8238767713502724,1.001669817947814,1.2714673551783346,0.9193756171084306,0.9259584555447422
2025-03-03,1.6372519033217243,0.9476045254122825,0.8515206412014568,0.8374062191076895,0.8455368645883246,0.9051764193711952,0.8421995961125407,1.1608853547560876,0.8383466456895567,0.9018047202453802
2025-03-04,1.5758033738832995,1.193808494134076,1.0237675659946368,1.3039646806689342,1.292973805098482,1.1114403387546532,1.3037383684207122,1.4414277230196506,1.0439140929505144,1.1496130630673504
2025-03-05,1.2691872248855978,1.2798795243021472,1.0949748775465575,1.3957831524166342,1.3064951832562823,1.2146381789403873,1.3245294502104947,1.5511316598563043,1.1242996631928015,1.2286514652741998
2025-03-06,1.198675575476941,1.1916978666942384,1.0467382546727686,1.084813767649523,1.0843679518603166,1.1557627409634539,1.0724647825564182,1.4075604351633446,1.0190978345245065,1.0782702101075081
2025-03-07,1.3495043417044101,1.1374237159631742,1.0136412065048388,1.2389086395031872,1.2991814919701874,1.102915866800806,1.2996652278182115,1.651683618320486,1.1979791204045993,1.1643384387448434
2025-03-10,1.5742270034332668,1.1941557767094186,1.0617137788508868,1.0760265727499723,1.0732627592166049,1.1465840937727072,1.0519298987996457,1.4963136435208717,1.0841317564636561,1.1063103448667317
2025-03-11,1.4703681947215175,1.2925688369611825,1.1346481865864118,1.4107461173076752,1.545206660364215,1.2293793422672352,1.5412870585974225,1.939063007304389,1.4085563952543445,1.4054526132481437
2025-03-12,1.1353807021052291,1.2888700959974335,1.1417876292978915,1.4051556122196076,1.2793937878995856,1.2430696037653424,1.2996820645183722,1.9102047475571242,1.3874105026558132,1.3922115142296656
2025-03-13,0.9053771017130369,1.1572201831170117,1.048487831393312,1.0690979354110377,1.06696513242158,1.143036443155974,1.0500394018693047,1.7219304117702785,1.2494524650445618,1.216391051550048
2025-03-14,1.3763905340659452,1.020679421140443,0.9456363735419487,1.109904023878876,1.1542586937364017,1.0243270579316683,1.1542583406695042,1.8225780366474955,1.3232020218296898,1.1991468524335294
2025-03-17,0.7844344466788503,1.154526334583835,1.0550810183475439,1.0295994112476712,1.0370526366225639,1.1120329432849068,1.0351705647256706,1.6435529345033832,1.1920213610575423,1.184367200115799
2025-03-18,0.6229559816489348,0.9779364285875471,0.910279418089389,0.9300187425054206,0.931925525073352,1.0022142948084418,0.9255855267313676,1.4889166205091555,1.0787115871421349,1.0326390188182653
2025-03-19,1.0633096873707888,0.7942357105065957,0.7580117536569903,0.8619287646163799,0.9210126165150194,0.8236414701546902,0.9181381046954719,1.5707613087778982,1.1386832903234096,1.0047730568866435
2025-03-20,0.9658313334589435,0.920224876740223,0.8699892349670811,0.8250411146410249,0.8339315792923755,0.9070003766815885,0.8252081345593251,1.4247479050318146,1.0316919547196304,1.0080560155035094
2025-03-21,0.6898582520213179,0.9554773678447724,0.9151184735431547,1.0394464798894667,0.9241528384891402,0.9616743797673368,0.9404617606254718,1.361355895752683,0.9852414538383822,0.9927854475620813
2025-03-24,0.4967305455923468,0.8128689297674387,0.7950701587070284,0.7664882145900868,0.7715795716840936,0.8453297033537305,0.7567320203458086,1.2477714634914958,0.9020124502014653,0.8782044409240751
2025-03-25,0.3340131517401923,0.6924062083235069,0.6743919604861152,0.6673312267267213,0.6802024792871704,0.7297548087159514,0.6926305799361412,1.1382326311268454,0.8224946418805235,0.7591099421487612
2025-03-26,0.8736551598193741,0.5924449371750805,0.5530593811489868,0.5850188721818942,0.5916720004974558,0.6355909440746262,0.5866761137634706,1.0448299455392547,0.7539971605275982,0.6621223736149571
2025-03-27,0.7419973152130572,0.74228065536996,0.6921929627915965,0.8085515974312152,0.8501486056542447,0.7279394190205779,0.8508070492433416,1.213667213634127,0.8778150952074536,0.8546562554513156
2025-03-28,0.8932205942986979,0.7583618874040083,0.7302935952496159,0.8230969676025874,0.747456735394668,0.7809580097579093,0.7588581904036503,1.1714250377996882,0.846836514309873,0.8540817925649407
2025-03-31,1.4054738400422284,0.8026635090072114,0.7666425088389738,0.8729802346052907,1.035020824527437,0.8049287106788415,1.025421038850609,1.5148179903892651,1.0986660224097504,1.0536170948694257
2025-04-01,1.1056445212415507,1.0500142692167742,0.9525032283353829,0.9113167003828239,0.9216027512740725,1.0116175263208826,0.9013614350853776,1.376094187757541,0.9969319981234526,1.0879960460406943
2025-04-02,1.1915565198361682,1.0635587323806028,1.0043646990512523,0.9721267889848716,0.9762680118567137,1.0764771603164083,0.957428136630304,1.2548116389982558,0.9079886334887839,0.9930721074141041
2025-04-03,1.1069893947030318,1.066845122011099,1.0114557515240206,0.9631073798056685,0.9679662459991101,1.0570002305097903,0.9515511161447481,1.1473219496825267,0.8291603541602279,0.9223275084182808
2025-04-04,1.7929399439684177,1.0684806896190087,1.0187549806952587,1.1627881216755753,1.7297096889576116,1.0695655849757055,1.6838397684787183,2.476597154755751,1.8039931761460881,1.6106947259688327
2025-04-07,5.506178961625043,1.3419734140376094,1.212748015546282,1.4662598760441838,2.064082782596921,1.275479130026957,2.019238860706076,3.5475664781667233,2.589395660008333,2.3035595493222747
2025-04-08,3.9204256343254973,2.9442108706363137,1.9559944223239316,3.237511694430973,2.3467530293192302,2.567462202173254,2.46062022230615,3.171741523684149,2.3137819273871982,2.892448171871889
2025-04-09,3.6903155364446882,3.0978253332428256,2.205608139139421,3.380223611154668,2.9436721380152866,3.0442299684765493,3.009392250541905,3.1031029574528235,2.2634453778442762,2.8070837287952313
2025-04-10,3.1558798709015448,2.957009989311772,2.232504051116011,2.615598784604185,2.6330832452691784,2.8546459427348103,2.6927852008393116,2.735611645447034,1.9939431774190786,2.394015004207972
2025-04-11,1.7731398142982204,2.872350805206862,2.261686290553474,3.1363931103929654,3.2415993538415964,2.811629067091489,3.24757290862442,3.3495761045003727,2.444198101255575,2.560645933847678
2025-04-14,1.2442660599293307,2.336188594967489,1.8810418396894024,2.2482051783254087,2.2162588922077724,2.3814916499112706,2.202875879698345,2.9590036821031642,2.1577692148502576,2.0183305981646047
2025-04-15,0.8063423729178738,1.7259068593287599,1.4565441143630142,1.67217077476437,1.6514225811192393,1.7591897937977863,1.6368446285287965,2.6262730355410935,1.9137589798655348,1.6762812718468525
2025-04-16,2.243396676406214,1.3243616630858903,1.1179205548503572,1.4405686628211996,1.3326813886464248,1.374451301192471,1.3434969949042235,2.401653380951332,1.7490326606492181,1.4649900457823173
2025-04-17,0.9622639348749206,1.6727704667638879,1.4023781501012798,1.8322315183829923,1.7892989298065927,1.5711274371599635,1.8038200550747843,2.5837810101683365,1.8825971701455244,1.8512620795792207
2025-04-21,1.5936167343836005,1.316169524015426,1.1660031778154858,1.2682442104641227,1.2679302678515942,1.402187725331479,1.2503425151988958,2.3052538307284802,1.6783374086628295,1.5922113259906086
2025-04-22,1.0712559454361394,1.3447977268313398,1.2144612713637493,1.469312633380364,1.565064140599911,1.3136093140592795,1.5642837721540204,2.5366379419327183,1.8480244871752827,1.7410183347152666
2025-04-23,1.3983672274854708,1.2467551540365207,1.1420841931564127,1.1775954863515317,1.1901608730763327,1.2938516136853955,1.2018290488800072,2.260834167279041,1.6457619527250247,1.5422572719400054
2025-04-24,1.0674367404653475,1.3246180891656214,1.2252948031757442,1.209650747720616,1.21658035851158,1.3317767536985872,1.2053691781691536,2.0376519439379552,1.4800625749323773,1.4342507229409254
2025-04-25,0.8364848084757647,1.2010052981169725,1.1305797855971191,1.127053781251091,1.1428434525713875,1.2711127711293582,1.1483434784338418,1.8288147164080324,1.3267586323872342,1.3088747152182352
2025-04-28,1.0964136246664695,1.0650862097892881,1.0169863110080095,1.0192329078144056,1.0206544173761591,1.1163179952325732,1.0109669300953446,1.6499256259976696,1.1954391202361083,1.1290458416922307
2025-04-29,0.6400742965958788,1.1032280941538974,1.04905053378589,1.0174285407745658,1.0182324538571421,1.1534262832851438,0.9912335967161741,1.499631791812389,1.0851109110688604,1.0967922977443711
2025-04-30,1.7648631376813666,0.9549199073917579,0.8980968747431335,0.9305439043155314,0.9344892754035566,1.037431709071432,0.9282187066758247,1.3622802192137922,0.9842834013226718,0.953614210449886
2025-05-01,0.7537923132143085,1.3189318136182087,1.1557801466323105,1.14097998678122,1.1493456599390623,1.3594802214800823,1.1051528392931669,1.2470079253468669,0.8996639236316557,1.0945587835116415
2025-05-02,0.7165061983715693,1.0994992686079008,0.9954525666575751,1.0657406173427555,1.0731920070077157,1.2311763837254528,1.065658690394423,1.1397452203140792,0.8209241521642962,0.9219984571060924
2025-05-05,0.6116731137904969,0.9275563813517042,0.8696978030277507,0.8894619120582697,0.9009683512948665,0.9858847080390811,0.9054286973343764,1.0432835764660733,0.7501132604416224,0.7624283377662587
2025-05-06,0.8008047905030211,0.857345870947682,0.7935718863555189,0.9335981338784733,0.9190450153128262,0.9255731629899412,0.923973895908081,1.081898175894838,0.7784595969748579,0.7678511852298975
2025-05-07,0.9762415402101314,0.9161892716110016,0.8506139360234478,0.9987416662502672,0.9938053158865122,0.9704305124470224,0.9989348933997813,1.1699623119904978,0.8431060176345186,0.8443244554723067
2025-05-08,1.0754790851222302,0.9657034399132004,0.8984804926515308,0.8852351902727001,0.8967871592611536,1.0552108601691006,0.8783623796446477,1.072215693993543,0.7713518477165134,0.8687414459753179
2025-05-09,0.5444393039334359,1.0149981897842149,0.9525819950516893,0.9217696511562121,0.9343098207019302,1.090335898626567,0.9178653619944497,0.9849986394833703,0.7073272555892869,0.8411810009530729
2025-05-12,0.7082477544064372,0.8071495569567907,0.76211735962343,0.8759333801088841,0.8044127146223257,0.8819796663605588,0.8148205293084353,0.9436916823485546,0.6770045039505584,0.7030586301598344
2025-05-13,0.6590053463072422,0.7734784464747197,0.750863584565599,0.7221397564768571,0.7502718184069224,0.7939854985622133,0.7821378974940807,0.865345080528627,0.6194915639155333,0.6348998598177319
2025-05-14,0.4135505018340854,0.7574188547981852,0.7410424351947539,0.7117860548181242,0.7176981763983064,0.7847589094972328,0.7113643830781143,0.8007393228771015,0.5720655495202992,0.601967625751982
2025-05-15,0.47957514899052056,0.6256817130286135,0.6018462870907659,0.6087775572139373,0.610178503899335,0.6613769864544645,0.6018878570431628,0.7439797540567686,0.530399292118598,0.5215501128268226
2025-05-16,0.5414829760560648,0.5802486888761768,0.5622587696077699,0.5483819682889088,0.5562437151029702,0.613002182321628,0.5514911068896702,0.69225433461951,0.4924285202245079,0.4981873810174063
2025-05-19,0.535827431594898,0.6107567904890897,0.5915896545183611,0.5708747114936414,0.580803946528435,0.6474973968473993,0.5767243003853222,0.6453806983230664,0.45801936180641745,0.4924520718555971
2025-05-20,0.5310899837075028,0.598954336927426,0.582092456939207,0.5583145372445608,0.5644389862689099,0.6389525622278971,0.5525826158385865,0.6041715808072194,0.42776843260807684,0.47508563049511443
2025-05-21,1.152519292204584,0.5876248436173264,0.5698468838153355,0.6365622612150524,0.6043639413085893,0.6294589258464984,0.6110381927238459,0.6448930897155597,0.45766141642075087,0.49837394192947515
2025-05-22,0.6291480926353333,0.8449796011945192,0.7558467417315443,0.9190358826572331,0.9946621934498522,0.8619422077195835,0.9950277739076018,1.0267382375904992,0.7379676017850139,0.8299797962959194
2025-05-23,0.6799356696990553,0.7497105918038981,0.7024599092077993,0.7052474496620373,0.7090537978755336,0.8010201482592899,0.6938650627660081,0.9502628601229434,0.6814720877224908,0.7239449237098945
2025-05-27,1.4619502625835648,0.6925227963809238,0.669806057410997,0.7532982774042692,0.7448741681612422,0.6988038294214142,0.7503521692395285,1.0233603639504862,0.735154159895129,0.7183449089473234
2025-05-28,0.5631100357277419,1.030031365031736,0.8996477837360988,0.8739349944114653,0.8970833483391965,1.0135758609788532,0.8916515854807212,0.9371332080533462,0.67182980319709,0.8296137165203357
2025-05-29,0.794426432331248,0.8215164838667594,0.7472156216731926,0.8905549960059768,0.8812459798207816,0.8674013302568229,0.8863623067835681,0.9901952833733941,0.7107980580321817,0.7310242070060655
2025-05-30,0.9489147299690214,0.7520660325613768,0.7160151947613616,0.6837143067472552,0.6863122984164818,0.7370001828280384,0.6720826033964252,0.912828072066158,0.6539803555975072,0.6602214848498035
2025-06-02,0.7679393697908656,0.8597136161003655,0.8093953669389322,0.9364214413499468,0.7915218870329422,0.8539313662795182,0.8122607909817059,0.8771139490863705,0.6277522626121892,0.690799418915857
2025-06-03,0.4828770558205888,0.8156550100073569,0.7770613050767426,0.7558723913070343,0.7581111081570406,0.8184486842376756,0.7475545545931228,0.8113812274861445,0.5794788124903851,0.6240326096825348
2025-06-04,0.2710307127862875,0.6365926344697906,0.6176162524775878,0.6084776047955717,0.6125421528831602,0.6516005033286899,0.6093609404439212,0.7524891097175829,0.5362290330737013,0.5342811846720799
2025-06-05,0.8148345623530572,0.5007277679013334,0.46720555365474703,0.5434943474653227,0.4988777738628608,0.5016425418609488,0.5050244675479575,0.7178964738380667,0.5108245489437483,0.4454097164596106
2025-06-06,0.46612221353586275,0.6679688228465384,0.6038918289680514,0.7281053654233995,0.6672454747783781,0.6501650985543683,0.6786417834865947,0.7771405371942852,0.554332793662914,0.5805657278390581
2025-06-09,0.32531495327545634,0.5975632167091645,0.5630705464607643,0.5674697299063214,0.5795683850890975,0.6346937908399132,0.5839152751124259,0.7203231160037012,0.5126066505621579,0.5362283997610311
2025-06-10,0.4219236173289739,0.4693887557629245,0.4452375279321227,0.4526559994191125,0.4566583904585589,0.4907826532706131,0.44969895784498043,0.6721785153844991,0.4772497397261818,0.453225976235731
2025-06-11,0.614103776306227,0.47650818619527835,0.45221459753621746,0.4446357480109938,0.45361446395411587,0.48715856301176164,0.4515182115951131,0.6272552961636563,0.44425857901390775,0.4364346032655383
2025-06-12,0.3130604411270663,0.5774193675119342,0.547159738432352,0.6270925683628649,0.5711536460103244,0.5858802103897058,0.5810347078695013,0.6554717374721227,0.46498044993236953,0.496293757799008
2025-06-13,0.7360493609284583,0.47056918952513527,0.4425317507535459,0.45478099700663627,0.4626971662525317,0.5072813040744589,0.46097923253379364,0.612703741006254,0.4335720631511122,0.4358995306205146
2025-06-16,0.4371522635962705,0.5921720298586765,0.5372705201390535,0.6436457730323805,0.699267399375495,0.5972161518059406,0.6988797948081505,0.8376838207038863,0.5987951726054118,0.6192927749594844
2025-06-17,0.5189767105811125,0.5526955973063153,0.521953542811057,0.5232157948981997,0.5353954643504312,0.5885049316013252,0.5392377001482023,0.7748701981283302,0.552665479470045,0.5558445987088194
2025-06-18,0.5511595753701191,0.5426701102248892,0.520334100052259,0.5888566207957763,0.6369036212351837,0.5528549129283992,0.6357679130928726,0.90860922939557,0.6508820799400807,0.61605065665133
2025-06-20,0.6559222500288329,0.5635093130289994,0.5381904057457383,0.6111394650199066,0.5239963456678296,0.5814463810643155,0.5366680579615506,0.8554990835719342,0.6118785226102682,0.6038824291572267
2025-06-23,0.8774988172408712,0.6235009987624429,0.5959827634744929,0.6770364050505046,0.6054480225810528,0.6348005522877896,0.6171922996787983,0.8493603338514292,0.6073702865106692,0.6186025534999928
2025-06-24,0.45332340076537014,0.7281316858700554,0.673635554541159,0.6412737103196464,0.6558483116666021,0.7434243777613424,0.6486477946791985,0.785214922216159,0.5602625408744811,0.640983677867455
2025-06-25,0.34833517305031647,0.6044183838917944,0.5712878217945904,0.5766178304870964,0.5870617780522122,0.6378455996273975,0.5931335785184161,0.7267128301472747,0.5177904236200032,0.5326001627925955
2025-06-26,0.3498234665023177,0.49353429306495167,0.4731067886928625,0.47538104004493104,0.47636445188369125,0.5001902104108813,0.4682270220199705,0.6796772779542739,0.48320289654727644,0.4446975309989203
2025-06-27,0.6068665642847654,0.4666966405526417,0.444061582491257,0.44610294403334605,0.4534170962992965,0.47002416263415303,0.4567173791519023,0.633180119372118,0.44901127645815386,0.4134555674708371
2025-06-30,0.4766040501263639,0.5520481893449591,0.5161494546649003,0.49547272300633627,0.5039038721826254,0.5533095994004424,0.49579891031367507,0.5921654805438886,0.4188512195499544,0.44819140422041115
2025-07-01,0.3562729129045851,0.5233339373215367,0.49743481238139087,0.48438705215194616,0.49402026853882225,0.5543947890040692,0.4892194487288661,0.5550803561635,0.3915807255576888,0.4341713523958997
2025-07-02,0.3046312901557792,0.45328499884996676,0.43384926210391783,0.48996795483308875,0.4384463529391507,0.4773650623087848,0.44637520700160216,0.5409003041626079,0.3811534442862571,0.38777778582781836
2025-07-03,0.32746909306703254,0.410829074434501,0.3923689164811523,0.3917018081296868,0.3988968036710512,0.4264759592881007,0.39809964020179045,0.5086035351039477,0.3574040606371748,0.34593486593118483
2025-07-07,0.6483547437505682,0.407670313700235,0.38853204333412794,0.38454859558703514,0.3944502952321183,0.4191711887083427,0.3983320874792831,0.4780051794493238,0.3349036028931556,0.3285746919470911
2025-07-08,0.2771296132699088,0.5296654006013208,0.4824089222717272,0.5745465428523802,0.5868941318074306,0.5395570898291819,0.5903106389849047,0.629194707281952,0.4460806092896476,0.486286243711079
2025-07-09,0.41300518200640984,0.4339932144793021,0.3974609665897716,0.46741377928921274,0.43348779968886253,0.4754839455469616,0.43932700832738536,0.6122025260186348,0.43358543272494854,0.43017076947369093
2025-07-10,0.40595464920928787,0.4280985375865205,0.4022739721396771,0.39233642545268127,0.4023296620044138,0.439024407881743,0.4008994509259664,0.5728129274567834,0.40462034688835447,0.39979362081530007
2025-07-11,0.36749856488830956,0.4503413563642459,0.4272312341960568,0.41719391861204813,0.42445302850903766,0.4687742695502893,0.41825883791355634,0.5382133625593685,0.37917760556189084,0.38966818638480194
2025-07-14,0.3438024373501125,0.4376375733858902,0.4171257682346913,0.4730080418529447,0.468871528071474,0.4549315855601081,0.4720200759594938,0.5896924622828068,0.4170326890540109,0.4078228366621342
2025-07-15,0.37981125032822277,0.4080982945219023,0.3891542645225205,0.38155772402352267,0.3887413563469823,0.4301311307771808,0.3826805481346581,0.5538535421358984,0.39067858959001145,0.38673613076725977
2025-07-16,0.7586478847819269,0.42114985166799385,0.4026811997522228,0.4550816834619398,0.461691947971491,0.43823901894564343,0.4638667861985813,0.6199345853486551,0.4392711916654974,0.4258102443687761
2025-07-17,0.31064468530488626,0.5824441073688548,0.5211868862260362,0.5020164440550817,0.5129560485270761,0.5913747152249262,0.49818391491447256,0.5807502320440805,0.41045703263982886,0.48509526695312644
2025-07-18,0.29315117885563796,0.4702375218760234,0.4276578305282913,0.45329187266923093,0.4622169276215385,0.5124036494421588,0.4640821187613704,0.5442525657087143,0.38361852509375033,0.40278148719298756
2025-07-21,0.3591948487057733,0.39282686307616005,0.36949669506255134,0.42433237972726495,0.3886328485625582,0.4036074802029706,0.3943441802092366,0.5388617232733098,0.3796543766999083,0.3530955127508257
2025-07-22,0.39790997131505,0.41381618484568683,0.38906473638752814,0.3858155387665604,0.39117218181389235,0.4221477473319761,0.3846724802731119,0.5076844421152306,0.3567282069021284,0.3482217995184028
2025-07-23,0.42782060061797805,0.43755637368153194,0.41127214154281067,0.40480842934274774,0.4093465683054667,0.44977621834046266,0.3990598824888752,0.4890561255243537,0.3430299005282074,0.35234473533370525
2025-07-24,0.23985806899520676,0.43663726028448846,0.4106589825957364,0.39811740851444843,0.41132318964634196,0.459290187824118,0.4135514629042901,0.4599482253971981,0.3216254471575498,0.3550737261024681
2025-07-25,0.23274594787412156,0.3656030068214447,0.34021127423815134,0.3522253945105138,0.35723625826697963,0.39020490977563027,0.3514547389011008,0.4416060746322799,0.3085097701809951,0.3060261191632836
2025-07-28,0.2725642590800431,0.3309312357797163,0.30786005563460495,0.3164731228765945,0.32413870483259277,0.34240765540974,0.32464272273612804,0.41793032214546005,0.29108757934065216,0.27383055239337506
2025-07-29,0.37474433850662,0.3395250799031665,0.3155729556089879,0.3658413452632142,0.32833863328546187,0.35189979953154915,0.334233255141577,0.41468764900401794,0.28870140511727704,0.2824494111133751
2025-07-30,0.6690684503138289,0.3812233073599488,0.35234543042452166,0.41134897520578856,0.39484993839859306,0.3960662502439416,0.39939945864346815,0.4600516269601665,0.32208323243909537,0.3353314468672632
2025-07-31,0.7077006106330667,0.5144822971940753,0.44602027679025547,0.5571864747885957,0.4712947303946564,0.5284256697287796,0.48496054528307286,0.47276759664087453,0.33144048731919434,0.4126913059560675
2025-08-01,0.6577124084102487,0.5962452589045285,0.5199782283582375,0.6455169956498883,0.5903402173338065,0.6217404325521957,0.601255835698056,0.5362136883248209,0.37812833464345413,0.4738009062043064
2025-08-04,0.32690160479989566,0.6065464638874408,0.5465015960457971,0.6569687411336037,0.8053491884663948,0.6262262853223687,0.7951727119944669,0.9376580723495597,0.673537769851753,0.6787581900316049
2025-08-05,0.4989823140733557,0.4828414547610591,0.4460334407970531,0.4654012581688097,0.4775554625241634,0.5011418488386092,0.4934185415308733,0.8619356502253557,0.617816183394245,0.5556441959132282
2025-08-06,0.468296683471134,0.5028743137721686,0.47209583242654163,0.5457048579325691,0.540038968027712,0.4915621916017412,0.5438694084167881,0.9092009008285763,0.6525970933815564,0.5852347338381046
2025-08-07,0.787343020725697,0.506433187861306,0.47732706509171935,0.4679333458874023,0.47618762817672217,0.5128663179900927,0.4761891861159209,0.8393122824140663,0.6011684070805259,0.5613689380200463
2025-08-08,0.309980754891817,0.6236679839755266,0.5599859134819759,0.6773676453546053,0.5611298835969167,0.6231665026180931,0.5784021336485021,0.8066907679271645,0.5771633305277023,0.6113242972615136
2025-08-11,0.4520225069143852,0.4814715546378213,0.43454911691608566,0.46578486284502246,0.47458950377442877,0.5182467625168602,0.47920230853312396,0.7474274776816399,0.5335534662558507,0.511040389855295
2025-08-12,0.5159807482235926,0.4682767325963892,0.4405424187888454,0.507600483272401,0.46331749643652553,0.46444221136583963,0.4708592127095117,0.7459521100441066,0.5324677927780983,0.49200418046327726
2025-08-13,0.3851322317815967,0.51405827911121,0.4823753183618363,0.4683929670133003,0.48023013621038235,0.5201297445543597,0.4836520508989717,0.6917560517549446,0.4925867342633259,0.4902351528145682
2025-08-14,0.29365360846716254,0.4726081719880052,0.4456030568610117,0.4449119568309887,0.4503317799520879,0.48693295539243525,0.4457767249061484,0.6456322555025467,0.45864578218428553,0.4436638677280013
2025-08-15,0.3050830580805672,0.3956372912598086,0.3744276537470159,0.3765405336178448,0.3807636608013041,0.4122004939204299,0.37316207602317214,0.6153825805758275,0.43638606267906493,0.4061993733917878
2025-08-18,0.19554767397544215,0.3832639869268826,0.36277786691405106,0.4138866153208561,0.401785137218439,0.3922285559143245,0.4052477196756331,0.6346222263669137,0.45054387163823134,0.409549987310045
2025-08-19,0.5315200560901568,0.3322994122911094,0.3038845457410767,0.35765400287516674,0.3315284107791997,0.3490388075115457,0.335748292246049,0.6111607085071052,0.4332793288624422,0.37944883525349576
2025-08-20,0.7350236429793704,0.43919541308092386,0.3881135296997389,0.4757116090615058,0.47666036776620546,0.44391030738854426,0.4804364537496011,0.6954765574470378,0.4953245294073795,0.49150458010323395
2025-08-21,0.4570527690526198,0.5815729580711109,0.5046517937915352,0.6302435474666228,0.5546788681054895,0.602095974830224,0.567824723069734,0.7127070995981502,0.5080039064960853,0.5717445025530905
2025-08-22,0.7094888430281162,0.5199969566497773,0.46930996983221746,0.5615354649354041,0.5509417856991501,0.5553697822179222,0.5556526226319931,0.7553636864909182,0.539393455692344,0.5485258261710292
2025-08-25,0.2850487498472789,0.5911658706673198,0.5305116886020312,0.5198037487207425,0.5372363177611201,0.5954635636447505,0.5429895223967727,0.6986723506830035,0.4974216004851035,0.535979259391499
2025-08-26,0.3251655440943306,0.4803598204458602,0.4382743331838934,0.5185235088323443,0.5385057232250812,0.5069659483755891,0.5386324423733224,0.7514724626871532,0.5362509687771263,0.4918792769146517
2025-08-27,0.2548970470932282,0.4224365160359963,0.3968647567521403,0.4016197547063228,0.4060975047694405,0.4214900603829126,0.4041601406437664,0.698991735281516,0.49765647692251463,0.43584123896642274
2025-08-28,0.42249279091734127,0.3795275350385176,0.3536878501838335,0.3659368464445424,0.37095845242608344,0.3932260531862093,0.36779096867889854,0.6526382673663722,0.46356799095210377,0.41093163359018464
2025-08-29,0.4592638677961382,0.4280639588412648,0.39682750901345604,0.3908301022402999,0.39897218808270263,0.43522383750375204,0.3932506926907453,0.6101609203160578,0.4323300164463851,0.4194340105083615
2025-09-02,0.555734951944392,0.45265007642084965,0.42124586219931454,0.48900449615314995,0.510457455632797,0.47724913003362646,0.5118462966572086,0.7072962737354775,0.5037636605985416,0.5039740147294993
2025-09-03,0.39965757913017824,0.5051404865964099,0.4663522694039359,0.546572763869908,0.5737142472929122,0.5250075302573145,0.57512904363792,0.8246057805759709,0.5900334405737636,0.5866701799712264
2025-09-04,0.4204087716278755,0.4653276905095075,0.43647616998000377,0.4337782512399381,0.44311079802837827,0.4923843531198149,0.4412717264132918,0.7640925759018998,0.5455318396939135,0.5248837135532198
2025-09-05,0.8803180640350261,0.45832892958921145,0.43828994841134544,0.4236517993742091,0.43410448899398385,0.46983647403806184,0.43636215239654563,0.7083341485477587,0.5045269169970112,0.4792728317623586
2025-09-08,0.28386512817743154,0.6516189640035808,0.5741445151428066,0.7081319775480355,0.6095390143561914,0.6491011781432511,0.6258628862108496,0.7293453655851564,0.519978632033991,0.5856687358767289
2025-09-09,0.3746143227148983,0.4952954201511943,0.4371758254686642,0.4849798987909328,0.48893213353352083,0.5384470546067562,0.4857288539278572,0.6799109893207043,0.48362443638175484,0.47308348256495714
2025-09-10,0.40298275861641863,0.4283569878098365,0.40037385785422197,0.3993916247456676,0.4038132824536319,0.4292149763848171,0.39747392566452916,0.6354022873198966,0.45089259706191737,0.41403875731608564
2025-09-11,0.39268856145752246,0.45272383265834365,0.4246281807934174,0.4207184199833849,0.42617234156671935,0.46006814293342513,0.42006513838416454,0.5948851843342373,0.42109619220140626,0.4071397359356741
2025-09-12,0.23680740285760832,0.45151062815330645,0.423097265234798,0.42094724677774165,0.4305318572306197,0.4616557827724593,0.43347973517468086,0.5555372196239091,0.39215957530258666,0.3864556381771854
2025-09-15,0.1373359294392104,0.3607772935663216,0.33529970174395707,0.3882387165606999,0.3577916120428736,0.38620020826979745,0.3628772113150393,0.5419159373221668,0.3821424414930524,0.35899027230940056
2025-09-16,0.23786787477116472,0.29325180533733,0.25515013331544173,0.2913898651894367,0.2994905484458278,0.3112198751460225,0.30431258492774194,0.5088521523314146,0.3578272301080222,0.3061662689109599
2025-09-17,0.7935252533864259,0.3077116926439056,0.2727045693784648,0.33128711007408645,0.31770004505731786,0.31995869191617443,0.32093772636943363,0.51967860220654,0.36578903536827106,0.3285304573959513
2025-09-18,0.4918239006723321,0.5446412996265281,0.4360746558890372,0.5909860983267677,0.4852264436813853,0.5492816912826555,0.5018749511402594,0.5268446749022003,0.37105898774801854,0.45879691306739756
2025-09-19,0.4272891977928156,0.5248887712835214,0.44935529052582707,0.48169896160987785,0.4934152787875315,0.573114634854998,0.4880023178201352,0.49544546108822596,0.3479679072373,0.4261219469855264
2025-09-22,0.3290812913298848,0.4656627299003398,0.4190502258145826,0.42979214749817773,0.4389923878387043,0.48768927451288296,0.4356044147965159,0.4666690793537388,0.32680566568007713,0.36067091023563586
2025-09-23,0.46641602312361846,0.427691615065937,0.39757171892177673,0.4054872776211803,0.4118967995615026,0.44129439056481823,0.41079939289761525,0.4404748153509125,0.3075423216170138,0.31160649069739754
2025-09-24,0.41959417174786606,0.47347928337053874,0.4428281215836678,0.5130172087355709,0.5205297170877177,0.4706579972247287,0.5229328546226071,0.5463526336824556,0.38576034354456873,0.3857020577073908
2025-09-25,0.538109084741685,0.4569068966561125,0.4301857378923188,0.4936327976360062,0.47588423370013877,0.4723092157565097,0.48080475908674497,0.5900624815515142,0.4179475409565239,0.42201125260597583
2025-09-26,0.4290610862485953,0.49640461815529613,0.46187895274134333,0.5373050768748435,0.5226689229800827,0.5063863302393855,0.5280605397411882,0.6594354810983812,0.46903265198604854,0.4820055757451385
2025-09-29,0.358843233966138,0.4753908905020785,0.4466664767979887,0.44005039773595545,0.4492970900636951,0.49530603267704215,0.44718232780406875,0.6152178831276827,0.43647155593215836,0.4447249360279094
2025-09-30,0.44223567507929906,0.43610001320035763,0.41549349625367693,0.4096960348104521,0.41545711554488796,0.448524683634941,0.4104813891575738,0.5766250977730285,0.40805247736183936,0.3962399107030956
2025-10-01,0.45343944217722026,0.45466412070121015,0.4311889764908335,0.41616570592567365,0.4236803119204211,0.4616100587609432,0.417942344559356,0.5411367525360441,0.38191945632300317,0.3892064688171949
2025-10-02,0.38418685146559606,0.47263240417614627,0.4475092047711214,0.43347822955839854,0.44087830534362815,0.48467905197080713,0.43432762360600785,0.5090419392504637,0.3582853751837254,0.38123873996210544
2025-10-03,0.4712091260584031,0.44082240318269533,0.41810917147759014,0.4102290478245031,0.41593946555137234,0.4576350189928007,0.4076150722047732,0.48091296252530885,0.3375716694403164,0.3547659580093923
2025-10-06,0.32141728307784995,0.46438749956066994,0.43804274387922193,0.5023631874412253,0.42742477306047477,0.47436421281315483,0.43845616888926947,0.4680147170450156,0.3280736182280188,0.3595342280831765
2025-10-07,0.4631774933836953,0.4209326209635159,0.3978495786670215,0.3990680372480832,0.4057928331479236,0.43962748662480994,0.4030770597585416,0.4422181134283144,0.30907743284535383,0.3207051941659773
2025-10-08,0.2988878801411221,0.4483273571164989,0.42141144711613265,0.4850372297324019,0.4683832137047013,0.4534806389324887,0.4733792663238767,0.5083157017789719,0.35775058611438587,0.3730612575206059
2025-10-09,0.4472451571284465,0.40270079926861696,0.3785923143969718,0.38280165229432855,0.39165954518908647,0.4234275446103438,0.39333005935408266,0.4778658473394246,0.3353278250252355,0.3371302018732606
2025-10-10,1.3601112529561223,0.4353209601999483,0.40815520827159896,0.4708395465057927,0.44463360946022307,0.44119355986329056,0.45050514782518425,0.5226490842889777,0.3683054481173993,0.37782253735772975
2025-10-13,0.526275479742592,0.8348193846646998,0.6382625936846257,0.9089731445311499,1.112249175727786,0.822280062232037,1.1011340605216742,1.3887329365558865,1.0060750420938431,1.057213730398292
2025-10-14,1.2709683929987126,0.6805097940059606,0.5699679396306354,0.6443181642362197,0.6588083295046439,0.7391981165173532,0.6701082720852125,1.260508637411044,0.9116528230564211,0.8824079055147612
2025-10-15,1.1924355892172203,0.8709207711349013,0.7068354545559243,0.9491913122051682,0.7565303699841854,0.8445743453330135,0.7846100195905776,1.188124160439689,0.8583501106604032,0.9097733053474037
2025-10-16,1.093705479525211,1.0026709320619782,0.8514970052576418,0.8858484178622527,0.891272610966262,1.0126499741080883,0.8674780413473191,1.0885019943196264,0.7849900217138819,0.888931205499541
2025-10-17,0.6721359381831226,0.9922804458393809,0.8780522089975937,1.0799682196415725,0.9953265054906575,0.9848482371822385,1.0111909052363974,1.1441395095793583,0.8259605529438327,0.8747298850092823
2025-10-20,0.3680168924995411,0.791683600425775,0.7225704609621363,0.7447812331309829,0.7444137309708375,0.7971763569484019,0.7364551134829689,1.048922362778164,0.7558442461958823,0.7349562829451365
2025-10-21,0.3166649636906723,0.6115285428733656,0.5574122026113457,0.6017124251317304,0.6007790162381897,0.5936852417246621,0.6082138716289943,0.962074893814039,0.6918912295518747,0.5806277422472553
2025-10-22,0.8349771584541572,0.5008228304936972,0.4570504506062672,0.5443100864571757,0.48572234286200683,0.48260484922761226,0.4933775581581828,0.9015704494855008,0.6473367735460489,0.5306014074837542
2025-10-23,0.3927933469061719,0.6650914622710827,0.5902225931606871,0.7241153842933448,0.6661177350062749,0.6460623783417204,0.6779445103936629,0.9469072128617564,0.6802608479732916,0.6780903771454224
2025-10-24,0.2854361044860972,0.5485561392850306,0.5019723368778223,0.5258036156254866,0.5339911975152196,0.5890132988258152,0.5334157297628945,0.8736947508331584,0.6263323189700123,0.6072437979047617
2025-10-27,0.27026030741399254,0.42465250943461097,0.3956407367428314,0.41045960421740013,0.4200044149002187,0.4430576719982481,0.42573476562406415,0.8068657249834914,0.5771058490640161,0.512009419860019
2025-10-28,0.420016362891887,0.3968860717219942,0.36567286594664955,0.38309125328877597,0.39527168613597297,0.4094878103449556,0.407309344130245,0.7447903944748672,0.5313809660459468,0.4654758457243108
2025-10-29,0.6933994412194209,0.45348128270827825,0.4201888044711276,0.41968017431552956,0.426697362548002,0.46046050325941307,0.4194471511653782,0.6941963760418716,0.49411325348916285,0.467015733057097
2025-10-30,0.5124908515715052,0.5692673997434552,0.5121110683130933,0.4989058359917249,0.5091499624652178,0.5867064567738267,0.490764511687977,0.6530618518687222,0.4638134340534872,0.5253907477993515
2025-10-31,0.541337607545106,0.5510156494986327,0.5062438008010706,0.5960244579503874,0.6855408009408956,0.5883782002222167,0.6802635414010751,0.8637790712447709,0.6190283983060589,0.6254471434854886
2025-11-03,0.5687268267649516,0.5474495723248279,0.5145055778877182,0.5008563091489838,0.5092429900324005,0.5657574734914411,0.49987148164956446,0.8008010564163405,0.5726385951886974,0.5725305081118849
2025-11-04,0.5559747004283241,0.5771750647758954,0.5497234029420311,0.5288901285484753,0.5350663233450061,0.5908407431884323,0.5226653341105378,0.7450707364728038,0.531587466840315,0.543186970822202
2025-11-05,0.6560645655404531,0.583758268709106,0.5588444526017895,0.6332819883995616,0.725163406182695,0.5967153858706262,0.7195337232057053,0.9613533462543493,0.6909019151094217,0.6595846126485758
2025-11-06,0.7103129986202634,0.6180857304879952,0.5871868120299634,0.5588614016326809,0.5668971609341683,0.6299970085586934,0.5547308836325864,0.8880265316900053,0.6368891536698917,0.6420441362402866
2025-11-07,1.008456334410452,0.6635608469874891,0.6271339792835107,0.7204692508757664,0.7699846124845253,0.677919225896111,0.7699971385394009,1.0548822576690375,0.7597956044092288,0.7521173797027295
2025-11-10,0.6382945614954638,0.8058345797173235,0.735088569432796,0.7042487133248192,0.7119721114743686,0.8104737218623826,0.6860876581300159,0.9728816168014042,0.6993936753279437,0.7686955946255631
2025-11-11,0.4184221211675579,0.7214506416815603,0.6769964621206762,0.6735145297778335,0.6870841538057713,0.7519121146130201,0.6958996473790262,0.8913804226070492,0.6393596402316329,0.6679158929315783
2025-11-12,0.39492593894465067,0.5749817801597925,0.5502066863634949,0.5523871812788721,0.553338325928358,0.5834628613408619,0.5459813208339309,0.8261132322221597,0.5912836232243209,0.5467718626917258
2025-11-13,0.7525806577245447,0.520399600853237,0.4979576697844058,0.49755089933427216,0.4979017844702193,0.5188967177231214,0.48811018317726124,0.7704968392049091,0.5503164138069269,0.4954336493943781
2025-11-14,1.1584498661942904,0.6445505182301371,0.5972001909783777,0.7011397269585609,0.8334739357349756,0.6342881745145432,0.8246892602295595,1.107156228839961,0.7983007754183196,0.7584217589195573
2025-11-17,1.162680405923115,0.8508310458296751,0.7397372972996753,0.9252948116789333,0.7393775441317723,0.8570621703832059,0.7675069899530402,1.0343251622585725,0.7446531834968791,0.841202552725377
2025-11-18,0.9730142579387449,0.9385093337327827,0.807764060592519,1.0196171380250303,0.9720718137535269,0.9625353973826903,0.9857764593963139,1.149471908832174,0.8294706379324658,0.9325186923443992
2025-11-19,0.8994687094203027,0.8995825052870867,0.8062521242681775,0.9775131759381975,0.9426335113997457,0.9149060167877388,0.9533676968675946,1.2301817119846687,0.8889217319068508,0.9208138617710081
2025-11-20,1.6451932054578813,0.8725905266522065,0.8133389001323698,0.7958296804400528,0.7965582985750119,0.8649343900942151,0.778903142384819,1.1269054473901567,0.8128481117032311,0.8159550899746782
2025-11-21,1.424041196017135,1.1826291743259683,1.0228963866089096,1.2901988077490865,1.2481612954070282,1.1467174192216782,1.26332966200623,1.3607951100680757,0.9858727391529784,1.08875514046712
2025-11-24,0.7008171706691849,1.2294931594062164,1.0719341475975261,1.0949448491978329,1.1024900693948927,1.2409418953147628,1.081648410504639,1.2392983316177841,0.8962395864486231,1.0386706642146808
2025-11-25,1.0870110335835113,0.915593079244306,0.8340603696814707,0.8754811877631714,0.8782181167266598,0.9303683914596815,0.8842506360566383,1.128790080394013,0.8147131206165757,0.8040423238760679
2025-11-26,0.4832746562562409,0.9583336215053099,0.8877035809061429,0.8605541291508565,0.8631345769529749,0.9193006276937605,0.849772812654126,1.034003045682878,0.7447848405006366,0.7666890010940454
2025-11-28,0.2342084964213433,0.7787686629184088,0.7147938687972631,0.7645097744681474,0.7604893105264751,0.7812452284524873,0.7596368749861591,0.9511658578848935,0.6836724521871153,0.6328704069387676
2025-12-01,0.42069646625205154,0.5299056153422529,0.46614342433400563,0.5364314006743962,0.534494927943739,0.5246197127242289,0.5374128297976752,0.8780913633259201,0.6297624027755762,0.5127638332067409
2025-12-02,0.4644615293031445,0.5096838894789995,0.47229449821678327,0.5545691049502591,0.5548226308285975,0.5068017559616783,0.5575558891551728,0.9138987455451753,0.656178976114719,0.5760934180622265
2025-12-03,0.4485257033128927,0.5411353285311559,0.5098794253559037,0.5085350753954064,0.5141418927530956,0.5552246254047238,0.5048295128750833,0.8470444686840636,0.6068578362189567,0.5732625307949853
2025-12-04,0.40874595764987426,0.510104056638487,0.4852420848690744,0.4764134688863869,0.4864412031591267,0.5408026362706179,0.4800912741539909,0.7860470126950952,0.5618575131077288,0.5564947369677247
2025-12-05,0.39193858476093074,0.4888278716418551,0.4642992748407617,0.4598944166894673,0.4679947736535125,0.5202601785897782,0.4582988672935376,0.7329610678499519,0.5226938360007964,0.5179922283826973
2025-12-08,0.45002176525462073,0.48363250135583336,0.46519032914058306,0.4574134197555606,0.46502211724645864,0.5089890984149009,0.4576555264047289,0.6843494949842236,0.4868310864740228,0.47878233558249983
2025-12-09,0.2892890546211958,0.5022815909008049,0.48237154439774516,0.5447607083083879,0.5209233054329518,0.5249742521993823,0.5268092705411342,0.7102202985728148,0.5059170385315032,0.5034861495773096
2025-12-10,0.6468307699925089,0.4418841404192062,0.4156674335878303,0.4780899147029223,0.4477142033637119,0.47334770409187144,0.45324864713933727,0.6923730227599283,0.4927503717383775,0.46645069446380194
2025-12-11,0.6325982864527101,0.5545003105214582,0.5084567173693717,0.4920427680285857,0.5053538826850754,0.566623986878574,0.49863073205031017,0.644620808001368,0.4575216059059043,0.4993250831683531
2025-12-12,0.8180983010038887,0.613038812200805,0.5706663650043895,0.556834588229715,0.5668132685645982,0.644414805424305,0.5538493901566222,0.6041652143428784,0.42767585649271855,0.5029054492494798
2025-12-15,0.49719409650582175,0.7009653921679685,0.6439014943789212,0.7615387129503195,0.7958717089292998,0.7208405021903838,0.7983250853640332,0.8163758737358053,0.5842323568499714,0.6513091845166304
2025-12-16,0.6353136433172045,0.6156514425324073,0.5774958513103929,0.6672091540631717,0.6100290142108379,0.6505188759425148,0.6197754986498032,0.7998569338914239,0.5720456579393391,0.5865052567689497
2025-12-17,0.569837974122362,0.6342599279472189,0.6099728772434939,0.6896280633526888,0.6268010342782967,0.6386378980087872,0.6376551495376135,0.8082772357472405,0.5782576597033856,0.5817191955541986
2025-12-18,0.6003366271917594,0.6237874344285066,0.6003119350224116,0.6772425084957392,0.7525293753589722,0.6389244268385128,0.748849343604865,0.992790158853147,0.7143804048792597,0.6837251795091539
2025-12-19,0.3121142542675307,0.6201861830699198,0.5963571491771921,0.5711334493027072,0.5796864410842099,0.6305238081954446,0.5760230188636987,0.9139662268586921,0.6562287598452532,0.6400333650922666
2025-12-22,0.4871924861480319,0.49219930923625566,0.46361662960144095,0.4794212340919122,0.487714914069691,0.5175742992598699,0.4941990506452422,0.8424930902791286,0.6035000978427761,0.5496506425086831
2025-12-23,0.2553071299245764,0.5093154874026746,0.48499059623223034,0.4696591546924765,0.4779828683047602,0.5128491086563732,0.47493612849542605,0.7791383850957853,0.5571298522765369,0.5254390269956162
2025-12-24,0.22041998578343963,0.4247521199176955,0.39496081542918926,0.41525122164618045,0.4214956786367479,0.4463215046139045,0.4221949550071519,0.7240964686517999,0.5164406277114015,0.46620586788606155
2025-12-26,0.24294651613143828,0.3537334139148612,0.3259822434002726,0.3441238561388472,0.35038709440846233,0.36719408675575405,0.3500946092758631,0.6751618445988602,0.48026616221787477,0.41471752501635367
2025-12-29,0.3206425813040567,0.3367021998078441,0.31060085856438374,0.3629238477564586,0.32905602242759086,0.35404791285451953,0.33460313908567346,0.6466794586243096,0.45921082341533226,0.4089649055100661
2025-12-30,0.1996979509976456,0.36391624147590707,0.33819141901836686,0.3924761387636316,0.3993034484453738,0.3800532692834172,0.4011265643586152,0.6877763341051852,0.4895913062073604,0.44979502329708615
2025-12-31,0.3405662448276536,0.31613316051884854,0.28691717985948456,0.33942408417621506,0.3310464430303182,0.34340256399488395,0.33378662508149826,0.6788377001737883,0.48298350424773423,0.43190335257189005
2026-01-02,0.6920962668402838,0.3538846356863203,0.3236882304647,0.38147452110134966,0.4453066903446026,0.37092197597895626,0.44130662989109315,0.7987026130957391,0.5715925257799885,0.5167322587493205
2026-01-05,0.2947852155755351,0.5261385672513994,0.45668934320923876,0.4513871134231844,0.46356803251701556,0.5379719564039543,0.4475370443658598,0.7434838622929463,0.5307725780605519,0.5680491488628517
2026-01-06,0.30698010925507185,0.436100943268738,0.3886469171931818,0.41904561194329504,0.42919506756384496,0.4719157535020798,0.4323298402862258,0.6906127127127647,0.4916880727004565,0.4810949013114353
2026-01-07,0.41219700800651343,0.3802025058899544,0.3523599542590096,0.357798269618714,0.36682914107034426,0.3931124084748138,0.3681622556125548,0.6433310741743873,0.4567355613675082,0.4184586831445776
2026-01-08,0.31511543969357025,0.4303022031508539,0.4024193784270234,0.46532473545836467,0.4497555990104671,0.438411599187686,0.45443704118017914,0.6778899049020969,0.4822828554123894,0.4572360469539507
2026-01-09,0.5447185494283698,0.4091081206041347,0.38266727100230896,0.4415456048216685,0.39375632753889633,0.4248665627268433,0.4012394899688419,0.6491470767974248,0.4610349871885735,0.4300144947741702
2026-01-12,0.385466150419563,0.4711456291315864,0.4310010361140675,0.41658864109297367,0.42919188653579554,0.48140742177317497,0.4250787856937997,0.6053647806691451,0.4286693321708422,0.45244257386065767
2026-01-13,0.457988847839404,0.45254366819938296,0.4229371770185712,0.4224073468461851,0.4296173430300825,0.4764222858802997,0.4217897541922296,0.5689453673279687,0.40174661974171233,0.41637819610173515
2026-01-14,0.5801794578116879,0.4613366220920913,0.434980427210297,0.49894589831737146,0.45718667152064624,0.47187876921417987,0.4650081040209858,0.5866009722889276,0.41479836142336074,0.422609345565056
2026-01-15,0.37397028571478597,0.5240109280890375,0.48538481869409844,0.5673357254831668,0.5503498333835934,0.5337613270237274,0.5564453971820768,0.6626507133005541,0.471017424821917,0.49533056353331173
2026-01-16,0.3840999392661345,0.4677681787500668,0.43932324092910563,0.44114874278322247,0.44677194222396105,0.4852721479289662,0.441241441606565,0.6201342799138622,0.43958754705702746,0.4342347013357635
2026-01-20,0.7731576697439213,0.4324776727363472,0.410744023974868,0.46739371897062765,0.4189326743807968,0.44096966867506815,0.4268681304241905,0.6105516005023102,0.4325036404690521,0.4148761536399156
2026-01-21,0.9648457345509497,0.5940854558907531,0.5284674284758498,0.6446488336128504,0.8347424152375715,0.5908020677935009,0.8202017440291524,1.1144612567280427,0.8050141649449758,0.774891098495316
2026-01-22,0.424872984831764,0.7477595429243348,0.6437524358949304,0.6463296899536526,0.6622256775176448,0.7550915493774625,0.6550960957899621,1.01957651302061,0.7348715010636035,0.7915601584873351
2026-01-23,0.37758232447118556,0.5724895302549232,0.5075007116586641,0.5457219758882607,0.5513385878903996,0.6005185329719785,0.5488835465141539,0.9391030500959523,0.6753822424036557,0.6464837153323596
2026-01-26,0.3801735379493003,0.4759881085765426,0.44421833659813775,0.4508905182581844,0.45165171864817,0.4729622457662479,0.442019691533594,0.8752014677623638,0.6276320635256667,0.5466661772533412
2026-01-27,0.2774037734271344,0.4691252795917939,0.4375816118580406,0.4431460836641756,0.4467081064490761,0.4644776778043662,0.44479725229151673,0.8101279754285389,0.5795061059493777,0.5063163403271831
2026-01-28,0.3686088157618515,0.4084943129589761,0.3769406248672471,0.3938954949154847,0.39809386787598205,0.4138778966170074,0.39715745811207587,0.7524348395423006,0.5368383881041355,0.46405051948364967
2026-01-29,1.2338788627259927,0.3982991518186327,0.37623337812939206,0.4303310734151067,0.3746971029996744,0.4076764424944299,0.38339362289434015,0.7165817969500913,0.5103227986545639,0.4706770325928483
2026-01-30,0.7257072711514351,0.7694384262307884,0.6011789859030403,0.8372985542202623,0.6700617389681949,0.7503190701905513,0.6967041121266636,0.7193917821164232,0.512400960161728,0.6593995144580135
2026-02-02,0.5595721515380991,0.7326325562264571,0.6203320288448934,0.7930556174600119,0.7214204026139216,0.7466780226615723,0.7349042588344338,0.7412808081934154,0.5285892774409596,0.6324515053361514
2026-02-03,1.1808020934296746,0.6086231251692786,0.555033301005034,0.5639001089736264,0.5697803457254159,0.6106537306601822,0.5630068809044859,0.6897179234989874,0.49045526753436003,0.5122765476712942
2026-02-04,0.9245469936460023,0.8573738712480349,0.7363922454296485,0.9343276870183711,0.8679941479081991,0.8279245346540425,0.8831375911437377,0.831922438130456,0.5956244876401859,0.6948817758589446
2026-02-05,0.7636136921222774,0.8846515516484232,0.7904683766939392,0.9616732957569278,0.8784345413858343,0.8716238864811857,0.8938571989188947,0.8786223063556807,0.6301619897231535,0.7093943470696785
2026-02-06,0.8392875042432042,0.7688012156942466,0.7119135225933929,0.8356889575511233,0.8981085509941544,0.7606667294122518,0.8968769947628419,1.0872470369674487,0.7844531545999425,0.7768701182270551
2026-02-09,0.6528158783594714,0.7811314039117456,0.7278597231971176,0.7060112728602357,0.7188481119530356,0.766206913866145,0.7278699526710032,0.9899729003502512,0.7125127868063424,0.7224911276907032
2026-02-10,0.42758994119108756,0.7308845391407116,0.6917420856216913,0.6827689713395345,0.6840106216046541,0.722005712137291,0.6746513305265452,0.9130493286755926,0.6556229471149364,0.6427836888770769
2026-02-11,0.7085662368108094,0.5862384738367863,0.5606296475428503,0.6367108330694478,0.6025983624796558,0.5891212273938379,0.6091194859795729,0.9075960329600904,0.6515898905070494,0.5900376728983864
2026-02-12,0.9988099971204706,0.6450748713956601,0.6117053038020362,0.7020880178156002,0.5874662410006715,0.6381438800411332,0.6044641258768754,0.858263119430837,0.6151050851204868,0.6105301112666556
2026-02-13,0.9083787905749813,0.8063841341283959,0.7375498978361221,0.8776696767415358,0.9517649555135824,0.79825393555139,0.951086435215843,1.1438098612823866,0.8262849356485343,0.8581310546662014
2026-02-17,0.9193817968467284,0.8225240781759513,0.7553103712322087,0.7379708773753001,0.7446357702953722,0.8250213314035326,0.7213722784783227,1.052980293929959,0.7591107338606361,0.8146922936200913
2026-02-18,0.618060847899985,0.828132452572106,0.76686515583161,0.7429970550662338,0.7487629996700019,0.8247064265826225,0.7266745474691984,0.9715050943046073,0.6988546778221132,0.7568621438430552
2026-02-19,0.4751947296749708,0.731606261207199,0.6993300563395347,0.6892244672466916,0.6918466750299546,0.7338329079747007,0.6838424531669494,0.8963962356129481,0.6433069329976147,0.6431422784084219
2026-02-20,0.5677780017354249,0.6248547618288481,0.6038884821941358,0.6797895465848338,0.6367730253706377,0.6257798527623172,0.6444572770377673,0.8927578488007362,0.6406161161520644,0.5853271851002669
2026-02-23,0.8626327591878689,0.615133345602253,0.5962617531574425,0.5718544549654749,0.5777341265751903,0.615537470728381,0.5743316497368827,0.8243757918609287,0.5900432660830675,0.5651712038496949
2026-02-24,0.7070825483641301,0.7324470178713691,0.6876143344088154,0.7973486156795232,0.812493970087101,0.7285224073704896,0.817022044278774,0.9878741934695443,0.710960660515228,0.7332468272462528
2026-02-25,0.25027462937841033,0.7111689660057302,0.6751581696962113,0.6509114727853867,0.6612380248531682,0.7247693943159087,0.654193968098093,0.9088507286341404,0.6536126597502502,0.6897128361038456
2026-02-26,0.8462185466383512,0.5046943609852783,0.4576150413519386,0.5037242106540133,0.5096482662554973,0.5279744436376719,0.5172637844635875,0.8380272229092384,0.6011637114493719,0.5398994438003428
2026-02-27,0.47081212072215284,0.6739971872034859,0.6052809704667592,0.7345900719153144,0.6813032841421014,0.6651376353491412,0.6928964243026171,0.8982683574381419,0.6457757949399211,0.6565804916992454
2026-03-02,0.8450656623413122,0.6220264728722351,0.5844248452275426,0.6748208133336218,0.6707694628808155,0.6425658881373414,0.6749459013577018,0.9364304828894064,0.6740370808556398,0.6529934049781376
2026-03-03,1.2651860674312112,0.7043545595912994,0.6533002979802024,0.6216787382677426,0.6301576056443916,0.705580420764759,0.6076385581472123,0.8700899653358941,0.6249080474958261,0.6665483666326693
2026-03-04,0.7043874248659077,0.9382314865252969,0.8169841040244975,1.0214916855031202,0.951591757074057,0.9349563332456623,0.9685093703833929,0.9953106509052629,0.7176412890433299,0.8544297273977589
2026-03-05,1.0283090892624187,0.8189087868615322,0.761323548542774,0.768490385568961,0.7747696277267752,0.8354295701429507,0.7678964188401786,0.9164194345846706,0.6592177291836364,0.7113693616499751
2026-03-06,0.6604310528946058,0.8655249189805124,0.8078835378470893,0.9433581180579156,0.8570855029986191,0.8550404865641785,0.8735885518642733,0.9679540636937077,0.6973821361863592,0.7557482192634946
2026-03-09,1.4850098896733692,0.7860333287899192,0.7502500023312534,0.8549530332407255,0.9420738382987135,0.7906130160022463,0.9374179994373094,1.176147190241221,0.8515613231543572,0.8130320224152883
2026-03-10,0.8941581407390715,1.0645942608772252,0.9397301030142232,0.9073581256250821,0.9193191134139672,1.0314560658633356,0.8929511001743238,1.0763104242852977,0.7776263587304204,0.8948027587678034
2026-03-11,0.6948662260409166,0.9545705021538076,0.8740017500663716,1.0376069876887355,0.9107762120855967,0.9666343573501135,0.9312583568173096,1.0339056803031337,0.7462231656511135,0.8263589489880945
2026-03-12,0.38567704118447055,0.794693904287508,0.7605402643238487,0.8654363675076582,0.7632314457234358,0.7916556596624518,0.7789743397838383,0.9897666618801987,0.7135356409145055,0.6985231516576993
2026-03-13,0.9648986895641535,0.6210169749013288,0.5831323216326938,0.6756073079085454,0.8394721803309921,0.6264668520673906,0.8243516106933467,1.2437648387745266,0.9016361467012991,0.7658527896042355
2026-03-16,0.5192312374788044,0.8030940396350951,0.7358323977094756,0.8767263116542546,0.8004563459873776,0.7826402100158234,0.8150392134687573,1.2580523535855552,0.9122168870642856,0.8694042777378066
2026-03-17,0.47622160724483525,0.6788875666223216,0.6420441845554825,0.6478633108637604,0.656361811890923,0.699913137340817,0.6595949555261171,1.147978861866281,0.8307010284889389,0.7873275556219139
2026-03-18,0.6339650241656463,0.5746970696504325,0.5571992770707441,0.542819421586322,0.54759752870044,0.5867751594365604,0.5389774736120578,1.0557237933007082,0.7623807544194163,0.6924026731951682
2026-03-19,0.7941963867606822,0.6208154512382427,0.5959025327920264,0.6751293150839035,0.7866674441259021,0.6283328021268224,0.779299345986852,1.2698436759456289,0.9209490509205157,0.8444705587186103
2026-03-20,1.05835571190587,0.7208646403788941,0.6857190426010397,0.7842733192054868,0.691821601974151,0.7242284926401945,0.7075822671544195,1.2210565445543846,0.884819326672937,0.8584769851624634
2026-03-23,0.8969661695337651,0.8469850838217854,0.775593061866666,0.9216914699905049,0.9705387161239916,0.8493786122136284,0.9731747298500357,1.4185102654171855,1.03104535560711,1.0429581002527324
2026-03-24,0.753141603763827,0.8481638124619831,0.7917903105977879,0.7682201375867558,0.7804522518870747,0.8583998659275682,0.773707043466199,1.2896867826356158,0.9356440320042606,0.9511938012049552
2026-03-25,0.6934150923523892,0.7870775151518298,0.7572948964499487,0.8564534982778742,0.7807720132416074,0.7917746424424039,0.7943814529320894,1.2549855259978093,0.9099457218635374,0.8764517251072792
2026-03-26,0.8631631822535911,0.7465038360850969,0.7257441270353704,0.6938886886920788,0.6973518393144011,0.7460702465199773,0.6884750978321745,1.1470702098630274,0.8313592729079811,0.7878800616698668
2026-03-27,0.6709132731493902,0.803134698554883,0.7719426768658679,0.8745978266457978,1.0054357688684092,0.7960139328715621,0.997964279430601,1.4369300228007709,1.0465158130345753,0.9810948495740432
2026-03-30,0.9451160084988417,0.7425971062385569,0.7235416513563294,0.807202762843961,0.9582281942659854,0.7534333758947499,0.9477187053547331,1.6606690987770918,1.2125923898124873,1.0897468711830562
2026-03-31,1.0017744825923156,0.816022101394264,0.7803838021657646,0.8885645511471736,0.7836354688080905,0.8129516751827686,0.8005581765220254,1.5806521390231347,1.1531975670613666,1.0876684852912644
2026-04-01,0.5814707060973284,0.8919420681911546,0.8464941372489018,0.7996804383861319,0.8220949908777663,0.8956845170838067,0.8418578873638005,1.4196667537996617,1.0337016695632584,1.0322728865639248
2026-04-02,1.100366225657452,0.7419249925120504,0.7153898125356869,0.7067926267399225,0.7113801781217567,0.7579318340481426,0.7087246734812408,1.293163899720244,0.9398013936884758,0.8737530089460054
2026-04-06,0.3459752427949526,0.8775355739902778,0.8200693845387789,0.7689094875465926,0.7743886258819034,0.8618397453525408,0.7472458746370308,1.186158694366458,0.8603737920278027,0.8845670244370122
2026-04-07,0.8900409738535583,0.6641995462046337,0.6009682772035019,0.6612651284420045,0.6615263632085557,0.6892981144367896,0.6607309352788374,1.0884264336155438,0.7878292924340174,0.7166088400815053
2026-04-08,0.5883362650113552,0.7458128382786791,0.6894638381280921,0.6613312624886741,0.6650875957430392,0.7302571188156354,0.6425567973987921,1.0081745607800634,0.7282600988884812,0.7229432291409841
2026-04-09,0.6152674226174659,0.6965807240093006,0.6627231643271208,0.6558760465784831,0.6738407876819761,0.7154190674387046,0.6988541876775809,0.9148270368002362,0.6589702926013377,0.6659516471282606
2026-04-10,0.331091318201254,0.6583643004965654,0.6357231565056783,0.6108144012966129,0.6164356198954646,0.6622209539468066,0.6097319775923669,0.8455618924658581,0.6075563050764274,0.6011311996700108
2026-04-13,0.6242438382819224,0.5192998918580254,0.4929201787160875,0.5626443467183107,0.5187253811080768,0.541397112127654,0.5256104588611443,0.8106223000334402,0.5816214169489483,0.5381993869673665
2026-04-14,0.3613327786635771,0.5961869049350249,0.5702277712868964,0.5419013674087265,0.552034540571604,0.5962335930549241,0.5511475292608554,0.7489938265385617,0.53587596159916,0.5353903062916688
2026-04-15,0.45425499369460076,0.5187847188822119,0.4974518812313381,0.5001094192115931,0.5116385134832531,0.5444570885462359,0.5216410213907563,0.6916562813713842,0.4933155676194264,0.4858190489608315
2026-04-16,0.4256066728429148,0.5040505131160274,0.48814792506305016,0.46919121525623364,0.47948508992584754,0.5184157124905484,0.4800727260210569,0.6429887807975284,0.45719075633926165,0.45643339242539205
2026-04-17,0.5602541611929595,0.49761383985346097,0.48144673797554505,0.46638360616804314,0.4742774056455804,0.519125858648056,0.46708776666821467,0.6029408747712716,0.42746407980347334,0.4413606183962345
2026-04-20,0.3764709881836221,0.5535039899906782,0.5344702653177599,0.5049514880628116,0.5191352379974778,0.5675348487911757,0.5235627246147745,0.5593793103768656,0.3951292922294012,0.4391684229325399
2026-04-21,0.6707462444021243,0.4935339988885265,0.4750438685310814,0.533994179925854,0.5064717926791866,0.520187311447242,0.5122121959766204,0.5777534781642982,0.408768031345329,0.4266112810061031
2026-04-22,0.26651302002380195,0.5867540015184436,0.5556055125893092,0.6371996801212874,0.6313500595339847,0.5946852572299993,0.6366669040610009,0.690045790776709,0.4921201360045887,0.5300954465424929
2026-04-23,1.0034960125254149,0.47053419860889284,0.4338702235290738,0.46277065903697817,0.4727552208032956,0.4998595415319309,0.4820384545469528,0.6398752502128028,0.4548796513212929,0.4420094987637406
2026-04-24,0.46559450719457357,0.7051800017599863,0.6047191826871061,0.7676230076859927,0.6659603112604372,0.6939527204223903,0.6829489525420153,0.6876987586705451,0.4903779858858458,0.5823136220868018
2026-04-27,0.2801339868449036,0.6145326024221469,0.5580651907204465,0.5850424454630582,0.5943158824984361,0.6471006051844894,0.59480814831438,0.6419768767095049,0.45584626534381606,0.5085163638995699
2026-04-28,0.3608020359951472,0.460660585974939,0.42589031927700405,0.45095468069893596,0.4533761552281399,0.4721452864139942,0.44888279443751966,0.6027744294490243,0.42678970755932516,0.3918627373150573
2026-04-29,0.3779054613445,0.4438393316244064,0.41292461653629997,0.48106039974258435,0.4978236904280177,0.4488842106378588,0.49862711256494424,0.6745167357845505,0.47996456309270163,0.43892403078046266
2026-04-30,0.8548549889780769,0.4656172723467466,0.43812030469320973,0.5045471862914974,0.4458192804918762,0.4714392649287241,0.454497437700797,0.6476249174703149,0.4600325504919139,0.43244110218491244
2026-05-01,0.4274097005856903,0.6312277261940176,0.5550906602281493,0.5394020348758709,0.5564171267071161,0.6289233919331854,0.5494748894465225,0.6019838947619622,0.4262037692207659,0.5208361410883341
2026-05-04,0.6786762863800408,0.5440522190066653,0.4950812375342658,0.5143948339700279,0.5222504744674309,0.5748541688374851,0.5156614009230132,0.5656435477133803,0.39926857849378194,0.45130524409805006
2026-05-05,0.3014596583039442,0.5900599553085781,0.5467144366057921,0.6406049138218856,0.587449002992502,0.5865933332956992,0.5976591195132925,0.6164036449655035,0.4368915791486297,0.48353479776594643
2026-05-06,0.4429546569561003,0.4847960278870813,0.4463708748711664,0.4722133551617177,0.4788338948319465,0.5020146378584687,0.4839300317888451,0.5749774052651407,0.4061867632056414,0.39996384982080513
2026-05-07,0.5407095055895236,0.48287710797225575,0.45660219943721164,0.447990413335739,0.45883797326412773,0.4771754101146544,0.46920795733651627,0.5330467371287816,0.37510806871621233,0.3690727899387749
2026-05-08,0.24910796141274472,0.5217097871250442,0.49333972989956015,0.5651875173194881,0.5260023871447446,0.5256378249779239,0.5339144174284247,0.5749479645375499,0.4061649419607386,0.4366696754805877
2026-05-11,0.3391111650088538,0.42121725051536657,0.3878023687219573,0.41175063979732496,0.41970426302908137,0.43952757068323023,0.42641451818483245,0.5370449457174877,0.3780715107207451,0.3630047585686452
2026-05-12,0.6652728347934875,0.39182984546947797,0.3690513650153888,0.36533351339697717,0.37237445195941676,0.39934971407761266,0.3669062959282992,0.5067658390521471,0.3556288655808037,0.3454899122428606
2026-05-13,0.7396375502154501,0.541663669543112,0.49164502509444513,0.5873947699999316,0.5054759780254836,0.5397025164212784,0.5186179581107715,0.5205137633268543,0.3658187232050121,0.4275577817026051
2026-05-14,0.4217913699468041,0.6320225454589561,0.5684841391860497,0.5583812469668868,0.5704487408100183,0.6389981381207939,0.5599018974606967,0.4892363763636562,0.3426361602490456,0.4522945826143432
2026-05-15,0.4767784698053797,0.5239287864354736,0.48230824183884785,0.49387517318522334,0.5034822346671948,0.5446013760496136,0.5051472680560476,0.45892251656611704,0.32016775635003464,0.3737141333604203
2026-05-18,0.7635933068225705,0.5073052246709839,0.4831235797898562,0.5497629040780484,0.6573927495088955,0.5068499440896553,0.6496894017944697,0.7344048207511421,0.5243531592910946,0.5026182497397015
2026-05-19,0.5823622264963989,0.6407770125144611,0.592350553896056,0.6961290129597012,0.5821669240704905,0.6289491204122553,0.5990904778363332,0.7116929697174781,0.5075193068642929,0.5501871436358706
2026-05-20,0.6061383221688195,0.6148281750530693,0.5761334943295195,0.6661030448631476,0.6731507503459264,0.6230577905361055,0.6766705416448805,0.8088607266525092,0.5795393143248548,0.5945532865876618
2026-05-21,0.6652691018275041,0.5912233103269544,0.5598292307750982,0.5374060855381354,0.5483822748881944,0.5930168249910547,0.5488075699681166,0.7476687692349114,0.5341842977148857,0.5512941369330387
2026-05-22,0.41937989410267534,0.6276801509431365,0.5928352065521189,0.5673330119470087,0.5731434562824278,0.624649660078473,0.5588915832456904,0.6983476007809544,0.497627820215949,0.533121726020835
2026-05-26,0.35110752777504506,0.5466107933978896,0.5220319406274495,0.5202697183825005,0.5241099302295618,0.5538575527099787,0.5195934438573873,0.6523135832663443,0.4635077541629824,0.4591216120788878
2026-05-27,0.2959751251765493,0.46151598377196285,0.44408490314208576,0.4395443014160333,0.44556867240289166,0.46197521144498965,0.4469568993577403,0.6114294837130083,0.4329632379581669,0.4052584308474111
2026-05-28,0.4249794977078316,0.4167247725447988,0.39641425909516875,0.4506360290070059,0.4055166974814996,0.4208901062258748,0.4122471175748543,0.5905352176470567,0.4174357983392177,0.3813229575405717
2026-05-29,0.31331079489649,0.4467711965362734,0.4249436406956463,0.41094642968827166,0.4197616931036392,0.4507279647329634,0.41720843189879064,0.5538427726101227,0.3901680434927801,0.38942517098981905
2026-06-01,0.45180396220220465,0.4085957911381495,0.3891856672085312,0.38726005223939514,0.39494417325452624,0.42762083789472516,0.39058875447527963,0.5219990216777882,0.3665035645260639,0.36820024717153277
2026-06-02,0.2691119298882286,0.4435852185904381,0.4198301892403004,0.4024925362871311,0.41194342603811107,0.45491105939173937,0.4041580442109792,0.492792450333352,0.3447988886309734,0.3712697871639393
2026-06-03,0.36864144683234074,0.39125912177677713,0.367763315815447,0.3755710867501891,0.3821962416840121,0.4119582300735851,0.37722355838547983,0.4667928322152522,0.32547743942714624,0.3301467086091072
2026-06-04,0.4915095773262097,0.40291699705018935,0.3825718586264743,0.4353900334121912,0.4866292130703419,0.4122032257899987,0.4840997858055125,0.6036101347550163,0.4271523390052448,0.4096085294037783
2026-06-05,1.0874814271186717,0.46374356898518954,0.434981413672367,0.4174187157761637,0.42767773020322647,0.4734820500840256,0.42055997841321335,0.5666595096654408,0.3996927193110277,0.4246376349109209
2026-06-08,0.5865912353561794,0.7375372502856704,0.6167613047847209,0.8016973618817504,1.028861224756041,0.7280891471446291,1.0132635088472373,1.2936500412111729,0.9399510632266878,0.9636085199260067
2026-06-09,2.27362373883168,0.6542346963849323,0.57696515003325,0.6071511162442832,0.6145626714215134,0.6766511292014747,0.6030970684919513,1.186196665714134,0.8600977774201368,0.8456436798994279
2026-06-10,1.0629290048113693,1.2912240892126259,0.9076176290176525,1.410015636149197,1.0848937149296645,1.224737234100059,1.133819482906458,1.1555322760771587,0.8373097332247982,1.1118445281360636
2026-06-11,1.2980473526904939,1.1471886944067617,0.9212938467615613,1.2444218691931694,1.30684456608119,1.1617399138672448,1.308498603881729,1.3909314656885168,1.012245128969386,1.1219012145739777
2026-06-12,0.8952669961114305,1.0965453880095781,0.950229368277324,0.9737704565735937,0.981043209448123,1.0387455493342497,0.9744126255037865,1.264824103175578,0.9185292525301805,0.9630010915728141
2026-06-15,0.3902805882962596,0.9794175698171875,0.8661710048568677,0.9130709633958313,0.9095529662590696,0.9433344999762683,0.8954868510223905,1.159008097998555,0.8398927679597991,0.8407659730852589
2026-06-16,0.3890314948346545,0.7273242233270003,0.6301824615128617,0.7251491105765505,0.7212549925433396,0.6851105407639455,0.7399027970105808,1.0587258297754853,0.7653686444624719,0.6334755797678236
2026-06-17,0.8734740759349279,0.5602053239564788,0.5152643277898291,0.6097292269556659,0.6303100175077258,0.5368037543861823,0.6303688124235507,1.0998309293563382,0.7959156351898784,0.6551588977984464
2026-06-18,0.40541031602255695,0.7265272752760222,0.6498169432437484,0.7918359927167777,0.8385753621574837,0.700322800405285,0.8395006453361629,1.2704450450044964,0.922706419345931,0.867096043944023
2026-06-22,0.6080558689070616,0.5854841534521846,0.5341525943269962,0.5646065277744582,0.5733310695657163,0.6068333243373856,0.5796108687268983,1.1614372754888156,0.8416979956086034,0.7706948410594028
2026-06-23,0.7039959934144804,0.5747049637277589,0.5361253764865082,0.6243120631804487,0.5749726342840586,0.5784519226693869,0.5843647126914442,1.1374657214104682,0.8238836891692658,0.7638313128841643
2026-06-24,0.8605954974924664,0.6549344412170764,0.6086570797858837,0.7114754972268665,0.8215220365731281,0.6594528750931185,0.8152709598809051,1.3475349022797651,0.9799952516167972,0.9164333167387334
2026-06-25,0.8563993480060181,0.7492788924166071,0.6884798523977541,0.8148011597490419,0.6810877965381348,0.7456802094753727,0.7009149792671806,1.2544112306884683,0.910790993225304,0.8970690567948343
2026-06-26,1.9417185431449717,0.773997042418828,0.709768454371126,0.6946901754000988,0.7029506595882972,0.7826474022320906,0.6833149430394528,1.1537518820359056,0.8348229843755156,0.8563847650391346
2026-06-29,0.8273581940919854,1.243947423448466,0.9985437754067393,1.3564795697546521,1.1527889216033262,1.215013535843578,1.1862367045170037,1.2086877481791065,0.8756123204766795,1.0937836991430494
2026-06-30,0.4990866891886327,1.0247140031368147,0.8830386182714501,0.9706005041372192,0.9777305196248572,1.0470862699986552,0.9833112396250947,1.103265574471668,0.7973374014163527,0.8892241869608936
2026-07-01,0.6662706563957514,0.7272686844662407,0.6707312139904175,0.7069516976702879,0.7044022236727036,0.6988697458750788,0.7043463480818698,1.014138027504063,0.731161081202207,0.6536425678529169
2026-07-02,1.0471782238409815,0.7299013357187966,0.6806450602901308,0.7963438514419146,0.7005987781633883,0.6905454610111594,0.7141674494477949,0.9741912717437184,0.7015010109921106,0.6407536709618027
2026-07-06,0.4218659603441208,0.9045488587070685,0.8223525279072857,0.986719046127465,0.8309054674051465,0.8697002533164866,0.8532232483605803,0.937837259370088,0.6745085171363018,0.719969061349848
2026-07-07,0.5020106723400241,0.6685628989060842,0.615677127135548,0.652991180996591,0.6584410561278468,0.6933738819949831,0.6618063314444146,0.8657276497500589,0.6209678467253171,0.619308798830849
2026-07-08,0.6037592714873607,0.5870143002743072,0.5639393201087707,0.6385714828482317,0.6289618817545307,0.588808375128728,0.6333328845249805,0.9057130949771647,0.6506566434810038,0.6040357646802069
2026-07-09,0.4819543660230109,0.6413360671064167,0.616329095798785,0.6976837692706429,0.6466086173984884,0.6446354932467826,0.6558777753174502,0.9093609988329878,0.6533651759368685,0.634883988099426
2026-07-10,0.6456375355898024,0.6009202921926833,0.5757473916987873,0.5705731851512013,0.5783440494222829,0.6129656294619958,0.5793223396062208,0.8403280837834627,0.6021089207490786,0.5828806911485909
2026-07-13,0.4848300906070578,0.6223922197224683,0.595096292681867,0.5663102706290505,0.5767870748364671,0.6387133766414654,0.5668065110451035,0.7805905540188193,0.5577543970018473,0.5848155554701688
2026-07-14,0.4340317851993838,0.5818150199936641,0.5635322323584003,0.6308291514213165,0.6703940036001628,0.6010754108391909,0.6700209074962366,0.8901966292316883,0.6391358214602015,0.622482017727747
2026-07-15,0.5031005605349189,0.5319212362912419,0.5175249238598553,0.5030437099107583,0.5093819226119922,0.5434829602952311,0.5038060097679231,0.8258409752484622,0.5913523862543311,0.5585611572949903
2026-07-16,0.6067063038371544,0.5392507695057922,0.5233799502942837,0.4993098615784981,0.5072585212200825,0.5490960503306686,0.5004472665866347,0.7677435717723612,0.5482156400198329,0.5375255240444136
2026-07-17,0.6084148386459318,0.591013874669533,0.5686550690415892,0.6413115454403584,0.6275906964784013,0.6004178598667331,0.6332651492662783,0.8321035671817386,0.5960022986915897,0.6007013598936586
2026-07-20,0.5452924898308884,0.6070949754424434,0.5833496335663625,0.6583321971631487,0.7132272949491195,0.6231886475177283,0.7121360357679963,0.9839269954628009,0.7087296893555421,0.6991309569140027
2026-07-21,0.4294972808081107,0.5885523482711261,0.5702477205701113,0.6381549214427821,0.5760798339821234,0.6035424324264423,0.586274314244394,0.9519531784326616,0.6849894471269069,0.6654905022554904
2026-07-22,0.3386388829562975,0.5344649803429758,0.5202735050573812,0.5061536051283166,0.5142597505290233,0.5455050879026124,0.5163243993901298,0.8785924322075779,0.6305198201876131,0.5904789971352317
2026-07-23,0.6962312411038462,0.4760550302742467,0.4598075946346481,0.5158225545601434,0.4793483533145267,0.4854272645734313,0.4854413915717244,0.849560267340958,0.6089637255334921,0.5457696704940226
2026-07-24,0.6129850157062762,0.5949422268669438,0.5571229500876572,0.64639133374959,0.7250224169548424,0.5972990601550624,0.7219225293982341,1.0549352192676809,0.7614525917154311,0.7312764143628565
2026-07-27,0.7828178337575381,0.6195677284177831,0.5873973107484285,0.5670464804080861,0.5752852329766498,0.6398057128683236,0.5611588679204569,0.9747501169381986,0.7019159480098823,0.7041174431136371
2026-07-28,0.6359929659160036,0.6781041970861205,0.6328516742926714,0.6035824959343734,0.6125470558942341,0.6861639466674343,0.5944192129459317,0.9095841123775352,0.6544433862911198,0.6910113175673077
2026-07-29,0.9551610576454537,0.6598194089249969,0.6250399428696539,0.607817282301565,0.6144399225626337,0.6703861439873608,0.6031181324801325,0.843815048488885,0.605475299752554,0.6319004594997607
2026-07-30,0.5841923649665235,0.7745615014302775,0.7213563490682278,0.8414249395723669,0.9218689706610618,0.7614057582798077,0.9203889565060831,1.1237278765110235,0.8138832468239754,0.8291794526032519
2026-07-31,1.0492868699097406,0.6837113865147536,0.648169575482238,0.6422688805000958,0.6509879889784934,0.6879129540396448,0.6614723642957185,1.0275453110059793,0.742270912503294,0.7262454552330818
2026-08-03,0.617374120036902,0.8175009419469099,0.7509023503135763,0.7122161672341406,0.7218122709683714,0.7943823676165981,0.7073214218017825,0.9468248556876954,0.6821708288507383,0.7362724877894712
2026-08-04,0.8114996800636305,0.7257602786400666,0.6816814459308889,0.6825640585065751,0.6895998743871193,0.7285288076508456,0.6958327910920357,0.8708424214701475,0.6255984193593231,0.647897356207826
2026-08-05,0.46161317433008997,0.7362254400835229,0.6988153810913273,0.663379453629915,0.6734401751139275,0.7138708244061911,0.6800149660305573,0.8006518054487234,0.573338284330619,0.6021186972688076
2026-08-06,0.3777475409347457,0.6176519617826817,0.5890980574888567,0.6692002293421162,0.62212489093008,0.6166620142979861,0.6293982821448514,0.7947621501788296,0.5689531656762504,0.5533274261883756
2026-08-07,0.3513251363623306,0.5238829800128627,0.503741563940304,0.5681380369043975,0.5285519720426013,0.5111997675405855,0.5343849009507591,0.7821052047588735,0.5595294889201445,0.49650973616459704
2026-08-10,0.3117124874056134,0.4672367337971156,0.4511249647895426,0.44662005737234217,0.4519874017666662,0.46747527280847156,0.45246956492614115,0.7271469532142653,0.5186105483343251,0.46947712931031294
2026-08-11,0.37893291545022556,0.43360131633531274,0.414289526173892,0.46880757408588813,0.4247039304695419,0.43987877709825607,0.43079422191849887,0.6976020841775517,0.4966130373737039,0.44914369830932677
2026-08-12,0.27895611268933046,0.42959654897267857,0.4131000201435854,0.46404724331125646,0.45567853892509635,0.4443235159277143,0.4590437005231209,0.7251020221910838,0.5170880033353863,0.48734685818845913
2026-08-13,0.41380015670906006,0.39420483115824234,0.37447234056283935,0.37787742142665975,0.3854113145946611,0.41627384050659977,0.3823868028127701,0.6776421786278456,0.48175197163139094,0.4493964762962787
2026-08-14,0.25118963010074685,0.42878071090569786,0.4067416443607295,0.39338665030181236,0.40443552116558945,0.4452401879948211,0.4044583764882614,0.6322478321241448,0.44795379728428036,0.442781308278985
2026-08-17,0.26938520294728213,0.3848878792720769,0.3598402001254074,0.4144213023764087,0.4085006947837494,0.40974616163663846,0.411003611558227,0.6429222005192481,0.455901354454942,0.4282936149629781
2026-08-18,0.21486204609721954,0.3625577583908042,0.33973174188493127,0.3906657130651997,0.42360189956550665,0.3802212389311741,0.42253702658368597,0.7069352027962797,0.5035619725291492,0.4525471623993045
2026-08-19,0.38718070460169696,0.3356747728343501,0.30798154871055067,0.3609819063714349,0.4338917254467145,0.3576103247815299,0.4288961845187671,0.8061476478638615,0.5774301912405674,0.5022629899771882
2026-08-20,0.4941873625061496,0.39312451838645096,0.36156267202714687,0.35881605897090235,0.368310027197788,0.4096054746238204,0.36194722850462224,0.7509985196749693,0.5363691342327883,0.5010523601667486
2026-08-21,0.3386448697869806,0.46182429962069704,0.4231913294777828,0.4983610177934381,0.5526616064012522,0.4846247756632053,0.5511587003264029,0.8803396167551923,0.6326695171231457,0.6143980298356115
