date,actual,M1 HAR+TS,M3 Combined,crisis
2025-02-24,0.5881866242372542,0.5739603782574679,0.7408892654765199,False
2025-02-25,0.9444909365048862,0.5814221254428545,0.7334658470113843,False
2025-02-26,0.9047966158371156,0.7215050904501011,0.8001497356535846,False
2025-02-27,1.0079341642549853,0.7939979206452117,0.769558305723844,False
2025-02-28,1.162612388277234,0.8540170207417538,0.9259584555447422,True
2025-03-03,1.6372519033217243,0.9476045254122824,0.9018047202453802,True
2025-03-04,1.5758033738832995,1.193808494134076,1.1496130630673504,True
2025-03-05,1.2691872248855978,1.2798795243021472,1.2286514652741998,True
2025-03-06,1.198675575476941,1.1916978666942384,1.078270210107508,True
2025-03-07,1.34950434170441,1.1374237159631742,1.1643384387448434,True
2025-03-10,1.5742270034332668,1.1941557767094186,1.1063103448667315,True
2025-03-11,1.4703681947215177,1.2925688369611823,1.4054526132481435,True
2025-03-12,1.1353807021052291,1.2888700959974335,1.3922115142296656,False
2025-03-13,0.9053771017130368,1.1572201831170117,1.216391051550048,False
2025-03-14,1.3763905340659452,1.020679421140443,1.1991468524335294,True
2025-03-17,0.7844344466788503,1.154526334583835,1.184367200115799,False
2025-03-18,0.6229559816489348,0.9779364285875471,1.0326390188182653,False
2025-03-19,1.0633096873707888,0.7942357105065957,1.0047730568866435,False
2025-03-20,0.9658313334589436,0.920224876740223,1.0080560155035094,False
2025-03-21,0.6898582520213179,0.9554773678447724,0.9927854475620812,False
2025-03-24,0.4967305455923468,0.8128689297674387,0.8782044409240751,False
2025-03-25,0.3340131517401923,0.6924062083235069,0.7591099421487612,False
2025-03-26,0.8736551598193741,0.5924449371750805,0.6621223736149571,False
2025-03-27,0.7419973152130572,0.74228065536996,0.8546562554513156,False
2025-03-28,0.8932205942986979,0.7583618874040083,0.8540817925649407,False
2025-03-31,1.4054738400422284,0.8026635090072114,1.0536170948694257,True
2025-04-01,1.1056445212415509,1.0500142692167742,1.0879960460406943,False
2025-04-02,1.1915565198361682,1.0635587323806028,0.993072107414104,True
2025-04-03,1.1069893947030318,1.066845122011099,0.9223275084182808,False
2025-04-04,1.7929399439684175,1.0684806896190089,1.610694725968833,True
2025-04-07,5.506178961625043,1.3419734140376094,2.3035595493222747,True
2025-04-08,3.920425634325497,2.9442108706363137,2.892448171871889,True
2025-04-09,3.690315536444688,3.0978253332428256,2.8070837287952317,True
2025-04-10,3.1558798709015448,2.957009989311772,2.394015004207972,True
2025-04-11,1.7731398142982204,2.872350805206862,2.560645933847678,True
2025-04-14,1.2442660599293307,2.336188594967489,2.0183305981646047,True
2025-04-15,0.8063423729178738,1.72590685932876,1.6762812718468525,False
2025-04-16,2.243396676406214,1.3243616630858903,1.4649900457823173,True
2025-04-17,0.9622639348749206,1.672770466763888,1.8512620795792207,False
2025-04-21,1.5936167343836003,1.316169524015426,1.5922113259906086,True
2025-04-22,1.0712559454361394,1.3447977268313398,1.7410183347152666,False
2025-04-23,1.3983672274854708,1.2467551540365207,1.5422572719400054,True
2025-04-24,1.0674367404653475,1.3246180891656214,1.4342507229409254,False
2025-04-25,0.8364848084757647,1.2010052981169723,1.3088747152182352,False
2025-04-28,1.0964136246664695,1.065086209789288,1.1290458416922309,False
2025-04-29,0.6400742965958788,1.1032280941538974,1.0967922977443711,False
2025-04-30,1.7648631376813666,0.954919907391758,0.953614210449886,True
2025-05-01,0.7537923132143085,1.3189318136182089,1.0945587835116417,False
2025-05-02,0.7165061983715693,1.0994992686079008,0.9219984571060924,False
2025-05-05,0.6116731137904969,0.9275563813517042,0.7624283377662587,False
2025-05-06,0.8008047905030211,0.857345870947682,0.7678511852298975,False
2025-05-07,0.9762415402101314,0.9161892716110016,0.8443244554723067,False
2025-05-08,1.0754790851222302,0.9657034399132004,0.8687414459753179,False
2025-05-09,0.5444393039334359,1.0149981897842149,0.8411810009530729,False
2025-05-12,0.7082477544064372,0.8071495569567907,0.7030586301598344,False
2025-05-13,0.6590053463072422,0.7734784464747197,0.6348998598177319,False
2025-05-14,0.4135505018340854,0.7574188547981852,0.601967625751982,False
2025-05-15,0.4795751489905205,0.6256817130286135,0.5215501128268226,False
2025-05-16,0.5414829760560648,0.5802486888761768,0.4981873810174063,False
2025-05-19,0.535827431594898,0.6107567904890897,0.4924520718555971,False
2025-05-20,0.5310899837075028,0.598954336927426,0.4750856304951144,False
2025-05-21,1.152519292204584,0.5876248436173264,0.4983739419294751,True
2025-05-22,0.6291480926353333,0.8449796011945192,0.8299797962959194,False
2025-05-23,0.6799356696990553,0.7497105918038981,0.7239449237098945,False
2025-05-27,1.4619502625835648,0.6925227963809238,0.7183449089473234,True
2025-05-28,0.5631100357277419,1.030031365031736,0.8296137165203357,False
2025-05-29,0.794426432331248,0.8215164838667594,0.7310242070060655,False
2025-05-30,0.9489147299690214,0.7520660325613768,0.6602214848498035,False
2025-06-02,0.7679393697908656,0.8597136161003655,0.690799418915857,False
2025-06-03,0.4828770558205888,0.8156550100073569,0.6240326096825348,False
2025-06-04,0.2710307127862875,0.6365926344697906,0.5342811846720799,False
2025-06-05,0.8148345623530572,0.5007277679013334,0.4454097164596106,False
2025-06-06,0.4661222135358627,0.6679688228465384,0.5805657278390581,False
2025-06-09,0.3253149532754563,0.5975632167091645,0.5362283997610311,False
2025-06-10,0.4219236173289739,0.4693887557629245,0.453225976235731,False
2025-06-11,0.614103776306227,0.4765081861952783,0.4364346032655383,False
2025-06-12,0.3130604411270663,0.5774193675119342,0.496293757799008,False
2025-06-13,0.7360493609284583,0.4705691895251352,0.4358995306205146,False
2025-06-16,0.4371522635962705,0.5921720298586765,0.6192927749594844,False
2025-06-17,0.5189767105811125,0.5526955973063153,0.5558445987088194,False
2025-06-18,0.5511595753701191,0.5426701102248892,0.61605065665133,False
2025-06-20,0.6559222500288329,0.5635093130289994,0.6038824291572267,False
2025-06-23,0.8774988172408712,0.6235009987624429,0.6186025534999928,False
2025-06-24,0.4533234007653701,0.7281316858700554,0.640983677867455,False
2025-06-25,0.3483351730503164,0.6044183838917944,0.5326001627925955,False
2025-06-26,0.3498234665023177,0.4935342930649516,0.4446975309989203,False
2025-06-27,0.6068665642847654,0.4666966405526417,0.4134555674708371,False
2025-06-30,0.4766040501263639,0.5520481893449591,0.4481914042204111,False
2025-07-01,0.3562729129045851,0.5233339373215367,0.4341713523958997,False
2025-07-02,0.3046312901557792,0.4532849988499667,0.3877777858278183,False
2025-07-03,0.3274690930670325,0.410829074434501,0.3459348659311848,False
2025-07-07,0.6483547437505682,0.407670313700235,0.3285746919470911,False
2025-07-08,0.2771296132699088,0.5296654006013208,0.486286243711079,False
2025-07-09,0.4130051820064098,0.4339932144793021,0.4301707694736909,False
2025-07-10,0.4059546492092878,0.4280985375865205,0.3997936208153,False
2025-07-11,0.3674985648883095,0.4503413563642459,0.3896681863848019,False
2025-07-14,0.3438024373501125,0.4376375733858902,0.4078228366621342,False
2025-07-15,0.3798112503282227,0.4080982945219023,0.3867361307672597,False
2025-07-16,0.7586478847819269,0.4211498516679938,0.4258102443687761,False
2025-07-17,0.3106446853048862,0.5824441073688548,0.4850952669531264,False
2025-07-18,0.2931511788556379,0.4702375218760234,0.4027814871929875,False
2025-07-21,0.3591948487057733,0.39282686307616,0.3530955127508257,False
2025-07-22,0.39790997131505,0.4138161848456868,0.3482217995184028,False
2025-07-23,0.427820600617978,0.4375563736815319,0.3523447353337052,False
2025-07-24,0.2398580689952067,0.4366372602844884,0.3550737261024681,False
2025-07-25,0.2327459478741215,0.3656030068214447,0.3060261191632836,False
2025-07-28,0.2725642590800431,0.3309312357797163,0.273830552393375,False
2025-07-29,0.37474433850662,0.3395250799031665,0.2824494111133751,False
2025-07-30,0.6690684503138289,0.3812233073599488,0.3353314468672632,False
2025-07-31,0.7077006106330667,0.5144822971940753,0.4126913059560675,False
2025-08-01,0.6577124084102487,0.5962452589045285,0.4738009062043064,False
2025-08-04,0.3269016047998956,0.6065464638874408,0.6787581900316049,False
2025-08-05,0.4989823140733557,0.4828414547610591,0.5556441959132282,False
2025-08-06,0.468296683471134,0.5028743137721686,0.5852347338381046,False
2025-08-07,0.787343020725697,0.506433187861306,0.5613689380200463,False
2025-08-08,0.309980754891817,0.6236679839755266,0.6113242972615136,False
2025-08-11,0.4520225069143852,0.4814715546378213,0.511040389855295,False
2025-08-12,0.5159807482235926,0.4682767325963892,0.4920041804632772,False
2025-08-13,0.3851322317815967,0.51405827911121,0.4902351528145682,False
2025-08-14,0.2936536084671625,0.4726081719880052,0.4436638677280013,False
2025-08-15,0.3050830580805672,0.3956372912598086,0.4061993733917878,False
2025-08-18,0.1955476739754421,0.3832639869268826,0.409549987310045,False
2025-08-19,0.5315200560901568,0.3322994122911094,0.3794488352534957,False
2025-08-20,0.7350236429793704,0.4391954130809238,0.4915045801032339,False
2025-08-21,0.4570527690526198,0.5815729580711109,0.5717445025530905,False
2025-08-22,0.7094888430281162,0.5199969566497773,0.5485258261710292,False
2025-08-25,0.2850487498472789,0.5911658706673198,0.535979259391499,False
2025-08-26,0.3251655440943306,0.4803598204458602,0.4918792769146517,False
2025-08-27,0.2548970470932282,0.4224365160359963,0.4358412389664227,False
2025-08-28,0.4224927909173412,0.3795275350385176,0.4109316335901846,False
2025-08-29,0.4592638677961382,0.4280639588412648,0.4194340105083615,False
2025-09-02,0.555734951944392,0.4526500764208496,0.5039740147294993,False
2025-09-03,0.3996575791301782,0.5051404865964099,0.5866701799712264,False
2025-09-04,0.4204087716278755,0.4653276905095075,0.5248837135532198,False
2025-09-05,0.8803180640350261,0.4583289295892114,0.4792728317623586,False
2025-09-08,0.2838651281774315,0.6516189640035808,0.5856687358767289,False
2025-09-09,0.3746143227148983,0.4952954201511943,0.4730834825649571,False
2025-09-10,0.4029827586164186,0.4283569878098365,0.4140387573160856,False
2025-09-11,0.3926885614575224,0.4527238326583436,0.4071397359356741,False
2025-09-12,0.2368074028576083,0.4515106281533064,0.3864556381771854,False
2025-09-15,0.1373359294392104,0.3607772935663216,0.3589902723094005,False
2025-09-16,0.2378678747711647,0.29325180533733,0.3061662689109599,False
2025-09-17,0.7935252533864259,0.3077116926439056,0.3285304573959513,False
2025-09-18,0.4918239006723321,0.5446412996265281,0.4587969130673975,False
2025-09-19,0.4272891977928156,0.5248887712835214,0.4261219469855264,False
2025-09-22,0.3290812913298848,0.4656627299003398,0.3606709102356358,False
2025-09-23,0.4664160231236184,0.427691615065937,0.3116064906973975,False
2025-09-24,0.419594171747866,0.4734792833705387,0.3857020577073908,False
2025-09-25,0.538109084741685,0.4569068966561125,0.4220112526059758,False
2025-09-26,0.4290610862485953,0.4964046181552961,0.4820055757451385,False
2025-09-29,0.358843233966138,0.4753908905020785,0.4447249360279094,False
2025-09-30,0.442235675079299,0.4361000132003576,0.3962399107030956,False
2025-10-01,0.4534394421772202,0.4546641207012101,0.3892064688171949,False
2025-10-02,0.384186851465596,0.4726324041761462,0.3812387399621054,False
2025-10-03,0.4712091260584031,0.4408224031826953,0.3547659580093923,False
2025-10-06,0.3214172830778499,0.4643874995606699,0.3595342280831765,False
2025-10-07,0.4631774933836953,0.4209326209635159,0.3207051941659773,False
2025-10-08,0.2988878801411221,0.4483273571164989,0.3730612575206059,False
2025-10-09,0.4472451571284465,0.4027007992686169,0.3371302018732606,False
2025-10-10,1.3601112529561223,0.4353209601999483,0.3778225373577297,True
2025-10-13,0.526275479742592,0.8348193846646998,1.057213730398292,False
2025-10-14,1.2709683929987126,0.6805097940059606,0.8824079055147612,True
2025-10-15,1.1924355892172205,0.8709207711349013,0.9097733053474036,True
2025-10-16,1.093705479525211,1.0026709320619782,0.888931205499541,False
2025-10-17,0.6721359381831226,0.9922804458393808,0.8747298850092823,False
2025-10-20,0.3680168924995411,0.791683600425775,0.7349562829451365,False
2025-10-21,0.3166649636906723,0.6115285428733656,0.5806277422472553,False
2025-10-22,0.8349771584541572,0.5008228304936972,0.5306014074837542,False
2025-10-23,0.3927933469061719,0.6650914622710827,0.6780903771454224,False
2025-10-24,0.2854361044860972,0.5485561392850306,0.6072437979047617,False
2025-10-27,0.2702603074139925,0.4246525094346109,0.512009419860019,False
2025-10-28,0.420016362891887,0.3968860717219942,0.4654758457243108,False
2025-10-29,0.6933994412194209,0.4534812827082782,0.467015733057097,False
2025-10-30,0.5124908515715052,0.5692673997434552,0.5253907477993515,False
2025-10-31,0.541337607545106,0.5510156494986327,0.6254471434854886,False
2025-11-03,0.5687268267649516,0.5474495723248279,0.5725305081118849,False
2025-11-04,0.5559747004283241,0.5771750647758954,0.543186970822202,False
2025-11-05,0.6560645655404531,0.583758268709106,0.6595846126485758,False
2025-11-06,0.7103129986202634,0.6180857304879952,0.6420441362402866,False
2025-11-07,1.008456334410452,0.6635608469874891,0.7521173797027295,False
2025-11-10,0.6382945614954638,0.8058345797173235,0.7686955946255631,False
2025-11-11,0.4184221211675579,0.7214506416815603,0.6679158929315783,False
2025-11-12,0.3949259389446506,0.5749817801597925,0.5467718626917258,False
2025-11-13,0.7525806577245447,0.520399600853237,0.4954336493943781,False
2025-11-14,1.1584498661942904,0.6445505182301371,0.7584217589195573,True
2025-11-17,1.162680405923115,0.8508310458296751,0.841202552725377,True
2025-11-18,0.9730142579387449,0.9385093337327828,0.9325186923443992,False
2025-11-19,0.8994687094203027,0.8995825052870867,0.920813861771008,False
2025-11-20,1.6451932054578813,0.8725905266522065,0.8159550899746782,True
2025-11-21,1.424041196017135,1.1826291743259685,1.08875514046712,True
2025-11-24,0.7008171706691849,1.2294931594062164,1.0386706642146808,False
2025-11-25,1.0870110335835113,0.915593079244306,0.8040423238760679,False
2025-11-26,0.4832746562562409,0.95833362150531,0.7666890010940454,False
2025-11-28,0.2342084964213433,0.7787686629184088,0.6328704069387676,False
2025-12-01,0.4206964662520515,0.5299056153422529,0.5127638332067409,False
2025-12-02,0.4644615293031445,0.5096838894789995,0.5760934180622265,False
2025-12-03,0.4485257033128927,0.5411353285311559,0.5732625307949853,False
2025-12-04,0.4087459576498742,0.510104056638487,0.5564947369677247,False
2025-12-05,0.3919385847609307,0.4888278716418551,0.5179922283826973,False
2025-12-08,0.4500217652546207,0.4836325013558333,0.4787823355824998,False
2025-12-09,0.2892890546211958,0.5022815909008049,0.5034861495773096,False
2025-12-10,0.6468307699925089,0.4418841404192062,0.4664506944638019,False
2025-12-11,0.6325982864527101,0.5545003105214582,0.4993250831683531,False
2025-12-12,0.8180983010038887,0.613038812200805,0.5029054492494798,False
2025-12-15,0.4971940965058217,0.7009653921679685,0.6513091845166304,False
2025-12-16,0.6353136433172045,0.6156514425324073,0.5865052567689497,False
2025-12-17,0.569837974122362,0.6342599279472189,0.5817191955541986,False
2025-12-18,0.6003366271917594,0.6237874344285066,0.6837251795091539,False
2025-12-19,0.3121142542675307,0.6201861830699198,0.6400333650922666,False
2025-12-22,0.4871924861480319,0.4921993092362556,0.5496506425086831,False
2025-12-23,0.2553071299245764,0.5093154874026746,0.5254390269956162,False
2025-12-24,0.2204199857834396,0.4247521199176955,0.4662058678860615,False
2025-12-26,0.2429465161314382,0.3537334139148612,0.4147175250163536,False
2025-12-29,0.3206425813040567,0.3367021998078441,0.4089649055100661,False
2025-12-30,0.1996979509976456,0.363916241475907,0.4497950232970861,False
2025-12-31,0.3405662448276536,0.3161331605188485,0.43190335257189,False
2026-01-02,0.6920962668402838,0.3538846356863203,0.5167322587493205,False
2026-01-05,0.2947852155755351,0.5261385672513994,0.5680491488628517,False
2026-01-06,0.3069801092550718,0.436100943268738,0.4810949013114353,False
2026-01-07,0.4121970080065134,0.3802025058899544,0.4184586831445776,False
2026-01-08,0.3151154396935702,0.4303022031508539,0.4572360469539507,False
2026-01-09,0.5447185494283698,0.4091081206041347,0.4300144947741702,False
2026-01-12,0.385466150419563,0.4711456291315864,0.4524425738606576,False
2026-01-13,0.457988847839404,0.4525436681993829,0.4163781961017351,False
2026-01-14,0.5801794578116879,0.4613366220920913,0.422609345565056,False
2026-01-15,0.3739702857147859,0.5240109280890375,0.4953305635333117,False
2026-01-16,0.3840999392661345,0.4677681787500668,0.4342347013357635,False
2026-01-20,0.7731576697439213,0.4324776727363472,0.4148761536399156,False
2026-01-21,0.9648457345509496,0.5940854558907531,0.774891098495316,False
2026-01-22,0.424872984831764,0.7477595429243348,0.7915601584873351,False
2026-01-23,0.3775823244711855,0.5724895302549232,0.6464837153323596,False
2026-01-26,0.3801735379493003,0.4759881085765426,0.5466661772533412,False
2026-01-27,0.2774037734271344,0.4691252795917939,0.5063163403271831,False
2026-01-28,0.3686088157618515,0.4084943129589761,0.4640505194836496,False
2026-01-29,1.233878862725993,0.3982991518186327,0.4706770325928483,True
2026-01-30,0.7257072711514351,0.7694384262307884,0.6593995144580135,False
2026-02-02,0.5595721515380991,0.7326325562264571,0.6324515053361514,False
2026-02-03,1.1808020934296746,0.6086231251692786,0.5122765476712942,True
2026-02-04,0.9245469936460023,0.8573738712480349,0.6948817758589446,False
2026-02-05,0.7636136921222774,0.8846515516484232,0.7093943470696785,False
2026-02-06,0.8392875042432042,0.7688012156942466,0.7768701182270551,False
2026-02-09,0.6528158783594714,0.7811314039117456,0.7224911276907032,False
2026-02-10,0.4275899411910875,0.7308845391407116,0.6427836888770769,False
2026-02-11,0.7085662368108094,0.5862384738367863,0.5900376728983864,False
2026-02-12,0.9988099971204706,0.6450748713956601,0.6105301112666556,False
2026-02-13,0.9083787905749812,0.8063841341283959,0.8581310546662014,False
2026-02-17,0.9193817968467284,0.8225240781759513,0.8146922936200913,False
2026-02-18,0.618060847899985,0.828132452572106,0.7568621438430552,False
2026-02-19,0.4751947296749708,0.731606261207199,0.6431422784084219,False
2026-02-20,0.5677780017354249,0.6248547618288481,0.5853271851002669,False
2026-02-23,0.8626327591878689,0.615133345602253,0.5651712038496949,False
2026-02-24,0.7070825483641301,0.7324470178713691,0.7332468272462528,False
2026-02-25,0.2502746293784103,0.7111689660057302,0.6897128361038456,False
2026-02-26,0.8462185466383512,0.5046943609852783,0.5398994438003428,False
2026-02-27,0.4708121207221528,0.6739971872034859,0.6565804916992454,False
2026-03-02,0.8450656623413122,0.6220264728722351,0.6529934049781376,False
2026-03-03,1.2651860674312112,0.7043545595912994,0.6665483666326693,True
2026-03-04,0.7043874248659077,0.9382314865252968,0.8544297273977589,False
2026-03-05,1.0283090892624187,0.8189087868615322,0.7113693616499751,False
2026-03-06,0.6604310528946058,0.8655249189805124,0.7557482192634946,False
2026-03-09,1.4850098896733692,0.7860333287899192,0.8130320224152883,True
2026-03-10,0.8941581407390715,1.0645942608772252,0.8948027587678034,False
2026-03-11,0.6948662260409166,0.9545705021538076,0.8263589489880945,False
2026-03-12,0.3856770411844705,0.794693904287508,0.6985231516576993,False
2026-03-13,0.9648986895641536,0.6210169749013288,0.7658527896042355,False
2026-03-16,0.5192312374788044,0.8030940396350951,0.8694042777378066,False
2026-03-17,0.4762216072448352,0.6788875666223216,0.7873275556219139,False
2026-03-18,0.6339650241656463,0.5746970696504325,0.6924026731951682,False
2026-03-19,0.7941963867606822,0.6208154512382427,0.8444705587186103,False
2026-03-20,1.05835571190587,0.7208646403788941,0.8584769851624634,False
2026-03-23,0.8969661695337651,0.8469850838217854,1.0429581002527324,False
2026-03-24,0.753141603763827,0.8481638124619831,0.9511938012049552,False
2026-03-25,0.6934150923523892,0.7870775151518298,0.8764517251072792,False
2026-03-26,0.8631631822535911,0.7465038360850969,0.7878800616698668,False
2026-03-27,0.6709132731493902,0.803134698554883,0.9810948495740432,False
2026-03-30,0.9451160084988416,0.7425971062385569,1.0897468711830562,False
2026-03-31,1.0017744825923156,0.816022101394264,1.0876684852912644,False
2026-04-01,0.5814707060973284,0.8919420681911546,1.0322728865639248,False
2026-04-02,1.100366225657452,0.7419249925120504,0.8737530089460054,False
2026-04-06,0.3459752427949526,0.8775355739902778,0.8845670244370122,False
2026-04-07,0.8900409738535583,0.6641995462046337,0.7166088400815053,False
2026-04-08,0.5883362650113552,0.7458128382786791,0.7229432291409841,False
2026-04-09,0.6152674226174659,0.6965807240093006,0.6659516471282606,False
2026-04-10,0.331091318201254,0.6583643004965654,0.6011311996700108,False
2026-04-13,0.6242438382819224,0.5192998918580254,0.5381993869673665,False
2026-04-14,0.3613327786635771,0.5961869049350249,0.5353903062916688,False
2026-04-15,0.4542549936946007,0.5187847188822119,0.4858190489608315,False
2026-04-16,0.4256066728429148,0.5040505131160274,0.456433392425392,False
2026-04-17,0.5602541611929595,0.4976138398534609,0.4413606183962345,False
2026-04-20,0.3764709881836221,0.5535039899906782,0.4391684229325399,False
2026-04-21,0.6707462444021243,0.4935339988885265,0.4266112810061031,False
2026-04-22,0.2665130200238019,0.5867540015184436,0.5300954465424929,False
2026-04-23,1.0034960125254149,0.4705341986088928,0.4420094987637406,False
2026-04-24,0.4655945071945735,0.7051800017599863,0.5823136220868018,False
2026-04-27,0.2801339868449036,0.6145326024221469,0.5085163638995699,False
2026-04-28,0.3608020359951472,0.460660585974939,0.3918627373150573,False
2026-04-29,0.3779054613445,0.4438393316244064,0.4389240307804626,False
2026-04-30,0.8548549889780769,0.4656172723467466,0.4324411021849124,False
2026-05-01,0.4274097005856903,0.6312277261940176,0.5208361410883341,False
2026-05-04,0.6786762863800408,0.5440522190066653,0.45130524409805,False
2026-05-05,0.3014596583039442,0.5900599553085781,0.4835347977659464,False
2026-05-06,0.4429546569561003,0.4847960278870813,0.3999638498208051,False
2026-05-07,0.5407095055895236,0.4828771079722557,0.3690727899387749,False
2026-05-08,0.2491079614127447,0.5217097871250442,0.4366696754805877,False
2026-05-11,0.3391111650088538,0.4212172505153665,0.3630047585686452,False
2026-05-12,0.6652728347934875,0.3918298454694779,0.3454899122428606,False
2026-05-13,0.7396375502154501,0.541663669543112,0.4275577817026051,False
2026-05-14,0.4217913699468041,0.6320225454589561,0.4522945826143432,False
2026-05-15,0.4767784698053797,0.5239287864354736,0.3737141333604203,False
2026-05-18,0.7635933068225705,0.5073052246709839,0.5026182497397015,False
2026-05-19,0.5823622264963989,0.6407770125144611,0.5501871436358706,False
2026-05-20,0.6061383221688195,0.6148281750530693,0.5945532865876618,False
2026-05-21,0.6652691018275041,0.5912233103269544,0.5512941369330387,False
2026-05-22,0.4193798941026753,0.6276801509431365,0.533121726020835,False
2026-05-26,0.351107527775045,0.5466107933978896,0.4591216120788878,False
2026-05-27,0.2959751251765493,0.4615159837719628,0.4052584308474111,False
2026-05-28,0.4249794977078316,0.4167247725447988,0.3813229575405717,False
2026-05-29,0.31331079489649,0.4467711965362734,0.389425170989819,False
2026-06-01,0.4518039622022046,0.4085957911381495,0.3682002471715327,False
2026-06-02,0.2691119298882286,0.4435852185904381,0.3712697871639393,False
2026-06-03,0.3686414468323407,0.3912591217767771,0.3301467086091072,False
2026-06-04,0.4915095773262097,0.4029169970501893,0.4096085294037783,False
2026-06-05,1.0874814271186717,0.4637435689851895,0.4246376349109209,False
2026-06-08,0.5865912353561794,0.7375372502856704,0.9636085199260068,False
2026-06-09,2.27362373883168,0.6542346963849323,0.8456436798994279,True
2026-06-10,1.062929004811369,1.291224089212626,1.1118445281360636,False
2026-06-11,1.298047352690494,1.1471886944067615,1.1219012145739775,True
2026-06-12,0.8952669961114305,1.096545388009578,0.963001091572814,False
2026-06-15,0.3902805882962596,0.9794175698171876,0.8407659730852589,False
2026-06-16,0.3890314948346545,0.7273242233270003,0.6334755797678236,False
2026-06-17,0.8734740759349279,0.5602053239564788,0.6551588977984464,False
2026-06-18,0.4054103160225569,0.7265272752760222,0.867096043944023,False
2026-06-22,0.6080558689070616,0.5854841534521846,0.7706948410594028,False
2026-06-23,0.7039959934144804,0.5747049637277589,0.7638313128841643,False
2026-06-24,0.8605954974924664,0.6549344412170764,0.9164333167387334,False
2026-06-25,0.8563993480060181,0.7492788924166071,0.8970690567948343,False
2026-06-26,1.941718543144972,0.773997042418828,0.8563847650391346,True
2026-06-29,0.8273581940919854,1.243947423448466,1.0937836991430494,False
2026-06-30,0.4990866891886327,1.0247140031368147,0.8892241869608936,False
2026-07-01,0.6662706563957514,0.7272686844662407,0.6536425678529169,False
2026-07-02,1.0471782238409817,0.7299013357187966,0.6407536709618027,False
2026-07-06,0.4218659603441208,0.9045488587070684,0.719969061349848,False
2026-07-07,0.5020106723400241,0.6685628989060842,0.619308798830849,False
2026-07-08,0.6037592714873607,0.5870143002743072,0.6040357646802069,False
2026-07-09,0.4819543660230109,0.6413360671064167,0.634883988099426,False
2026-07-10,0.6456375355898024,0.6009202921926833,0.5828806911485909,False
2026-07-13,0.4848300906070578,0.6223922197224683,0.5848155554701688,False
2026-07-14,0.4340317851993838,0.5818150199936641,0.622482017727747,False
2026-07-15,0.5031005605349189,0.5319212362912419,0.5585611572949903,False
2026-07-16,0.6067063038371544,0.5392507695057922,0.5375255240444136,False
2026-07-17,0.6084148386459318,0.591013874669533,0.6007013598936586,False
2026-07-20,0.5452924898308884,0.6070949754424434,0.6991309569140027,False
2026-07-21,0.4294972808081107,0.5885523482711261,0.6654905022554904,False
2026-07-22,0.3386388829562975,0.5344649803429758,0.5904789971352317,False
2026-07-23,0.6962312411038462,0.4760550302742467,0.5457696704940226,False
2026-07-24,0.6129850157062762,0.5949422268669438,0.7312764143628565,False
2026-07-27,0.7828178337575381,0.6195677284177831,0.7041174431136371,False
2026-07-28,0.6359929659160036,0.6781041970861205,0.6910113175673077,False
2026-07-29,0.9551610576454536,0.6598194089249969,0.6319004594997607,False
2026-07-30,0.5841923649665235,0.7745615014302775,0.8291794526032519,False
2026-07-31,1.0492868699097406,0.6837113865147536,0.7262454552330818,False
2026-08-03,0.617374120036902,0.8175009419469099,0.7362724877894712,False
2026-08-04,0.8114996800636305,0.7257602786400666,0.647897356207826,False
2026-08-05,0.4616131743300899,0.7362254400835229,0.6021186972688076,False
2026-08-06,0.3777475409347457,0.6176519617826817,0.5533274261883756,False
2026-08-07,0.3513251363623306,0.5238829800128627,0.496509736164597,False
2026-08-10,0.3117124874056134,0.4672367337971156,0.4694771293103129,False
2026-08-11,0.3789329154502255,0.4336013163353127,0.4491436983093267,False
2026-08-12,0.2789561126893304,0.4295965489726785,0.4873468581884591,False
2026-08-13,0.41380015670906,0.3942048311582423,0.4493964762962787,False
2026-08-14,0.2511896301007468,0.4287807109056978,0.442781308278985,False
2026-08-17,0.2693852029472821,0.3848878792720769,0.4282936149629781,False
2026-08-18,0.2148620460972195,0.3625577583908042,0.4525471623993045,False
2026-08-19,0.3871807046016969,0.3356747728343501,0.5022629899771882,False
2026-08-20,0.4941873625061496,0.3931245183864509,0.5010523601667486,False
2026-08-21,0.3386448697869806,0.461824299620697,0.6143980298356115,False
