date,actual_rv_fwd5,crisis,M1_h5,M2_h5_raw,M3_h5
2025-02-18,0.6156514271390158,False,0.44659230031074987,0.9355853007355706,0.5831534708205197
2025-02-19,0.7345618546543353,False,0.45247109016657616,0.8683071420031583,0.5605641405185171
2025-02-20,0.83060335356677,False,0.45411733481673044,0.8113618453911784,0.5368727093861034
2025-02-21,0.9216041458222927,False,0.49498474476801085,0.8240956163086807,0.5645429241724476
2025-02-24,1.1314172016391868,False,0.5589214875941233,0.7595742606658618,0.5676730766129126
2025-02-25,1.2576796891148694,True,0.5731399577211533,0.7366941760942769,0.5571451906286023
2025-02-26,1.3305578109245675,True,0.6845094836944088,0.6887111849864518,0.5850715302964705
2025-02-27,1.3687060931689619,True,0.7445149612863848,0.6414401019032665,0.5826873808321059
2025-02-28,1.4060844838543993,True,0.8003028612948198,0.6930312518226817,0.6235297860945209
2025-03-03,1.3934795038767085,True,0.873123308004021,1.0524481357342241,0.7967387892121304
2025-03-04,1.3723924680443518,True,1.0626773050280434,1.0736928291150485,0.8822128989277042
2025-03-05,1.3456311634882765,True,1.1313390272833346,1.0904761147493995,0.9090155754833853
2025-03-06,1.2869714687354923,True,1.0895744359236905,1.0017185840623364,0.844603805109223
2025-03-07,1.2923487072077993,True,1.0673262842898472,1.256099004417316,0.9342008313840994
2025-03-10,1.1343901958569154,False,1.1126746580743585,1.1499822334365717,0.9125508956514828
2025-03-11,0.9649077532424004,False,1.1724727193388298,1.4222069291090924,1.054995065750806
2025-03-12,0.9504935502955121,False,1.165139300171044,1.5234034534392533,1.0936873950440038
2025-03-13,0.9625843966446934,False,1.0804780287265583,1.37638289960006,0.994143711268184
2025-03-14,0.825277940235768,False,0.9920031476991256,1.6031004036256342,1.0488284578987321
2025-03-17,0.7677371600184673,False,1.0840648173107552,1.446803878782142,1.03598437365702
2025-03-18,0.709948594036718,False,0.9389609362937512,1.8511450394287863,1.13697876192371
2025-03-19,0.672017688526435,False,0.8055890700512485,1.8445577402287778,1.0864936908360985
2025-03-20,0.6272508848772576,False,0.8887095659119844,1.647594040920214,1.0542500246608668
2025-03-21,0.6679233533327353,False,0.9071378708212767,1.7159108566260346,1.087828799201105
2025-03-24,0.8496720122227117,False,0.7964792370913638,1.5752667988497573,0.9885188672782136
2025-03-25,1.0039982861229801,False,0.7154092500957344,1.446726105420478,0.9019236304855952
2025-03-26,1.0675785581263366,False,0.644738186644028,1.506794764078096,0.8961097393597532
2025-03-27,1.1405769740243314,False,0.7378657710513962,1.4208646994013123,0.9159901708233043
2025-03-28,1.3205208439582719,True,0.7320289444892899,1.32329834555691,0.8744510064147694
2025-03-31,2.140661868274835,True,0.7687850594991071,1.237929058661522,0.8558605553084515
2025-04-01,2.7036180908916236,True,0.9537502611342388,1.1182251645832313,0.8848015507535774
2025-04-02,3.20336989421333,True,0.9781382546386214,1.0223445790970302,0.8387422973215468
2025-04-03,3.613147989453032,True,0.9939606163065245,1.2020424796286642,0.9144212023170957
2025-04-04,3.6091879635189947,True,1.0039494382916399,1.151086152555758,0.8901998465283176
2025-04-07,2.7568053831798536,True,1.2094194534492677,1.4741962573847371,1.1107087903506019
2025-04-08,2.1339887308983334,True,2.3604757674744814,1.33913425924088,1.5741337787113732
2025-04-09,1.8446049588906384,True,2.4927708548046743,1.2334152581874038,1.5175775900427377
2025-04-10,1.4058817716853134,True,2.5110558974372896,1.127628010459253,1.4435033112890698
2025-04-11,1.3699771557023888,True,2.528439516139872,2.3395247115704123,1.901101801399388
2025-04-14,1.3353751328037493,True,2.19511912692834,3.232325812119533,2.0905951315177305
2025-04-15,1.4537801037172722,True,1.6949389982444263,2.8952119506878975,1.7924038392000003
2025-04-16,1.2185881165290988,True,1.3482349634031894,2.859710036006886,1.665473499506761
2025-04-17,1.1934322912492679,True,1.5510987535337222,2.580518972897321,1.6949157663772154
2025-04-21,1.0939916693058425,False,1.2300460940451559,3.1103161045081573,1.801688311635516
2025-04-22,1.00775533953779,False,1.2708838782359384,2.7109199026144504,1.6670083919444532
2025-04-23,1.0810545215769676,False,1.1898127003862682,2.430144050573268,1.5085626594532089
2025-04-24,1.0183256361267563,False,1.2683912661278762,2.2364488762006163,1.4560946652306355
2025-04-25,0.9943299141059182,False,1.1460897923641666,2.377463926705791,1.481797923763979
2025-04-28,0.8973818119307237,False,1.0672886327196303,2.1683027204630303,1.358949674381078
2025-04-29,0.9295279107121521,False,1.0774735803872562,2.367658480739364,1.4623506691262156
2025-04-30,0.7718035912179034,False,0.9666258166820221,2.103955487372483,1.3040464073896312
2025-05-01,0.8361409455994909,False,1.2118242538115125,1.8991274542300445,1.3385810798182507
2025-05-02,0.8017275667118634,False,1.0435764590608412,1.7006741124431581,1.1697681081684588
2025-05-05,0.8210424948350514,False,0.9538376287336101,1.5552550872815911,1.0702027154495415
2025-05-06,0.7926826059958937,False,0.8926801168075326,1.3909707760731411,0.9815689730963535
2025-05-07,0.6801443983206841,False,0.9352664340046384,1.2824435369411495,0.9538970365146637
2025-05-08,0.5609636110943422,False,0.9303247355104016,1.19617533821449,0.9334027444136986
2025-05-09,0.560372345518868,False,0.9549881048218155,1.0956099153411885,0.8884470770043
2025-05-12,0.5258882809565602,False,0.8107768109145922,0.9981278229673529,0.7723241397593108
2025-05-13,0.5003052084366144,False,0.7953034180249307,1.065142677948393,0.788598057677503
2025-05-14,0.6480989665107106,False,0.7696383316420924,1.1429471539467184,0.8073823781653774
2025-05-15,0.6780135552396731,False,0.6662854918400573,1.0430822019259256,0.7250391880326661
2025-05-16,0.7057040939682713,False,0.6195989657221107,0.9687949749775076,0.6853863944419021
2025-05-19,0.8909286601660046,False,0.6373920636801192,0.919152291959122,0.6748339441757121
2025-05-20,0.8973326705700476,False,0.6183480376721608,0.847643757531541,0.6366395687968917
2025-05-21,0.8257140985953827,False,0.6062817300230317,0.7761655654298881,0.6031113909592251
2025-05-22,0.8896674260621202,False,0.7866310974947947,0.7376956937024977,0.6588404133929798
2025-05-23,0.9072681660804787,False,0.7194160488194009,0.6906337976727158,0.5970136351197239
2025-05-27,0.7114535247278794,False,0.695607356712958,0.6623425743361905,0.5699327538654051
2025-05-28,0.6530376601395933,False,0.9332611758626381,0.6076459991754701,0.6443027196780545
2025-05-29,0.6571192861439563,False,0.7872254936935899,0.6448575625822718,0.5802667589887982
2025-05-30,0.5605607828573246,False,0.750582369801603,1.041146863507828,0.7416328535456785
2025-06-02,0.4720358995542465,False,0.8233967567434982,0.9522780125835443,0.7324221085604729
2025-06-03,0.4598452118559275,False,0.7918467641664461,1.0142740629942544,0.7377095492218256
2025-06-04,0.5284598245599155,False,0.6547765485453806,0.9368232889799648,0.6616008245472746
2025-06-05,0.42810500031471727,False,0.5657148906848013,1.0108448907506828,0.6554013065681857
2025-06-06,0.4820904297932332,False,0.6757873391583095,0.9166996894785807,0.6730276227453037
2025-06-09,0.5044578918573925,False,0.6060278044796746,0.8959455592535039,0.6388981882901743
2025-06-10,0.5238685105078202,False,0.5180672894521978,0.817183881332757,0.5728502257406333
2025-06-11,0.5112796703206017,False,0.5213659779914537,0.76206461780843,0.5524949183794906
2025-06-12,0.5798520321009542,False,0.5925071430442761,0.72856160233154,0.5653110941349703
2025-06-13,0.60814192336344,False,0.5062515479110017,0.7916661272337754,0.5599041791904813
2025-06-16,0.6113761507972634,False,0.5962325990561455,0.7268859609390457,0.5728464788430332
2025-06-17,0.5772478432911041,False,0.5663468933853413,0.6837414830495965,0.5344897787821308
2025-06-18,0.5369806215175408,False,0.5685994887035284,0.6537737733311639,0.5206744727785951
2025-06-20,0.5271694843687282,False,0.578354440266495,0.6788391511073635,0.5379209018473203
2025-06-23,0.44699053094582675,False,0.6252846610426539,0.6291877648909504,0.5315215185604837
2025-06-24,0.4275804333736697,False,0.6939433415941332,0.8536200121964004,0.6586435821873239
2025-06-25,0.4188396567947623,False,0.6102146108676363,0.7945155242159977,0.5877036547746836
2025-06-26,0.4143687821077052,False,0.5430798308456463,0.9211391609459472,0.6125268587751307
2025-06-27,0.42266641800086246,False,0.5215634561378292,0.8704338579101896,0.585477472713769
2025-06-30,0.3827715306295714,False,0.5709342372036003,0.8769415799140017,0.6141998871246159
2025-07-01,0.39411798444993634,False,0.5365091480482553,0.8156468028087224,0.5806657288611299
2025-07-02,0.41438265626064147,False,0.4908250707308059,0.756697063582728,0.5344814478235457
2025-07-03,0.42238855062489755,False,0.4630686087182779,0.706043947140939,0.4993175946557886
2025-07-07,0.36147808934480974,False,0.4599691206806671,0.6506753081319657,0.4744172210391937
2025-07-08,0.3820144167564799,False,0.5379446519608763,0.6223341827023813,0.501966521904109
2025-07-09,0.4511429573115865,False,0.4660511386526663,0.5795135060045542,0.4508837742678649
2025-07-10,0.4320809645307075,False,0.4697689528312254,0.5786923115682912,0.4516407744276472
2025-07-11,0.4172114873241718,False,0.48370268880675754,0.5350082574312471,0.43687768865045584
2025-07-14,0.42028996959530385,False,0.47710098219974684,0.5148779105938166,0.42382661049635373
2025-07-15,0.42390971379266196,False,0.4505992290206183,0.6652910941859033,0.48264100370257135
2025-07-16,0.35774425695986906,False,0.4613042224481266,0.6370461697685023,0.47305165708205665
2025-07-17,0.34358693369792837,False,0.5730883176814152,0.6092333749002945,0.5100676877588501
2025-07-18,0.33150588750162596,False,0.4910752866281584,0.5672273213903544,0.450279200909772
2025-07-21,0.31417976957647964,False,0.44800998970070216,0.6178266925198096,0.452878411235227
2025-07-22,0.3095466430147965,False,0.46141773134464664,0.5820031300685191,0.4439555484757823
2025-07-23,0.357796212953967,False,0.47504144479666177,0.6661749938066762,0.4861082772232477
2025-07-24,0.451364721281539,False,0.46376720888798556,0.6083807931330714,0.46462582296741917
2025-07-25,0.5363580133887635,False,0.4147601330709452,0.580917138597201,0.428471749241391
2025-07-28,0.5472254825327296,False,0.39410893803524155,0.5727286165140381,0.4163271999453315
2025-07-29,0.5720730776460738,False,0.3970024554214652,0.5448224633513521,0.40832437051854686
2025-07-30,0.5319187242775386,False,0.42191251200814717,0.5225928958318574,0.41235482271783797
2025-07-31,0.5478472062960646,False,0.5106233003226062,0.4995365281534476,0.4414793417903382
2025-08-01,0.47830087559237916,False,0.5701293511793513,0.4784373914354976,0.4492375055257879
2025-08-04,0.5033250560152818,False,0.5886093924376801,0.44449196976062116,0.43234481809368625
2025-08-05,0.5067247428453291,False,0.5133481676184135,0.4546872102522963,0.3961312059215618
2025-08-06,0.4900918525074177,False,0.5362250520627552,0.5005220939031845,0.42544642641527075
2025-08-07,0.3913539700557108,False,0.5290543598525987,0.5082107733713673,0.4299567148678425
2025-08-08,0.39037443069345795,False,0.6072813989136434,0.5745030299454322,0.4975274700804464
2025-08-11,0.33907946410566936,False,0.5018895537655652,0.9507020184825834,0.6123051648200706
2025-08-12,0.3421873256789822,False,0.5062504440296326,0.8944423730731833,0.5886324686341573
2025-08-13,0.4121656079185369,False,0.5333165995812488,0.9278425663227925,0.6162226354893129
2025-08-14,0.4448454400356284,False,0.5038901431847502,0.8577190265817635,0.5731248048319855
2025-08-15,0.5257265970251439,False,0.4440781092317773,0.8372643844770741,0.5477923871144453
2025-08-18,0.543626812199507,False,0.4363541936234669,0.7814709571511892,0.5197881221597334
2025-08-19,0.5023559098003417,False,0.39624886133438797,0.7783282924810538,0.5040305484987813
2025-08-20,0.4063305906231133,False,0.4667337359440727,0.7238453517449136,0.5179325733405602
2025-08-21,0.39941859499605753,False,0.5607036475059333,0.6789966098453963,0.5371633172115173
2025-08-22,0.34937359994965916,False,0.5228572107374667,0.6415529802592556,0.49615296783261154
2025-08-25,0.403510840369086,False,0.5850002311960061,0.6699572204403328,0.5304424848804109
2025-08-26,0.4184092473762556,False,0.5132412858065947,0.6518120536281836,0.48186230230602517
2025-08-27,0.45151159228318505,False,0.47954974775657466,0.7208687195797066,0.5012199829504371
2025-08-28,0.5430766469067221,False,0.43848478571261046,0.7369610990141607,0.500239910809811
2025-08-29,0.5079968989829807,False,0.4695103843391234,0.7836973125771503,0.5376069076050238
2025-09-02,0.4717727731370819,False,0.474111513036047,0.7324335382090487,0.5245044725497884
2025-09-03,0.4724378090343295,False,0.5133486979223598,0.7768391338062244,0.5557439935039965
2025-09-04,0.466893767000259,False,0.48768665458769755,0.7224061158922898,0.5163749727083855
2025-09-05,0.3381916347647755,False,0.49116646863928537,0.6796035043223821,0.49594212605433885
2025-09-08,0.30888579501713126,False,0.6261422537828161,0.6829444129714294,0.5551062723118662
2025-09-09,0.28153650542838454,False,0.5137258836441958,0.7329869183508682,0.5208273119458084
2025-09-10,0.35964500438238656,False,0.4766129788852095,0.8555172724309477,0.5603344116161253
2025-09-11,0.3794720722253485,False,0.4905988219120134,0.7923280542999331,0.5404779577193023
2025-09-12,0.41756843121238985,False,0.4883257181894704,0.7245734915168371,0.5111046457622218
2025-09-15,0.45591750359052474,False,0.41276570093721654,0.748879649129864,0.5001278659164833
2025-09-16,0.5016271332610116,False,0.3684200553874156,0.6993899999474015,0.46038188457044793
2025-09-17,0.42684091693329956,False,0.3754169705370058,0.6574448541878749,0.45041311514546567
2025-09-18,0.43609795374717014,False,0.534057278981721,0.6282366749086821,0.5098968776320781
2025-09-19,0.43645233143832396,False,0.5148444518868414,0.5815412477091104,0.4755162278188041
2025-09-22,0.4424047199655746,False,0.4884328823868866,0.5769713829428784,0.4553231308305551
2025-09-23,0.43756865035671455,False,0.4697913823536531,0.542097030485903,0.42496090236133444
2025-09-24,0.4443377044425808,False,0.5069684490649101,0.5526675352838695,0.4426899935307316
2025-09-25,0.413553257787363,False,0.48257872183921746,0.553670738841501,0.44018082419991234
2025-09-26,0.4219828657493269,False,0.5104037803617518,0.5320016487510577,0.44468637281653384
2025-09-29,0.4144976755716693,False,0.4953812712840769,0.49508163218881374,0.420802098879918
2025-09-30,0.41868603923254477,False,0.4739918675757419,0.47388030279857024,0.4003275037378732
2025-10-01,0.38777572682532974,False,0.4863662696815541,0.5862153165253557,0.45552438315262034
2025-10-02,0.40038738795789974,False,0.4969737108542002,0.6224104495121319,0.4751586633123387
2025-10-03,0.5781678133374435,False,0.47193980362137133,0.6918797533203491,0.4957583833930993
2025-10-06,0.6191394526703918,False,0.48945403665644344,0.6489918619037358,0.4858142648733659
2025-10-07,0.7806976325933991,False,0.45916255908963455,0.6163435241646079,0.4567384016719029
2025-10-08,0.9594071744086188,False,0.47832870744637557,0.5841873991930339,0.45245074227356485
2025-10-09,1.0886992388879715,False,0.4427774891043631,0.5438337368304333,0.42066065452438856
2025-10-10,0.9511041759333718,False,0.46836030173347726,0.5204264387887907,0.4229664398980382
2025-10-13,0.9194524584847615,False,0.7441308074093719,0.5012281182339665,0.5340151803827583
2025-10-14,0.7285917726231534,False,0.6361589918231032,0.4811737893941782,0.4600639617760521
2025-10-15,0.6571000864705414,False,0.7974371556270237,0.558353428269909,0.5584471951888904
2025-10-16,0.5169176599467336,False,0.8944058552383649,0.5114610959415214,0.5622047930342674
2025-10-17,0.4395776932073286,False,0.9105033829510217,0.5491897755600051,0.5716153276777649
2025-10-20,0.4200263761902188,False,0.7672008136269858,1.3837987139320589,0.8703968985024002
2025-10-21,0.4406966560304618,False,0.6575280417565024,1.254081144669741,0.7638772799890063
2025-10-22,0.41238111258351395,False,0.5669425845861413,1.1979381779245077,0.7208615826510107
2025-10-23,0.4363206135165757,False,0.6625816167653085,1.089775538249288,0.7360792818039561
2025-10-24,0.48750091412837326,False,0.5596803914552864,1.1544319894722495,0.7277131169055163
2025-10-27,0.5471942179985652,False,0.4793494937252963,1.061816911296125,0.6588590920692742
2025-10-28,0.5743858855058525,False,0.4603777063759227,0.9741979844543991,0.6146030903354366
2025-10-29,0.5669189103700589,False,0.49895603373054087,0.9006069091988543,0.6006722982881223
2025-10-30,0.6064833397798155,False,0.5656627177897432,0.9476260219023664,0.6594522242031526
2025-10-31,0.6999070851528889,False,0.5525804899101513,0.8976808532406965,0.627123266134074
2025-11-03,0.7138206320989913,False,0.5613504154624,0.8148616533116838,0.5900506191004804
2025-11-04,0.6863101162468381,False,0.5884297202595525,0.7569143276073703,0.5712635119755402
2025-11-05,0.6340823909276776,False,0.5961398242030451,0.7090727717129373,0.5511415841721486
2025-11-06,0.6425359227485323,False,0.617959108825741,0.6741584485919782,0.5493000645794567
2025-11-07,0.6725346291053,False,0.6508967263536859,0.8755893630931016,0.6462683731421549
2025-11-10,0.7774117979908304,False,0.7544488821604065,0.8174498520299647,0.6631901332095997
2025-11-11,0.8883302253450704,False,0.6985198616212334,0.7667468219174183,0.6096230925774162
2025-11-12,0.9892387794402004,False,0.6069251879493364,0.9641900229379334,0.6494524854468704
2025-11-13,1.1677612889868692,True,0.5692166302727583,0.8923080311070913,0.6073123806250443
2025-11-14,1.2208795549514382,True,0.6467480540294717,1.0643762904080407,0.7190426183995339
2025-11-17,1.128506907900652,False,0.773147846287731,0.9768522704482396,0.7421404682898868
2025-11-18,1.1513062630296063,False,0.8348130260394646,0.8991681821941,0.7246855062060285
2025-11-19,1.0680674523967941,False,0.8263729006514877,0.843559079789399,0.6807414607378084
2025-11-20,0.7858705105894865,False,0.8286649842442106,0.7931832850121452,0.6471325163967963
2025-11-21,0.5852015646364699,False,1.053002872393831,1.1122526141271323,0.8772657028405639
2025-11-24,0.5379304363632619,False,1.0777486735052715,1.0360612306069696,0.8479462122074739
2025-11-25,0.41023337030913465,False,0.8735177539026024,1.1437349087022153,0.8012822508501949
2025-11-26,0.39532763058786136,False,0.9198176941913041,1.2118018364315488,0.8550572383784187
2025-11-28,0.4268736482557788,False,0.78944945581675,1.125137325706611,0.7604643064541184
2025-12-01,0.43273870805629266,False,0.6058852074337493,1.3541086036563235,0.8048625937208037
2025-12-02,0.3977042131198997,False,0.5698731362355149,1.2465626990584038,0.7697414900760216
2025-12-03,0.43736522645582293,False,0.5795997073578023,1.13138187038993,0.7317575687285731
2025-12-04,0.48213569221639013,False,0.541791683780996,1.0368029253156554,0.6897631689630674
2025-12-05,0.5673676354649797,False,0.5261527108287749,0.9502689192678819,0.6466084602460279
2025-12-08,0.5768021017152186,False,0.5272875364922329,0.8896280505368415,0.61666346004052
2025-12-09,0.6460070194544235,False,0.539355661778002,0.9239144159255597,0.6366062348449704
2025-12-10,0.6306084602803942,False,0.494127925885833,0.8619747617569893,0.5907402311043595
2025-12-11,0.624156128428204,False,0.5718589856085388,0.7966237066537496,0.5980479986066898
2025-12-12,0.5229593190809344,False,0.607924852839687,0.7557364574492531,0.5916832318061398
2025-12-15,0.5209589970093809,False,0.6762892931416715,0.6909092716601412,0.5880685574244987
2025-12-16,0.44495769433085525,False,0.6209041381803447,0.7276233275754176,0.5727223548381566
2025-12-17,0.37507409666307073,False,0.6475378318751087,0.708933882367672,0.5700537874101086
2025-12-18,0.30359607445100656,False,0.6342177036224266,0.6675023326576541,0.5462981286606594
2025-12-19,0.3053017398583117,False,0.6302522214239563,0.6281061214209692,0.5277443464149936
2025-12-22,0.24780283282823107,False,0.5334671923012936,0.8371776584903141,0.5806454493709069
2025-12-23,0.2648546558088465,False,0.548140588663649,0.8109040577022126,0.5777942803519784
2025-12-24,0.3591899120202153,False,0.47664027662432074,0.823686904497752,0.5545486357595111
2025-12-26,0.36955765190903234,False,0.42269021602053203,1.01288673552849,0.6168980370974525
2025-12-29,0.3668251574992354,False,0.40162595060183737,0.9237841847716343,0.5776788960990298
2025-12-30,0.4093249689010093,False,0.41574988236897614,0.8607699087358455,0.5566637279753552
2025-12-31,0.4042348078741925,False,0.3756936436953116,0.8064983453466038,0.5202440471530788
2026-01-02,0.37475926439180973,False,0.4043187063359207,0.7482883904928077,0.5083149631911464
2026-01-05,0.3928954513606177,False,0.5234616014811249,0.7116352642666967,0.540881105848082
2026-01-06,0.4230971990774841,False,0.46097179798903487,0.6630035366138083,0.48438813418222204
2026-01-07,0.45669368903851576,False,0.43225299233715514,0.7117291654857429,0.49188193384852935
2026-01-08,0.46846465824275896,False,0.46912078693851156,0.6915992904847869,0.4962392413090001
2026-01-09,0.4363409362103118,False,0.45287941781463004,0.8104603056885624,0.5389807281524963
2026-01-12,0.5138792400751835,False,0.49025993631051734,0.7571931723269814,0.540473013355851
2026-01-13,0.6152506174174925,False,0.4770052755667384,0.7122630911092103,0.5109456184550452
2026-01-14,0.5841893228215111,False,0.4887280851710664,0.6784386265016696,0.49844082938103984
2026-01-15,0.584911730572791,False,0.5310333298061993,0.7079801699934081,0.5279507714079412
2026-01-16,0.5841264503094241,False,0.4932479005887985,0.6687787520891827,0.48863565240596746
2026-01-20,0.48497567104606676,False,0.46963511329310625,0.6201207670393771,0.4606078013628896
2026-01-21,0.36572828728824713,False,0.5819153061909905,0.5891973870148604,0.4951334011829522
2026-01-22,0.5275294628670929,False,0.6862209129630155,0.60572752599159,0.5413194696557393
2026-01-23,0.5971544522031429,False,0.567521243802054,0.6912192590323081,0.5192310106933349
2026-01-26,0.6330341749209067,False,0.5171015328982318,0.6552967497139294,0.47918424934041026
2026-01-27,0.8137138389214147,False,0.5131408918560058,0.6338381891791159,0.46804374363985196
2026-01-28,0.924901474498245,False,0.46206855373452754,1.1249998398101688,0.6663543778350324
2026-01-29,0.8308484403775018,False,0.4425417200751748,1.0429813151040788,0.6389974643299519
2026-01-30,0.8535644869958556,False,0.6994615599715821,0.9581565695138823,0.7149023758045626
2026-02-02,0.872213232360124,False,0.6711089839565153,0.8894249377919456,0.6578025618628097
2026-02-03,0.7215708019124066,False,0.6081355633366226,0.8390353822043888,0.6000575519991422
2026-02-04,0.6783746505453682,False,0.7944852633982229,0.7655812285090013,0.6416624677157006
2026-02-05,0.7254139115450067,False,0.8157214240007153,0.738291123627886,0.6229227373356353
2026-02-06,0.7392321688113621,False,0.7368283825861425,0.748356504468043,0.6010808355863321
2026-02-09,0.7925453525088155,False,0.7524110732919395,0.7542697573482237,0.6097226389150024
2026-02-10,0.8306395338505951,False,0.7226714796276783,0.6999561970471628,0.5681082709150974
2026-02-11,0.7839652324234276,False,0.6157073439302447,0.8427417911055166,0.5960179740736201
2026-02-12,0.6977588333464184,False,0.6518545885245695,0.8906102975513772,0.6428914085232219
2026-02-13,0.688609627068996,False,0.7567845374360498,1.0932784905342177,0.7778519277912913
2026-02-17,0.6461497773724763,False,0.7651351068211535,1.003715793281946,0.7413847978732874
2026-02-18,0.5725925336681613,False,0.7784773193954339,0.9239333678378037,0.7071162572440312
2026-02-19,0.646797297060837,False,0.723939556900228,0.91405815116746,0.6694066402163587
2026-02-20,0.6274041208581826,False,0.6564939627904078,0.8612971209428594,0.6191690452296802
2026-02-23,0.623890701488869,False,0.6408388679329193,1.138611611959338,0.7421745454955136
2026-02-24,0.7355114053022853,False,0.7112481788412051,1.0699522413200775,0.7509112481820746
2026-02-25,0.826333964399786,False,0.6879930723858572,0.975368995105168,0.7038072881747174
2026-02-26,0.8627520729245998,False,0.5509872616061993,0.9162680317705669,0.6173195370856274
2026-02-27,0.9006758593590931,False,0.6765602927482293,0.9184412661702577,0.6757739528591589
2026-03-02,1.0286647048255104,False,0.6318009493123443,0.8307300464720744,0.6157976012624238
2026-03-03,0.9544591194870826,False,0.691185924107808,0.998306701187408,0.721067655757336
2026-03-04,0.9525548797220832,False,0.8462817496570849,0.9238184082960075,0.7536434188349378
2026-03-05,0.8240284701064933,False,0.7760835549842877,0.8475766081156804,0.6693691130517118
2026-03-06,0.8849219974404001,False,0.8215119033938088,0.9183030130704244,0.7206636891818097
2026-03-09,0.6917662670014832,False,0.7691796253991428,0.9459781417163274,0.6976305500685623
2026-03-10,0.6081789603026361,False,0.9691955044994418,0.8856637420828518,0.7606623079999676
2026-03-11,0.595998719927582,False,0.8766069702469927,0.9968320115262038,0.7675819474542501
2026-03-12,0.6777025890428252,False,0.785749249669389,0.9347212760967449,0.6951138999997427
2026-03-13,0.6963939935111685,False,0.6623130959703976,0.9714745673568703,0.6647305583888136
2026-03-16,0.7719409799221607,False,0.7918492992065522,1.1719406840720699,0.8115449256204458
2026-03-17,0.8273249792259589,False,0.6777469800570559,1.068900010325251,0.7333459698900444
2026-03-18,0.8392149928633076,False,0.6071675995044628,1.0383203851169562,0.6960270235662821
2026-03-19,0.8530083519618884,False,0.634243812936601,1.0102140250231488,0.699888088863574
2026-03-20,0.7755198642105925,False,0.7047475142195001,1.2464480894404564,0.8267853676231077
2026-03-23,0.7851498320036078,False,0.7849984451202802,1.2588513671543886,0.8717735850677429
2026-03-24,0.8348764077693055,False,0.7926997734171497,1.1283571449375738,0.8083416835387368
2026-03-25,0.8124875305182935,False,0.7652117307836703,1.0579362308994973,0.7561842613288076
2026-03-26,0.8599281391990656,False,0.7430987845205762,1.2528506140897007,0.8267261522096797
2026-03-27,0.7949405331281781,False,0.7821119193762855,1.1986607958027256,0.8224256784511982
2026-03-30,0.7839255261991214,False,0.7324579238058231,1.3911249223495274,0.8901624420911899
2026-03-31,0.7012378826829293,False,0.7836225306600729,1.277536132860398,0.8677522947906006
2026-04-01,0.7079972259869568,False,0.8348914715868099,1.2301881185845969,0.8669403925116403
2026-04-02,0.5541422444957173,False,0.7357444003330827,1.1445263957137932,0.7805489968264385
2026-04-06,0.6097959635931112,False,0.8340142203397009,1.395381148292265,0.9344197029691502
2026-04-07,0.5040543245551149,False,0.6809600687252447,1.6150446745946714,0.9552943834711921
2026-04-08,0.47723807029176407,False,0.7436857218381353,1.5486031712158883,0.9638303605732
2026-04-09,0.4393059203368538,False,0.6920143909497978,1.3666670435786854,0.8686752983372718
2026-04-10,0.4851384889351949,False,0.6710781637932242,1.256444255151863,0.8092414174973984
2026-04-13,0.4355839189155349,False,0.5610510461616547,1.153089638213355,0.7285567942115148
2026-04-14,0.4974666120632443,False,0.6214266485493155,1.0877046271786335,0.7250545486796186
2026-04-15,0.45991821732908456,False,0.5536695707823888,0.9909126010962094,0.6622261088380447
2026-04-16,0.5754960852655845,False,0.543712954160877,0.9097038303717888,0.6262843840977869
2026-04-17,0.5565641544659073,False,0.5327158031795035,0.8330292029900985,0.5927029444600588
2026-04-20,0.5372967541981637,False,0.5746408962932079,0.8050936440893846,0.596322938522713
2026-04-21,0.4753079125167682,False,0.5270390067891643,0.7537795368178142,0.554671271370981
2026-04-22,0.4975864007809078,False,0.5964430206991398,0.6992392529912728,0.5597694061641547
2026-04-23,0.46785819607144025,False,0.5104977657095229,0.6485862181036834,0.49602277837829734
2026-04-24,0.4602212347496636,False,0.680451941050938,0.6087206147614157,0.5540803500803647
2026-04-27,0.5399296946566909,False,0.6063684044080841,0.5756042019895986,0.5005492552996795
2026-04-28,0.5280612191184505,False,0.5157063185305295,0.5905320211892302,0.46269501120725887
2026-04-29,0.5410710582407705,False,0.4988309644168365,0.7026209947541714,0.5106985152915262
2026-04-30,0.4782419615630598,False,0.5128467516469355,0.6688266934096173,0.49990082287365867
2026-05-01,0.4425816137284707,False,0.6129240730293217,0.6923227000451179,0.5674789042383759
2026-05-04,0.3746685894542333,False,0.5454531382048768,0.6583175045954931,0.5159628067045594
2026-05-05,0.447431224752142,False,0.5936034124662287,0.6123014228281887,0.5117818982765929
2026-05-06,0.506767803404012,False,0.5177630070972148,0.6970775649282033,0.5076375064461552
2026-05-07,0.4829841762754681,False,0.5259789872215603,0.6683078660866075,0.4991366000518291
2026-05-08,0.5285182779539951,False,0.538299976903475,0.6270423799883833,0.49644397805698703
2026-05-11,0.6134147063167383,False,0.4670451417709842,0.583685757360219,0.44448479654204465
2026-05-12,0.5968325846573206,False,0.4443574702682899,0.6374130289546655,0.4659134112766439
2026-05-13,0.5701327390479946,False,0.5479113888065892,0.6025047019603943,0.4956246949655668
2026-05-14,0.6188282854241345,False,0.6067374786913098,0.5617428774431464,0.4999678201922179
2026-05-15,0.6073485702835937,False,0.534129500693191,0.6002991658146452,0.4810415307614465
2026-05-18,0.5248514144740886,False,0.5358574851717328,0.5711274369429546,0.46388065517216015
2026-05-19,0.46757399421011864,False,0.6313544057996126,0.5333374832291838,0.48640699598740217
2026-05-20,0.4313422293179211,False,0.6070746058289775,0.5538615715264468,0.48321700098410064
2026-05-21,0.36095056793171826,False,0.5930137401553613,0.5236345269676326,0.4673607805592593
2026-05-22,0.36743538155162414,False,0.6219049607040943,0.48948765851456477,0.4607226815007281
2026-05-26,0.3510362619742608,False,0.5687593263147628,0.7719431026143031,0.5559488798745533
2026-05-27,0.3655695263054191,False,0.5067315585098897,0.7391354309859336,0.5211376255732272
2026-05-28,0.3788755422290947,False,0.47168142331186613,0.8308998973186001,0.5506379002860903
2026-05-29,0.5337096686735311,False,0.487436689709516,0.787124024617688,0.5458399911897681
2026-06-01,0.5606671233043261,False,0.4515678484125359,0.7183810050865053,0.5070449229774785
2026-06-02,0.9615694850930163,False,0.47683599363035223,0.6768841593091708,0.5020619067629689
2026-06-03,1.1004269966888223,False,0.436997129405218,0.6351707465943928,0.4643047554508052
2026-06-04,1.2617345517616791,True,0.4494722963887828,0.6138324853296192,0.4600963510095306
2026-06-05,1.2232916655602306,True,0.48700345661628514,0.5849724585241144,0.46525956657299383
2026-06-08,1.1840295361482467,True,0.6803404349481916,0.5471736163491895,0.529466409109686
2026-06-09,0.8071110873488415,False,0.6206679421841514,0.5182128130881434,0.47935877174127917
2026-06-10,0.7692201015735532,False,1.0902535281775216,0.49700069257356805,0.6643646295112409
2026-06-11,0.590692694239966,False,0.9888263943068307,0.6335501280885458,0.6439770727598157
2026-06-12,0.5332504687990921,False,1.0042457041626784,0.5904731666658262,0.6140039148250042
2026-06-15,0.5959935498227363,False,0.9217983493409978,1.301104682977306,0.882025364868074
2026-06-16,0.6903063503542987,False,0.7640982154128368,1.1929071471938126,0.7577897311845365
2026-06-17,0.6868914047685168,False,0.6188380312148121,1.1549267459930161,0.721426979881105
2026-06-18,0.9941530501929996,False,0.720157929360719,1.368411848787843,0.8737538384983541
2026-06-22,1.0380135152299845,False,0.597884392358798,1.2504936283972543,0.7824719166972447
2026-06-23,0.9970316543848149,False,0.5930460569039313,1.1559486474668983,0.7493765851599474
2026-06-24,0.958166686165472,False,0.6480339195347187,1.083270048626496,0.7370754806581261
2026-06-25,0.9963224613324645,False,0.7184565622163555,1.0945368064583625,0.7651970238535922
2026-06-26,0.6923519447722943,False,0.7313731108469445,1.2663358720606273,0.8469164479743212
2026-06-29,0.6272824404219021,False,1.0742356878814756,1.1521733963157024,0.9357559663958713
2026-06-30,0.6482169568816477,False,0.919442834343024,1.1493593316863833,0.8411801082582817
2026-07-01,0.6113536988070996,False,0.7522868809180687,1.328662779474635,0.8401160461410111
2026-07-02,0.5310455611568639,False,0.7574551099759053,1.2323370526924902,0.808501146745166
2026-07-06,0.5436383872094511,False,0.8708587045687067,1.1518965256532943,0.8283423040863818
2026-07-07,0.5300426097813231,False,0.6734604306134075,1.1852889039236925,0.7816899992930877
2026-07-08,0.5099108675908347,False,0.6280737664609111,1.1074443691207356,0.7359825897760857
2026-07-09,0.5348612551536635,False,0.6636602290353687,1.0120447773460886,0.7102387503456719
2026-07-10,0.5274167157648894,False,0.6287750681468529,0.9745252439481833,0.679983758049061
2026-07-13,0.5395091956096555,False,0.6344909232560835,0.9338107088173382,0.6780278061872502
2026-07-14,0.5386022947314009,False,0.6004479213852472,0.871050112210745,0.6286508571931277
2026-07-15,0.5057099592156766,False,0.5685911434087108,0.9094868853808167,0.6304806778698787
2026-07-16,0.5236149466690149,False,0.5687753558639241,0.9091673712192343,0.6330746327365251
2026-07-17,0.5245289820810838,False,0.6020894136155728,0.8607364276072387,0.6256311290122687
2026-07-20,0.5720340508664138,False,0.609651549431725,0.7946462416623414,0.601879826742578
2026-07-21,0.6133331878879923,False,0.6001310662143531,0.896297651293142,0.6391884112655357
2026-07-22,0.7366376228258236,False,0.5658728959468198,0.8391345900403948,0.5968603352030957
2026-07-23,0.7142298475983591,False,0.5271357642142704,0.7888020668678989,0.5596539344847559
2026-07-24,0.8014902184390518,False,0.6066430422764584,0.8414816832613303,0.6225372341314582
2026-07-27,0.7684014756949247,False,0.6140023968981654,0.9760370584227435,0.6839197580324251
2026-07-28,0.8035028185244502,False,0.6587202064695425,0.9665634696668963,0.6964496025759843
2026-07-29,0.7047932418613774,False,0.6480470297473429,0.8818820902933062,0.6465456034532159
2026-07-30,0.6635042770550218,False,0.7358688572656684,0.8606633283156337,0.6646797658143344
2026-07-31,0.5239119303455397,False,0.6678741661468239,1.0671160351451041,0.7212880061653192
2026-08-03,0.46277960381928207,False,0.7736089502767035,0.9786591153435733,0.7270104175856352
2026-08-04,0.3762662508966011,False,0.7012240748970031,0.9068012993943206,0.6604294983847977
2026-08-05,0.33973483856844916,False,0.7208676756178269,0.8544971475324348,0.6439510119385116
2026-08-06,0.34694536172331203,False,0.6292708865008037,1.1108817291692703,0.7222860763977895
2026-08-07,0.3269182604709953,False,0.5719489698222417,1.033306564428307,0.6653926100236364
2026-08-10,0.31845280357932904,False,0.5190240209994457,0.9625569569818346,0.6276759127038977
2026-08-11,0.2856386297087278,False,0.48983676350387684,0.8876450464047521,0.5886156800443737
2026-08-12,0.3072835480912011,False,0.4759593699266526,0.806355546795943,0.5586897321528034
2026-08-13,0.323360989250619,False,0.44669117928559354,0.8044749645328997,0.5475077362611375
2026-08-14,0.3408520371878658,False,0.4715117267786485,0.7984187279164429,0.5572463594140568
